"product_id","product_name","category","discounted_price","actual_price","discount_percentage","rating","rating_count","review_title"
"B07JW9H4J1","Wayona Nylon Braided USB to Lightning Fast Charging and Data Sync Cable Compatible for iPhone 13, 12,11, X, 8, 7, 6, 5, iPad Air, Pro, Mini (3 FT Pack of 1, Grey)","Computers&Accessories|Accessories&Peripherals|Cables&Accessories|Cables|USBCables",396,1099,0.64,4.2,24269,"Satisfied,Charging is really fast,Value for money,Product review,Good quality,Good product,Good Product,As of now seems good"
"B098NS6PVG","Ambrane Unbreakable 60W / 3A Fast Charging 1.5m Braided Type C Cable for Smartphones, Tablets, Laptops & other Type C devices, PD Technology, 480Mbps Data Sync, Quick Charge 3.0 (RCT15A, Black)","Computers&Accessories|Accessories&Peripherals|Cables&Accessories|Cables|USBCables",199,349,0.43,4,43994,"A Good Braided Cable for Your Type C Device,Good quality product from ambrane,Super cable,As,Good quality,Good product,its good,Good quality for the price but one issue with my unit"
"B096MSW6CT","Sounce Fast Phone Charging Cable & Data Sync USB Cable Compatible for iPhone 13, 12,11, X, 8, 7, 6, 5, iPad Air, Pro, Mini & iOS Devices","Computers&Accessories|Accessories&Peripherals|Cables&Accessories|Cables|USBCables",190,1899,0.9,3.9,7928,"Good speed for earlier versions,Good Product,Working good,Good for the price,Good,Worth for money,Working nice,it's a really nice product"
"B08HDJ86NZ","boAt Deuce USB 300 2 in 1 Type-C & Micro USB Stress Resistant, Tangle-Free, Sturdy Cable with 3A Fast Charging & 480mbps Data Transmission, 10000+ Bends Lifespan and Extended 1.5m Length(Martian Red)","Computers&Accessories|Accessories&Peripherals|Cables&Accessories|Cables|USBCables",329,699,0.53,4.2,94363,"Good product,Good one,Nice,Really nice product,Very first time change,Good,Fine product but could be better,Very nice it's charging like jet"
"B08CF3B7N1","Portronics Konnect L 1.2M Fast Charging 3A 8 Pin USB Cable with Charge & Sync Function for iPhone, iPad (Grey)","Computers&Accessories|Accessories&Peripherals|Cables&Accessories|Cables|USBCables",156,399,0.61,4.2,16905,"As good as original,Decent,Good one for secondary use,Best quality,GOOD,Amazing product at a mind blowing price!,Nice Quality,Good product"
"B08Y1TFSP6","pTron Solero TB301 3A Type-C Data and Fast Charging Cable, Made in India, 480Mbps Data Sync, Strong and Durable 1.5-Meter Nylon Braided USB Cable for Type-C Devices for Charging Adapter (Black)","Computers&Accessories|Accessories&Peripherals|Cables&Accessories|Cables|USBCables",150,1000,0.85,3.9,24871,"It's pretty good,Average quality,very good and useful usb cable,Good USB cable. My experience was very good it is long lasting,Good,Nice product and useful,-,Sturdy but does not support 33w charging"
"B08WRWPM22","boAt Micro USB 55 Tangle-free, Sturdy Micro USB Cable with 3A Fast Charging & 480mbps Data Transmission (Black)","Computers&Accessories|Accessories&Peripherals|Cables&Accessories|Cables|USBCables",175,499,0.65,4.1,15188,"Long durable.,good,Does not charge Lenovo m8 tab,Best charging cable,good,Boat,Product was good,1.5 m <U+0915><U+093E> <U+0915><U+0947><U+092C><U+0932> <U+092E><U+0947><U+0930><U+0947> <U+0932><U+093F><U+090F> <U+092C><U+0939><U+0941><U+0924> <U+0939><U+0940> <U+0932><U+093E><U+092D><U+0926><U+093E><U+092F><U+0915> <U+0939><U+0948> <U+0964>"
"B08DDRGWTJ","MI Usb Type-C Cable Smartphone (Black)","Computers&Accessories|Accessories&Peripherals|Cables&Accessories|Cables|USBCables",230,299,0.23,4.3,30411,"Worth for money - suitable for Android auto,Good Product,Length,Nice,Original,Very good quay Cable support fast charging.,Original MI cable for charging upto 33 watt,I am veri happy with this product as it provide turbo charging."
"B008IFXQFU","TP-Link USB WiFi Adapter for PC(TL-WN725N), N150 Wireless Network Adapter for Desktop - Nano Size WiFi Dongle Compatible with Windows 11/10/7/8/8.1/XP/ Mac OS 10.9-10.15 Linux Kernel 2.6.18-4.4.3","Computers&Accessories|NetworkingDevices|NetworkAdapters|WirelessUSBAdapters",500,999,0.5,4.2,179691,"Works on linux for me. Get the model with antenna.,Does what it say but other brands available at lesser price,Easy Handle,Great product,Perfect working,Speed is perfect,Great Design, Build, Connectivity Range, Packaging and other features but no linux support since v2,Very good"
"B082LZGK39","Ambrane Unbreakable 60W / 3A Fast Charging 1.5m Braided Micro USB Cable for Smartphones, Tablets, Laptops & Other Micro USB Devices, 480Mbps Data Sync, Quick Charge 3.0 (RCM15, Black)","Computers&Accessories|Accessories&Peripherals|Cables&Accessories|Cables|USBCables",200,299,0.33,4,43994,"A Good Braided Cable for Your Type C Device,Good quality product from ambrane,Super cable,As,Good quality,Good product,its good,Good quality for the price but one issue with my unit"
"B08CF3D7QR","Portronics Konnect L POR-1081 Fast Charging 3A Type-C Cable 1.2Meter with Charge & Sync Function for All Type-C Devices (Grey)","Computers&Accessories|Accessories&Peripherals|Cables&Accessories|Cables|USBCables",153,339,0.55,4.3,13391,"Good for fast charge but not for data transfer,Good cable compares to local the brand.,good but doesnt last,Good product,Good Product,Good and worth it,very good material quality charging speed is 15 watt,Not a fast charger"
"B0789LZTCJ","boAt Rugged v3 Extra Tough Unbreakable Braided Micro USB Cable 1.5 Meter (Black)","Computers&Accessories|Accessories&Peripherals|Cables&Accessories|Cables|USBCables",296,799,0.63,4.2,94363,"Good product,Good one,Nice,Really nice product,Very first time change,Good,Fine product but could be better,Very nice it's charging like jet"
"B07KSMBL2H","AmazonBasics Flexible Premium HDMI Cable (Black, 4K@60Hz, 18Gbps), 3-Foot","Electronics|HomeTheater,TV&Video|Accessories|Cables|HDMICables",217,700,0.69,4.4,426973,"It's quite good and value for money,Works well,Hdmi cable,Value for money,All good,Gets the job done,Delivery was good,This one was my need to purchase"
"B085DTN6R2","Portronics Konnect CL 20W POR-1067 Type-C to 8 Pin USB 1.2M Cable with Power Delivery & 3A Quick Charge Support, Nylon Braided for All Type-C and 8 Pin Devices, Green","Computers&Accessories|Accessories&Peripherals|Cables&Accessories|Cables|USBCables",351,899,0.61,4.2,2262,"Works,Nice Product,Fast Charging as original,Good for data transfer,Average. Cost effective,Good quality,Great Product,Nice"
"B09KLVMZ3B","Portronics Konnect L 1.2M POR-1401 Fast Charging 3A 8 Pin USB Cable with Charge & Sync Function (White)","Computers&Accessories|Accessories&Peripherals|Cables&Accessories|Cables|USBCables",160,399,0.6,4.1,4768,"Great but,Worked well for 6 six months that’s it,Compatible with Apple iPad 2nd generation and charging very well.,CABLE,The product is good but the phone gets disconnected at multiple occasions.,Not a fast charging cable,Good item. Value,Amazing product and value for money"
"B083342NKJ","MI Braided USB Type-C Cable for Charging Adapter (Red)","Computers&Accessories|Accessories&Peripherals|Cables&Accessories|Cables|USBCables",347,399,0.13,4.4,18757,"Good product,using this product 8months It is done  I have not faced any problem so far, its build quality best,I really liked this one.,Very strong and support fast charging ,,Nice cable,Best data cable charging fast,Good job,Good but need some improvement"
"B082LSVT4B","Ambrane Unbreakable 60W / 3A Fast Charging 1.5m Braided Type C to Type C Cable for Smartphones, Tablets, Laptops & Other Type C Devices, PD Technology, 480Mbps Data Sync (RCTT15, Black)","Computers&Accessories|Accessories&Peripherals|Cables&Accessories|Cables|USBCables",247,399,0.38,4,43994,"A Good Braided Cable for Your Type C Device,Good quality product from ambrane,Super cable,As,Good quality,Good product,its good,Good quality for the price but one issue with my unit"
"B08WRBG3XW","boAt Type C A325 Tangle-free, Sturdy Type C Cable with 3A Rapid Charging & 480mbps Data Transmission(Black)","Computers&Accessories|Accessories&Peripherals|Cables&Accessories|Cables|USBCables",200,499,0.6,4.1,13045,"Good for charging and Data transfer,<U+0A2E><U+0A1C><U+0A3C><U+0A2C><U+0A42><U+0A24>,Good Quality but less Power Delivery,Fantastic!,Good,Not useful,Doesn't fit properly,Can't support Oppo mobile for fast charging"
"B09C6HXFC1","Duracell USB Lightning Apple Certified (Mfi) Braided Sync & Charge Cable For Iphone, Ipad And Ipod. Fast Charging Lightning Cable, 3.9 Feet (1.2M) - Black","Computers&Accessories|Accessories&Peripherals|Cables&Accessories|Cables|USBCables",971,1799,0.46,4.5,815,"Good cable for car,Good substitute for orginal,Better Value for money Product,Way better than the original,Absolutely amazing.,Namm hi kafi hai,Very good,As the names say Durable cell it a durable cable ;-)"
"B085194JFL","tizum HDMI to VGA Adapter Cable 1080P for Projector, Computer, Laptop, TV, Projectors & TV","Electronics|HomeTheater,TV&Video|Accessories|Cables|HDMICables",279,499,0.44,3.7,10962,"Good product ; Average Finishing,Save it purpose well without any issue. I am satisfied,No issues,NO NEED TO PUT AUX CABLE FOR CONNECTING AUDIO FROM SECONDARY MONITOR,Good product,Not so Bad,Good,Worked will for only 3-4 months."
"B09NHVCHS9","Flix Micro Usb Cable For Smartphone (Black)","Computers&Accessories|Accessories&Peripherals|Cables&Accessories|Cables|USBCables",60,199,0.7,4,9378,"Worked on iPhone 7 and didn’t work on XR,Good one,Dull Physical Looks,Just Buy it,Go for it,About the product,Get charging cable at the price,Working well."
"B01M4GGIVU","Tizum High Speed HDMI Cable with Ethernet | Supports 3D 4K | for All HDMI Devices Laptop Computer Gaming Console TV Set Top Box (1.5 Meter/ 5 Feet)","Electronics|HomeTheater,TV&Video|Accessories|Cables|HDMICables",196,699,0.72,4.2,12153,"Cheap product and same is the performance but does the job,Good,No Box!!!,Good,Value for money,A very good quality cable with rubust built, and it does the work.,Value money,Good product."
"B094JNXNPV","Ambrane Unbreakable 3 in 1 Fast Charging Braided Multipurpose Cable for Speaker with 2.1 A Speed - 1.25 meter, Black","Computers&Accessories|Accessories&Peripherals|Cables&Accessories|Cables|USBCables",299,399,0.25,4,2766,"Ok cable,three pin with hybrid wire,Sturdy,Nice,Good.,So good,CarPlay Not supported,<U+092A><U+0948><U+0938><U+093E> <U+0935><U+0938><U+0942><U+0932> <U+0001F642>"
"B09W5XR9RT","Duracell USB C To Lightning Apple Certified (Mfi) Braided Sync & Charge Cable For Iphone, Ipad And Ipod. Fast Charging Lightning Cable, 3.9 Feet (1.2M) - Black","Computers&Accessories|Accessories&Peripherals|Cables&Accessories|Cables|USBCables",980,1999,0.51,4.4,184,"Very good product.,Using as a spare cable in car,Sturdy, Durable, Fast Charging!,Good brand,It’s like original apple cable,One of the best wire ..,Super well build. Quality product worth the money,Good product"
"B077Z65HSD","boAt A400 USB Type-C to USB-A 2.0 Male Data Cable, 2 Meter (Black)","Computers&Accessories|Accessories&Peripherals|Cables&Accessories|Cables|USBCables",300,999,0.7,4.3,20850,"Just buy it dont even 2nd guess it,Quality is good,Nylon braided quiet sturdy,Amazing,Feels like steel harnessed wire - strong,Sturdy and durable. Useful for charging Power Banks,good,Nice quality"
"B00NH11PEY","AmazonBasics USB 2.0 - A-Male to A-Female Extension Cable for Personal Computer, Printer (Black, 9.8 Feet/3 Meters)","Computers&Accessories|Accessories&Peripherals|Cables&Accessories|Cables|USBCables",202,750,0.73,4.5,74976,"Nice,good,Paisa vassol,Sturdy and long.,Good for the price and great quality.,Works as expected,Good,Good"
"B09CMM3VGK","Ambrane 60W / 3A Type C Fast Charging Unbreakable 1.5m L Shaped Braided Cable, PD Technology, 480Mbps Data Transfer for Smartphones, Tablet, Laptops & other type c devices (ABLC10, Black)","Computers&Accessories|Accessories&Peripherals|Cables&Accessories|Cables|USBCables",180,499,0.64,4,1934,"Good product,Good for charging, bad for data transfer,Wait  to get mexmum discount.,The cable quality is best and charging pin is at right position to stand <U+0001F44D><U+0001F3FB>,So far super,Good,Good but issues with design,Maine <U+20B9>99 me liya hai offer me or ye worth hai."
"B08QSC1XY8","Zoul USB C 60W Fast Charging 3A 6ft/2M Long Type C Nylon Braided Data Cable Quick Charger Cable QC 3.0 for Samsung Galaxy M31S M30 S10 S9 S20 Plus, Note 10 9 8, A20e A40 A50 A70 (2M, Grey)","Computers&Accessories|Accessories&Peripherals|Cables&Accessories|Cables|USBCables",385,1099,0.65,4.3,974,"Great Cable, Charging Speeds Could Be Better,Good,A good cable.,One of the best type c cable,Works as intended.,A good buy. The extra length helps a lot.,Good,Ok"
"B008FWZGSG","Samsung Original Type C to C Cable - 3.28 Feet (1 Meter), White","Computers&Accessories|Accessories&Peripherals|Cables&Accessories|Cables|USBCables",599,599,0,4.3,355,"Good,Genuine product,Not first charge this cabil,,Nice cable but known durability,Got a used type c to c cable and the xable was damaged,The product is Genuine and Good,Abdul kadir,Good"
"B0B4HJNPV4","pTron Solero T351 3.5Amps Fast Charging Type-C to Type-C PD Data & Charging USB Cable, Made in India, 480Mbps Data Sync, Durable 1 Meter Long Cable for Type-C Smartphones, Tablets & Laptops (Black)","Computers&Accessories|Accessories&Peripherals|Cables&Accessories|Cables|USBCables",200,999,0.8,3.9,1075,"The metal pin is losing it's strength,Sahi h bs 44 rupe ki and dilivery charge 40,Good Charging cable,Good sturdy micro usb cable with good charging speeds,Cheapest micro USB cable in the market,boat is better than this,I bought this for 199rs best charging cable for all mobiles,Good"
"B08Y1SJVV5","pTron Solero MB301 3A Micro USB Data & Charging Cable, Made in India, 480Mbps Data Sync, Strong & Durable 1.5-Meter Nylon Braided USB Cable for Micro USB Devices - (Black)","Computers&Accessories|Accessories&Peripherals|Cables&Accessories|Cables|USBCables",100,666.66,0.85,3.9,24871,"It's pretty good,Average quality,very good and useful usb cable,Good USB cable. My experience was very good it is long lasting,Good,Nice product and useful,-,Sturdy but does not support 33w charging"
"B07XLCFSSN","Amazonbasics Nylon Braided Usb-C To Lightning Cable, Fast Charging Mfi Certified Smartphone, Iphone Charger (6-Foot, Dark Grey)","Computers&Accessories|Accessories&Peripherals|Cables&Accessories|Cables|USBCables",893,1900,0.53,4.4,13552,"Good,Worth to buy,Great value for price,Good product,Nice product.,Reliable and worth it!,Much more sturdy and durable than Apple cable,Good"
"B09RZS1NQT","Sounce 65W OnePlus Dash Warp Charge Cable, 6.5A Type-C to USB C PD Data Sync Fast Charging Cable Compatible with One Plus 8T/ 9/ 9R/ 9 pro/ 9RT/ 10R/ Nord & for All Type C Devices – Red, 1 Meter","Computers&Accessories|Accessories&Peripherals|Cables&Accessories|Cables|USBCables",200,999,0.8,4,576,"Worth it!,Good one,Robust and effective.,Good,Good,It's a good product under 199 rupees It's neatly packed and has good quality built,Nice product,Worth the price"
"B09C6HWG18","Duracell Type C To Type C 5A (100W) Braided Sync & Fast Charging Cable, 3.9 Feet (1.2M). USB C to C Cable, Supports PD & QC 3.0 Charging, 5 GBPS Data Transmission – Black","Computers&Accessories|Accessories&Peripherals|Cables&Accessories|Cables|USBCables",980,1999,0.51,4.2,462,"Product is as expected,Cable has problem with samsung galaxy s8 ultra tablet,Quality and service is good.,It's perfect, definitely what i needed,Worth buying this cable,Just awesome <U+0001F44C>,fast charge, sturdy build quality, absolute value for money product, 2yrs warranty, just go for it,Good"
"B00NH11KIK","AmazonBasics USB 2.0 Cable - A-Male to B-Male - for Personal Computer, Printer- 6 Feet (1.8 Meters), Black","Computers&Accessories|Accessories&Peripherals|Cables&Accessories|Cables|USBCables",209,695,0.7,4.5,107687,"Functionality as described,Working,Great USB in budget,Good,Good,It just works,Works with my Casio ct-x700 well,Still working after 3 months"
"B07JW1Y6XV","Wayona Nylon Braided 3A Lightning to USB A Syncing and Fast Charging Data Cable for iPhone, Ipad (3 FT Pack of 1, Black)","Computers&Accessories|Accessories&Peripherals|Cables&Accessories|Cables|USBCables",396,1099,0.64,4.2,24269,"Satisfied,Charging is really fast,Value for money,Product review,Good quality,Good product,Good Product,As of now seems good"
"B07KRCW6LZ","TP-Link Nano AC600 USB Wi-Fi Adapter(Archer T2U Nano)- 2.4G/5G Dual Band Wireless Network Adapter for PC Desktop Laptop, Mini Travel Size, Supports Windows 11,10, 8.1, 8, 7, XP/Mac OS 10.9-10.15","Computers&Accessories|NetworkingDevices|NetworkAdapters|WirelessUSBAdapters",991,1599,0.38,4.3,12093,"Dual Bandwidth,It's good,Simple and effective,Easy plug and play,Only 200mbps support,Great Device for Old Laptops,Good device but be careful for a defective one.,Excellent Speeds and Coverage!"
"B09NJN8L25","FLiX (Beetel USB to Micro USB PVC Data Sync & 2A Fast Charging Cable, Made in India, 480Mbps Data Sync, Solid Cable, 1 Meter Long USB Cable for Micro USB Devices (White)(XCD-M11)","Computers&Accessories|Accessories&Peripherals|Cables&Accessories|Cables|USBCables",60,199,0.7,4,9378,"Worked on iPhone 7 and didn’t work on XR,Good one,Dull Physical Looks,Just Buy it,Go for it,About the product,Get charging cable at the price,Working well."
"B07XJYYH7L","Wecool Nylon Braided Multifunction Fast Charging Cable For Android Smartphone, Ios And Type C Usb Devices, 3 In 1 Charging Cable, 3A, (3 Feet) (Black)","Computers&Accessories|Accessories&Peripherals|Cables&Accessories|Cables|USBCables",330,999,0.67,3.3,9792,"Its slow in charging,Ok product,Looks good, but charges slow,very slow charing.,Poor quality, iPhone part will last for two months only, other two are ok,Charger,Product ok,Slow charging"
"B002PD61Y4","D-Link DWA-131 300 Mbps Wireless Nano USB Adapter (Black)","Computers&Accessories|NetworkingDevices|NetworkAdapters|WirelessUSBAdapters",507,1208,0.58,4.1,8131,"good tool to use for,Brand is always good,Overall good and a better experience,It is useful to me.,Works well with cpplus dvr,Good,Its not plug an play u need to install the driver and will support till 2.4 Ghz not above that,Surveillance Camera In My House"
"B014I8SSD0","Amazon Basics High-Speed HDMI Cable, 6 Feet - Supports Ethernet, 3D, 4K video,Black","Electronics|HomeTheater,TV&Video|Accessories|Cables|HDMICables",309,475,0.35,4.4,426973,"It's quite good and value for money,Works well,Hdmi cable,Value for money,All good,Gets the job done,Delivery was good,This one was my need to purchase"
"B09L8DSSFH","7SEVEN® Compatible for Samsung Smart 4K Ultra HD TV Monitor Remote Control Replacement of Original Samsung TV Remote for LED OLED UHD QLED and Suitable for 6 7 8 Series Samsung TV with Hot Keys BN59-01259E","Electronics|HomeTheater,TV&Video|Accessories|RemoteControls",400,999,0.6,3.6,493,"Overall Good,Works well. Will comment on durability after using it for a few months.,Nice product,Channel button doesn't work,Compatible with every smart tv,functionality at a budget,Number keys not working,It's good to go ahead with this, for Samsung 6 series"
"B07232M876","Amazonbasics Micro Usb Fast Charging Cable For Android Smartphone,Personal Computer,Printer With Gold Plated Connectors (6 Feet, Black)","Computers&Accessories|Accessories&Peripherals|Cables&Accessories|Cables|USBCables",198,395,0.5,4.2,92595,"Using it with my QC 3 Charger .So far- So good.A Quality cable with a sturdy construction & troublefree performance.,Awesome product go for buy it <U+0001F44D>,Execellent,Sturdy micro USB cable for Old phones,Super,Product description says 3 feet it's hardly a foot length wire.,Good,Excellent quality cable"
"B07P681N66","TP-Link AC600 600 Mbps WiFi Wireless Network USB Adapter for Desktop PC with 2.4GHz/5GHz High Gain Dual Band 5dBi Antenna Wi-Fi, Supports Windows 11/10/8.1/8/7/XP, Mac OS 10.15 and earlier (Archer T2U Plus)","Computers&Accessories|NetworkingDevices|NetworkAdapters|WirelessUSBAdapters",1209,2199,0.45,4.4,24780,"Works flawlessly on Ubuntu 22.04 (if installed correctly),Best for kali. Do not read another review.,Nice product,From 0 to 70 …,Good External Wifi Signal Provider,Superb,Awesome and easy to use,Good product"
"B0711PVX6Z","AmazonBasics Micro USB Fast Charging Cable for Android Phones with Gold Plated Connectors (3 Feet, Black)","Computers&Accessories|Accessories&Peripherals|Cables&Accessories|Cables|USBCables",180,500,0.64,4.2,92595,"Using it with my QC 3 Charger .So far- So good.A Quality cable with a sturdy construction & troublefree performance.,Awesome product go for buy it <U+0001F44D>,Execellent,Sturdy micro USB cable for Old phones,Super,Product description says 3 feet it's hardly a foot length wire.,Good,Excellent quality cable"
"B082T6V3DT","AmazonBasics New Release Nylon USB-A to Lightning Cable Cord, Fast Charging MFi Certified Charger for Apple iPhone, iPad (6-Ft, Rose Gold)","Computers&Accessories|Accessories&Peripherals|Cables&Accessories|Cables|USBCables",798,2100,0.62,4.3,8188,"Good product but costly,It’s really long n sturdy no homo <U+0001F525>,Takes longer to charge than the regular cable,Quality is really good,iPhone X pink charging cable long one <U+261D><U+FE0F>,A good purchase,It charges fine for me,Absolutely fantastic USB<U+0001F44D><U+0001F44D><U+0001F44D>"
"B0BFWGBX61","Ambrane Unbreakable 3A Fast Charging Braided Type C Cable    1.5 Meter (RCT15, Blue) Supports QC 2.0/3.0 Charging","Computers&Accessories|Accessories&Peripherals|Cables&Accessories|Cables|USBCables",199,349,0.43,4.1,314,"Good product,Strong and powerful,Useful product.,Very nice <U+0001F44C> <U+0001F44D> product,Good <U+0001F44D><U+0001F3FB>,Good,USB,Strong buid , study design , charging speed <U+2639><U+FE0F>"
"B01N90RZ4M","Tata Sky Universal Remote","Electronics|HomeTheater,TV&Video|Accessories|RemoteControls",230,499,0.54,3.7,2960,"The button contacts are not very good.,Okay for temporary use,Seller: Smart Place Store; Remote Not original,It's below average,Ok,Tata sky remote,Tatasky remote.,Working one, but parts are flimsy."
"B0088TKTY2","TP-LINK WiFi Dongle 300 Mbps Mini Wireless Network USB Wi-Fi Adapter for PC Desktop Laptop(Supports Windows 11/10/8.1/8/7/XP, Mac OS 10.9-10.15 and Linux, WPS, Soft AP Mode, USB 2.0) (TL-WN823N),Black","Computers&Accessories|NetworkingDevices|NetworkAdapters|WirelessUSBAdapters",644,1399,0.54,4.2,179691,"Works on linux for me. Get the model with antenna.,Does what it say but other brands available at lesser price,Easy Handle,Great product,Perfect working,Speed is perfect,Great Design, Build, Connectivity Range, Packaging and other features but no linux support since v2,Very good"
"B0B4DT8MKT","Wecool Unbreakable 3 in 1 Charging Cable with 3A Speed, Fast Charging Multi Purpose Cable 1.25 Mtr Long, Type C cable, Micro Usb Cable and Cable for iPhone, White","Computers&Accessories|Accessories&Peripherals|Cables&Accessories|Cables|USBCables",345,1499,0.77,4.2,656,"Nice,Awesome,Quick not charger<U+0001F90F>,Expensive at this price,Multiple mobile can’t be charged at a time,THIS IS FAST CHARGING ON BOTH MY SAMSUNG PHONES AND IPHONE TOO. Go for it !!,Excellent quality!,CHARGING CABLE"
"B08CDKQ8T6","Portronics Konnect L 1.2Mtr, Fast Charging 3A Micro USB Cable with Charge & Sync Function (Grey)","Computers&Accessories|Accessories&Peripherals|Cables&Accessories|Cables|USBCables",154,349,0.56,4.3,7064,"It's working,It's gud <U+0001F633>,Cable quality is good.,Durable and Works Well,Good data cable same as shown in pic,Portronics knonnect L 1.2 mtr Micro USB cable,Ok,Great quality"
"B07B275VN9","Airtel DigitalTV DTH Television, Setup Box Remote Compatible for SD and HD Recording (Black)","Electronics|HomeTheater,TV&Video|Accessories|RemoteControls",176,799,0.78,3.7,2201,"Simple and good,Satisfied!,Good one,Light weight, good working,ok,Poor quality! Stopped working after a month!,Not able to connect,Works well with Airtel DTH"
"B0994GFWBH","Lapster 1.5 mtr USB 2.0 Type A Male to USB A Male Cable for computer and laptop","Computers&Accessories|Accessories&Peripherals|Cables&Accessories|Cables|USBCables",140,999,0.86,4,1313,"A well-priced product.,Lenthy cord.,Product is working as expected.,Lengthy cable, works for car dashcam,Product is okay but they give 50rs for giving 5 stars.,Misleading length (1.2m), rest fine,Good Product,Good"
"B01GGKZ0V6","AmazonBasics USB Type-C to USB Type-C 2.0 Cable - 3 Feet Laptop (0.9 Meters) - White","Computers&Accessories|Accessories&Peripherals|Cables&Accessories|Cables|USBCables",330,845,0.61,4.2,29746,"Its ok product not too good not bad,Cheap and best,Performance,Works well,Not working with Fast Charger,This Type-C cable is awesome<U+0001F60D>.,Does not support display,Good"
"B014I8SX4Y","Amazon Basics High-Speed HDMI Cable, 6 Feet (2-Pack),Black","Electronics|HomeTheater,TV&Video|Accessories|Cables|HDMICables",308,1400,0.78,4.4,426973,"It's quite good and value for money,Works well,Hdmi cable,Value for money,All good,Gets the job done,Delivery was good,This one was my need to purchase"
"B09Q8HMKZX","Portronics Konnect L 20W PD Quick Charge Type-C to 8-Pin USB Mobile Charging Cable, 1.2M, Tangle Resistant, Fast Data Sync(Grey)","Computers&Accessories|Accessories&Peripherals|Cables&Accessories|Cables|USBCables",266,699,0.62,4.1,450,"Iphone User,Overall good,Perfect price, perfect fit,Good,Worth,Perfect replacement for Apple cable,At this price it's a steal.,Good cable with decent price"
"B07966M8XH","Model-P4 6 Way Swivel Tilt Wall Mount 32-55-inch Full Motion Cantilever for LED,LCD and Plasma TV's","Electronics|HomeTheater,TV&Video|Accessories|TVMounts,Stands&Turntables|TVWall&CeilingMounts",1589,2999,0.47,4.2,2727,"A nice & sturdy product.,Assembly,nyc hairdryee,Good,Fits perfectly!!,Not suitable for 50inch and above <U+0001F61F>,Worth buying,Worth"
"B01GGKYKQM","Amazon Basics USB Type-C to USB-A 2.0 Male Fast Charging Cable for Laptop - 3 Feet (0.9 Meters), Black","Computers&Accessories|Accessories&Peripherals|Cables&Accessories|Cables|USBCables",217,700,0.69,4.3,20053,"You can trust on this one,The best usb cable,Wel build just like original .,Nice!!,Working perfectly,Basic,Good,No issues"
"B0B86CDHL1","oraimo 65W Type C to C Fast Charging Cable USB C to USB C Cable High Speed Syncing, Nylon Braided 1M length with LED Indicator Compatible For Laptop, Macbook, Samsung Galaxy S22 S20 S10 S20Fe S21 S21 Ultra A70 A51 A71 A50S M31 M51 M31S M53 5G","Computers&Accessories|Accessories&Peripherals|Cables&Accessories|Cables|USBCables",351,899,0.61,4.5,149,"It worked well for some days later it is not working , I want it to replace.,Extremely fine,Superb product,This is very decent, quality is super good!,Good,Awesome Product Quantity & Value For Money,Go for it..,Be(a)st in the market."
"B0B5ZF3NRK","CEDO 65W OnePlus Dash Warp Charge Cable, USB A to Type C Data Sync Fast Charging Cable Compatible with One Plus 3 /3T /5 /5T /6 /6T /7 /7T /7 pro & for All Type C Devices - 1 Meter, Red","Computers&Accessories|Accessories&Peripherals|Cables&Accessories|Cables|USBCables",347,599,0.42,4.1,210,"Good.,Good product,Ultimate product,Good Product,Not that good. But ok for the price.,Fast cable,Fast charging <U+0001F44D>,Best Alternative to Original Cable"
"B08R69VDHT","Pinnaclz Original Combo of 2 Micro USB Fast Charging Cable, USB Charging Cable for Data Transfer Perfect for Android Smart Phones White 1.2 Meter Made in India (Pack of 2)","Computers&Accessories|Accessories&Peripherals|Cables&Accessories|Cables|USBCables",115,499,0.77,4,7732,"Very good product and met my need.  Thanks,Decent value,Nice quality… trustable…,Just well in this price.,supports 2.4 amps fast charging,Nice,Nice.,Value for money"
"B09RWZRCP1","boAt Type C A750 Stress Resistant, Tangle-free, Sturdy Flat Cable with 6.5A Fast Charging & 480Mbps Data Transmission, 10000+ Bends Lifespan and Extended 1.5m Length(Rebellious Black)","Computers&Accessories|Accessories&Peripherals|Cables&Accessories|Cables|USBCables",400,999,0.6,4.1,1780,"Better..!!,Charging speed is not guaranteed!,Exactly as advertised,Excellent warp charge cable,Nice,Amazing cable,Best fast charging cable,Really a good cable, Recommend"
"B09CMP1SC8","Ambrane 2 in 1 Type-C & Micro USB Cable with 60W / 3A Fast Charging, 480 mbps High Data, PD Technology & Quick Charge 3.0, Compatible with All Type-C & Micro USB Devices (ABDC-10, Black)","Computers&Accessories|Accessories&Peripherals|Cables&Accessories|Cables|USBCables",200,499,0.6,4.1,602,"Good product,Its good, but micro usb doesn't fit my phone.,Good and useful item,It is very best cable,good,2 in 1 Charging Cable.,Sturdy cable overall,Nice & Best Charger Cabel"
"B09YLXYP7Y","Ambrane 60W / 3A Fast Charging Output Cable with Type-C to USB for Mobile, Neckband, True Wireless Earphone Charging, 480mbps Data Sync Speed, 1m Length (ACT - AZ10, Black)","Computers&Accessories|Accessories&Peripherals|Cables&Accessories|Cables|USBCables",180,399,0.55,4,1423,"GOOD,Thank you  Amazon very good charging cable,Good,Very good product,good quality,Very Good Product,This is fast charging USB!,Simply perfect at the price of below 100"
"B0B2DJDCPX","SWAPKART Fast Charging Cable and Data Sync USB Cable Compatible for iPhone 6/6S/7/7+/8/8+/10/11, 12, 13 Pro max iPad Air/Mini, iPod and iOS Devices (White)","Computers&Accessories|Accessories&Peripherals|Cables&Accessories|Cables|USBCables",210,499,0.58,3.9,536,"Value for money,Nice product,timely delivered with good packeging,Good in quality,Quite nice cable,  Go for it,Good product , value for money,Worth buying,Nice"
"B0BCZCQTJX","Firestick Remote","Electronics|HomeTheater,TV&Video|Accessories|RemoteControls",1440,3999,0.64,4,32,"Good Product,Good product for my fire Tv,Over-all food,Good product,Product quality is very good and so is the customer service,It’s good,worth buying,Remote is working fine"
"B07LGT55SJ","Wayona Usb Nylon Braided Data Sync And Charging Cable For Iphone, Ipad Tablet (Red, Black)","Computers&Accessories|Accessories&Peripherals|Cables&Accessories|Cables|USBCables",396,1099,0.64,4.2,24269,"Satisfied,Charging is really fast,Value for money,Product review,Good quality,Good product,Good Product,As of now seems good"
"B09NKZXMWJ","Flix (Beetel) Usb To Type C Pvc Data Sync And 2A 480Mbps Data Sync, Tough Fast Charging Long Cable For Usb Type C Devices, Charging Adapter (White, 1 Meter) - Xcd-C12","Computers&Accessories|Accessories&Peripherals|Cables&Accessories|Cables|USBCables",139,249,0.44,4,9378,"Worked on iPhone 7 and didn’t work on XR,Good one,Dull Physical Looks,Just Buy it,Go for it,About the product,Get charging cable at the price,Working well."
"B0974H97TJ","boAt A 350 Type C Cable for Smartphone, Charging Adapter (1.5m, Carbon Black)","Computers&Accessories|Accessories&Peripherals|Cables&Accessories|Cables|USBCables",296,799,0.63,4.4,28791,"Good Stuff... Recommended!!!,Need better quality,<U+090F><U+0915> <U+092E><U+091C><U+092C><U+0942><U+0924> <U+092A><U+094D><U+0930><U+094B><U+0921><U+0915><U+094D><U+091F> <U+0939><U+0948>,Good,best buy of this cable,Best for,Tough,Nil"
"B07GVGTSLN","Wayona Usb Type C Fast Charger Cable Fast Charging Usb C Cable/Cord Compatible For Samsung Galaxy S10E S10 S9 S8 Plus S10+,Note 10 Note 9 Note 8,S20,M31S,M40,Realme X3,Pixel 2 Xl (3 Ft Pack Of 1,Grey)","Computers&Accessories|Accessories&Peripherals|Cables&Accessories|Cables|USBCables",325,1299,0.75,4.2,10576,"Nice product .,Good quality Braided cable, VFM,Good cord, but has Earthing issue,Ok,Good product. Little bit fast charger for phones like redmi.,Fast charging is working properly,Money value product <U+0001F44C>,Cable a Nice product"
"B0BMXMLSMM","Lapster 65W compatible for OnePlus Dash Warp Charge Cable , type c to c cable fast charging Data Sync Cable Compatible with One Plus 10R / 9RT/ 9 pro/ 9R/ 8T/ 9/ Nord & for All Type C Devices – Red, 1 Meter","Computers&Accessories|Accessories&Peripherals|Cables&Accessories|Cables|USBCables",200,999,0.8,4.5,127,"Super charger in lapster,Best among the rest,Classy product and authentic one,Excellent product,Worked fine ,thank you,Stylish and flexible cable,Amazing,Value for money product"
"B07JH1C41D","Wayona Nylon Braided (2 Pack) Lightning Fast Usb Data Cable Fast Charger Cord For Iphone, Ipad Tablet (3 Ft Pack Of 2, Grey)","Computers&Accessories|Accessories&Peripherals|Cables&Accessories|Cables|USBCables",640,1999,0.68,4.2,24269,"Satisfied,Charging is really fast,Value for money,Product review,Good quality,Good product,Good Product,As of now seems good"
"B0141EZMAI","Gizga Essentials USB WiFi Adapter for PC, 150 Mbps Wireless Network Adapter for Desktop - Nano Size WiFi Dongle Compatible with Windows, Mac OS & Linux Kernel | WPA/WPA2 Encryption Standards| Black","Computers&Accessories|NetworkingDevices|NetworkAdapters|WirelessUSBAdapters",272,800,0.66,3.6,10134,"Will not work with new system,Veri good,Ok product,Access wifi signal.,<U+0001F44D>,very good,Good Product,8139EU based okayish but low reception"
"B08HDH26JX","boAt Deuce USB 300 2 in 1 Type-C & Micro USB Stress Resistant, Sturdy Cable with 3A Fast Charging & 480mbps Data Transmission, 10000+ Bends Lifespan and Extended 1.5m Length(Mercurial Black)","Computers&Accessories|Accessories&Peripherals|Cables&Accessories|Cables|USBCables",301,699,0.57,4.2,94363,"Good product,Good one,Nice,Really nice product,Very first time change,Good,Fine product but could be better,Very nice it's charging like jet"
"B09VT6JKRP","Lapster USB 3.0 A to Micro B SuperSpeed for hard disk cable - short cable","Computers&Accessories|Accessories&Peripherals|Cables&Accessories|Cables|USBCables",200,999,0.8,4.1,425,"Does its Job fine,Working perfect,working fine,Disappointed,Does the job.,Nice product with good quality,Good product,Nice Product"
"B093QCY6YJ","ZEBRONICS ZEB-USB150WF1 WiFi USB Mini Adapter Supports 150 Mbps Wireless Data, Comes with Advanced Security WPA/WPA2 encryption Standards","Computers&Accessories|NetworkingDevices|NetworkAdapters|WirelessUSBAdapters",290,349,0.17,3.7,1977,"Good product,Best produced,Working well as of now,Money worth,Good equipment,Writing after one month use. Working okay no issues till now,Nice product,Easy piece of great product"
"B093ZNQZ2Y","LOHAYA Remote Compatible for Mi Smart LED TV 4A Remote Control (32""/43"") [ Compatible for Mi Tv Remote Control ] [ Compatible for Mi Smart LED Tv Remote Control ]","Electronics|HomeTheater,TV&Video|Accessories|RemoteControls",248,799,0.69,3.8,1079,"Very hard to use,Good,Required Replacement but replaced one is Good,Good product & connectivity,Used remote delivered,VFM, Perfectly Compatible.,Working fine with mi tv4,I've bought it 4 times in a year"
"B08LKS3LSP","Gilary Multi Charging Cable, 3 in 1 Nylon Braided Fast Charging Cable for iPhone Micro USB Type C Mobile Phone | Colour May Vary |","Computers&Accessories|Accessories&Peripherals|Cables&Accessories|Cables|USBCables",350,999,0.65,3.7,1097,"Product is nice,Decent cable,It charges all the three types,Value of money,Product is good and worth of money,Good material.... working good,Very good,<U+0920><U+0940><U+0915> <U+0920><U+0940><U+0915> <U+0939><U+0948>"
"B00V4BGDKU","TP-Link UE300 USB 3.0 to RJ45 Gigabit Ethernet Network Adapter - Plug and Play","Computers&Accessories|NetworkingDevices|NetworkAdapters|WirelessUSBAdapters",1101,1899,0.42,4.5,22420,"Easy to use,Working fine - but errors while using USB and Ethernet adapter together.,Speed is just awesome go for it,Best price to buy,Awesome product,Overall good,Drains battery if you use on smartphones,Excellent product but it has 1 major and 1 minor inconvenience"
"B08CHKQ8D4","Wayona Type C to Lightning MFI Certified 20W Fast charging Nylon Braided USB C Cable for iPhone 14, 14 Pro, 14 Pro Max, 14 Plus, 13, 13 Pro, 13 Pro Max, 13 Mini, 12, 12 Pro, 11, 11 Pro Max iPhone 12 Mini, X, 8 (2M, Grey)","Computers&Accessories|Accessories&Peripherals|Cables&Accessories|Cables|USBCables",720,1499,0.52,4.1,1045,"Good,I don’t like this product,Awesome product,Best cable for iphone xs .. works well with fast charging brick,Low quality pin but wire is fine,Excellent quality,Awesome quality and fast charging,Works fine"
"B09BW334ML","Dealfreez Case Compatible with Fire TV Stick 3rd Gen 2021 Full Wrap Silicone Remote Cover Anti-Lost with Loop (D-Black)","Electronics|HomeTheater,TV&Video|Accessories|RemoteControls",345,1499,0.77,4.3,4145,"Nice cover,Good quality,Dealfreez Full Wrap Silicone Remote Cover Case is an excellent product,Remote Cover,Loved it!,Soft,Best product for the price,Look's good"
"B082T6GVLJ","Amazon Basics New Release Nylon USB-A to Lightning Cable Cord, Fast Charging MFi Certified Charger for Apple iPhone, iPad (3-Ft, Rose Gold)","Computers&Accessories|Accessories&Peripherals|Cables&Accessories|Cables|USBCables",850,1809,0.53,4.3,6547,"Exchange of the cable,Go for it !!,It works and it is worth,Superab,Works Well and Durable,Very nice product.,Gud product,Stopped working in less than a month"
"B07DL1KC3H","Isoelite Remote Compatible for Samsung LED/LCD Remote Control Works with All Samsung LED/LCD TV Model No :- BN59-607A (Please Match The Image with Your Old Remote)","Electronics|HomeTheater,TV&Video|Accessories|RemoteControls",297,899,0.67,4,1588,"<U+09AD><U+09BE><U+09B2><U+0987> <U+0995><U+09BE><U+099C> <U+0995><U+09B0><U+099B><U+09C7>, <U+09AA><U+09DF><U+09B8><U+09BE> <U+0989><U+09B8><U+09C1><U+09B2><U+0964>,Just what I wanted.. works perfect,Great <U+0001F44D>,Good,Works fine with my Samsung smart TV.,Works perfectly,Not OEM. But works as expected.,Its a good buy works"
"B07JNVF678","Wayona Nylon Braided USB Data Sync and Fast Charging 3A Short Power Bank Cable For iPhones, iPad Air, iPad mini, iPod Nano and iPod Touch (Grey)","Computers&Accessories|Accessories&Peripherals|Cables&Accessories|Cables|USBCables",350,999,0.65,4.2,13120,"Good product,Is worth the money you are paying for it,Good quality cable,Go for it!,Nice product<U+2611><U+FE0F>,Good buy,You can trust Wayona,Quality product  , Life of product is good  ."
"B09QGZFBPM","Wayona Type C To Type C Long Fast Charging Cable Type C Charger Cord Compatible With Samsung S22 S20 S20 Fe 2022 S22 Ultra S21 Ultra A70 A51 A53 A33 A73 M51 M31 M33 M53 (Grey, 2M, 65W, 6Ft)","Computers&Accessories|Accessories&Peripherals|Cables&Accessories|Cables|USBCables",400,999,0.6,4.3,2806,"Good material, fast charging,Costly but good product,Support type c super fast charging,Good quality,Sturdy cable & has decent charging capabilities.,Good buy.,Gud product.,Very good product"
"B07JGDB5M1","Wayona Nylon Braided 2M / 6Ft Fast Charge Usb To Lightning Data Sync And Charging Cable For Iphone, Ipad Tablet (6 Ft Pack Of 1, Grey)","Computers&Accessories|Accessories&Peripherals|Cables&Accessories|Cables|USBCables",455,1299,0.65,4.2,24269,"Satisfied,Charging is really fast,Value for money,Product review,Good quality,Good product,Good Product,As of now seems good"
"B0981XSZJ7","CROSSVOLT Compatible Dash/Warp Data Sync Fast Charging Cable Supported for All C Type Devices (Cable)","Computers&Accessories|Accessories&Peripherals|Cables&Accessories|Cables|USBCables",300,999,0.7,4.3,766,"No reasons to complain,Value for money,Nice,Works,Value for money,Go For It,Nice,It's fast charging good quality priduct"
"B08Y5KXR6Z","PTron Solero T241 2.4A Type-C Data & Charging USB Cable, Made in India, 480Mbps Data Sync, Durable 1-Meter Long USB Cable for Type-C USB Devices for Charging Adapter (Black)","Computers&Accessories|Accessories&Peripherals|Cables&Accessories|Cables|USBCables",96,800,0.88,3.9,24871,"It's pretty good,Average quality,very good and useful usb cable,Good USB cable. My experience was very good it is long lasting,Good,Nice product and useful,-,Sturdy but does not support 33w charging"
"B0974G5Q2Y","boAt Laptop, Smartphone Type-c A400 Male Data Cable (Carbon Black)","Computers&Accessories|Accessories&Peripherals|Cables&Accessories|Cables|USBCables",270,999,0.73,4.3,20850,"Just buy it dont even 2nd guess it,Quality is good,Nylon braided quiet sturdy,Amazing,Feels like steel harnessed wire - strong,Sturdy and durable. Useful for charging Power Banks,good,Nice quality"
"B09RX1FK54","boAt Type C A750 Stress Resistant, Tangle-free, Sturdy Flat Cable with 6.5A Fast Charging & 480Mbps Data Transmission, 10000+ Bends Lifespan and Extended 1.5m Length(Radiant Red)","Computers&Accessories|Accessories&Peripherals|Cables&Accessories|Cables|USBCables",400,999,0.6,4.1,1780,"Better..!!,Charging speed is not guaranteed!,Exactly as advertised,Excellent warp charge cable,Nice,Amazing cable,Best fast charging cable,Really a good cable, Recommend"
"B09TT6BFDX","Cotbolt Silicone Protective Case Cover for LG an MR21GA Magic Remote Shockproof for LG Smart TV Remote 2021 Protective Skin Waterproof Anti Lost (Black) (Remote Not Included)","Electronics|HomeTheater,TV&Video|Accessories|RemoteControls",400,1999,0.8,4.5,505,"Good,Good,Nice Product,Good looking <U+0001F44C> good protection for remote control,It's a very good cover..I liked it.,Good,Expensive,Nice"
"B09KH58JZR","Portronics Konnect L POR-1403 Fast Charging 3A Type-C Cable 1.2 Meter with Charge & Sync Function for All Type-C Devices (White)","Computers&Accessories|Accessories&Peripherals|Cables&Accessories|Cables|USBCables",211,399,0.47,4.1,1717,"Fast charging cable,Good product,Don't buy,Excellent design and Material quality,  Amazing Charging speed,it support's fast charging and also support android auto for car,Good type c cable in less price,Fast charging not support,NOT A FAST CHARGING CABLE"
"B09DDCQFMT","Electvision Remote Control Compatible with Amazon Fire tv Stick (Pairing Manual Will be Back Side Remote Control)(P)","Electronics|HomeTheater,TV&Video|Accessories|RemoteControls",1299,1999,0.35,3.6,590,"Average,As good as original,expensive,Bought it in aug and by oct it is not working.will i get a refund or replacement,A useful compatible product.,Volume button doesn't work at all,Works.,Best Remote,Connect Very Well"
"B08RP2L2NL","King Shine Multi Retractable 3.0A Fast Charger Cord, Multiple Charging Cable 4Ft/1.2m 3-in-1 USB Charge Cord Compatible with Phone/Type C/Micro USB for All Android and iOS Smartphones (Random Colour)","Computers&Accessories|Accessories&Peripherals|Cables&Accessories|Cables|USBCables",350,999,0.65,3.5,1121,"Good,Not happy with this product.,<U+0001F44D>Quality,Not bad,good to charge at home, not in vehicles,Easy to store and use built in quality of plastic roll could have been better,Good,A useful device."
"B0B4G2MWSB","Lapster 5 pin mini usb cable, usb b cable,camera cable usb2.0 for External HDDS/Card Readers/Camera etc.","Computers&Accessories|Accessories&Peripherals|Cables&Accessories|Cables|USBCables",150,999,0.85,4,1313,"A well-priced product.,Lenthy cord.,Product is working as expected.,Lengthy cable, works for car dashcam,Product is okay but they give 50rs for giving 5 stars.,Misleading length (1.2m), rest fine,Good Product,Good"
"B0B21C4BMX","Portronics Konnect Spydr 31 3-in-1 Multi Functional Cable with 3.0A Output, Tangle Resistant, 1.2M Length, Nylon Braided(Zebra)","Computers&Accessories|Accessories&Peripherals|Cables&Accessories|Cables|USBCables",225,899,0.75,3.8,132,"its not for fast charging as per my use and this don't support in car for android auto.,Great,Can be used as spare in an emergency.,Good,good for car drives,Not worth Doesn't charge,Good one from portronics,Excellent cable"
"B084MZXJNK","Belkin Apple Certified Lightning To Type C Cable, Tough Unbreakable Braided Fast Charging For Iphone, Ipad, Air Pods, 3.3 Feet (1 Meters)    White","Computers&Accessories|Accessories&Peripherals|Cables&Accessories|Cables|USBCables",1599,1999,0.2,4.4,1951,"Perfect product,Better than the original cable,Better then original,Good,The Very Best,Works absolutely fine,Charging is very slow.,Best Product"
"B0BHZCNC4P","Remote Control Compatible for Amazon Fire Tv Stick Remote Control [ 3rd Gen ](Not Compatible for Fire TV Edition Smart TV) from basesailor","Electronics|HomeTheater,TV&Video|Accessories|RemoteControls",1480,3999,0.63,3.7,37,"Some buttons not working in first week of purchase,Good,4,Must buy product,Quality of product is wonderful,Very bad experience as I have received a working remove and not being able to return it,Orignal product,Good product and good customer service"
"B015OW3M1W","AmazonBasics 6-Feet DisplayPort (not USB port) to HDMI Cable Black","Electronics|HomeTheater,TV&Video|Accessories|Cables|HDMICables",799,1700,0.53,4.1,28638,"Worth Buying,Good one!!,Very nice seller service.,Nice cable,Nice product <U+0001F44D>,Does not work universally for all devices,so far good can be a bit lower,It's a good product you can buy and trust."
"B01D5H8ZI8","AmazonBasics 3 Feet High Speed HDMI Male to Female 2.0 Extension Cable","Electronics|HomeTheater,TV&Video|Accessories|Cables|HDMICables",226,595,0.62,4.3,12835,"Good product,Hdmi cable,Nice,Do buy without any doubt,Working as expected,Thanks Amazon for its premium choice,Good product,Works well and good quality"
"B09MM6P76N","7SEVEN® Compatible Lg Smart Tv Remote Suitable for Any LG LED OLED LCD UHD Plasma Android Television and AKB75095303 replacement of Original Lg Tv Remote Control","Electronics|HomeTheater,TV&Video|Accessories|RemoteControls",347,599,0.42,4.2,284,"Works for LG 4K LED,Awesome product,Good copy Remote,This remote works!!! A relief!,Good replacement for the original remote control,Timely helped me for my TV,It will work(for me<U+0001F60A>),Just works"
"B01D5H8LDM","AmazonBasics 3.5mm to 2-Male RCA Adapter Cable For Tablet, Smartphone (Black, 15 feet)","Electronics|HomeTheater,TV&Video|Accessories|Cables|RCACables",492,1200,0.59,4.4,69538,"Solid and quality material,Good product, everything good to buy,Clear and Cristal clear sound,Good,Super,Value for money,Good cable but over priced,Decent quality and 4.6M long"
"B09QGZM8QB","Wayona Usb Type C 65W 6Ft/2M Long Fast Charging Cable Compatible For Samsung S22 S20 Fe S21 Ultra A33 A53 A01 A73 A70 A51 M33 M53 M51 M31(2M, Black)","Computers&Accessories|Accessories&Peripherals|Cables&Accessories|Cables|USBCables",400,999,0.6,4.3,2806,"Good material, fast charging,Costly but good product,Support type c super fast charging,Good quality,Sturdy cable & has decent charging capabilities.,Good buy.,Gud product.,Very good product"
"B08L4SBJRY","Saifsmart Outlet Wall Mount Hanger Holder for Dot 3rd Gen, Compact Bracket Case Plug and Built-in Cable Management for Kitchen Bathroom, Bedroom (Black)","Electronics|HomeAudio|Accessories|SpeakerAccessories|Mounts",351,1299,0.73,4,3295,"Good Quality but cheap color,Good product ,at this price,Good product,<U+0905><U+091A><U+094D><U+091B><U+093E> <U+0939><U+0948><U+0964>,Nice product with finishing issues,Perfect Gen 3 Echo Dot Holder,Happy,Your power outlet has to bear the weight"
"B09X79PP8F","MI 2-in-1 USB Type C Cable (Micro USB to Type C) 30cm for Smartphone, Headphone, Laptop (White)","Computers&Accessories|Accessories&Peripherals|Cables&Accessories|Cables|USBCables",179,299,0.4,3.9,81,"Very useful,Good Product,Good,Very very short wire,Good quality, suitable to use with Powerbank,Great,Not satisfactory,bad not use no working usb cebels no replec prodacts"
"B082T6GVG9","AmazonBasics New Release ABS USB-A to Lightning Cable Cord, Fast Charging MFi Certified Charger for Apple iPhone, iPad Tablet (3-Ft, White)","Computers&Accessories|Accessories&Peripherals|Cables&Accessories|Cables|USBCables",690,1500,0.54,4.2,42301,"Sturdy and good quality,Small cable, works fine,Average,Good one,It affects iPhones’ battery health,Did not like,awesome product,Good"
"B0B4HKH19N","pTron Solero 331 3.4Amps Multifunction Fast Charging Cable, 3-in-1 USB Cable Micro USB/Type-C/iOS, Made in India, Durable & Strong & Tangle-free 118cm in Length (Black)","Computers&Accessories|Accessories&Peripherals|Cables&Accessories|Cables|USBCables",251,931,0.73,3.9,1075,"The metal pin is losing it's strength,Sahi h bs 44 rupe ki and dilivery charge 40,Good Charging cable,Good sturdy micro usb cable with good charging speeds,Cheapest micro USB cable in the market,boat is better than this,I bought this for 199rs best charging cable for all mobiles,Good"
"B08TGG316Z","10k 8k 4k HDMI Cable, Certified 48Gbps 1ms Ultra High Speed HDMI 2.1 Cable 4k 120Hz 144Hz 2k 165Hz 8k 60Hz Dynamic HDR ARC eARC DTS:X Compatible for Mac Gaming PC Soundbar TV Monitor Laptop PS5 4 Xbox","Electronics|HomeTheater,TV&Video|Accessories|Cables|HDMICables",1008,2399,0.58,4.6,3664,"Fantastic Ultra High Speed HDMI cable,Amazing product,Regarding cable"
"B071VMP1Z4","LRIPL Compatible Sony Bravia LCD/led Remote Works with Almost All Sony led/LCD tv's","Electronics|HomeTheater,TV&Video|Accessories|RemoteControls",399,399,0,3.9,1951,"Works like Charm,Useful,Good,Very nice,Doesn't perform like an original.,Working properly,Most of the functions work,It’s Working"
"B071SDRGWL","boAt Type-c A400 Type-c to USB A Cable for All Type C Phones (Lg nexus 5x), 1Mtr(Black)","Computers&Accessories|Accessories&Peripherals|Cables&Accessories|Cables|USBCables",350,699,0.5,4.3,20850,"Just buy it dont even 2nd guess it,Quality is good,Nylon braided quiet sturdy,Amazing,Feels like steel harnessed wire - strong,Sturdy and durable. Useful for charging Power Banks,good,Nice quality"
"B08PSQRW2T","Zoul Type C to Type C Fast Charging Cable 65W 2M/6ft USB C Nylon Braided Cord Compatible with MacBook Oneplus 9 9R Samsung Galaxy S21 Ultra S20+ (2M, Black)","Computers&Accessories|Accessories&Peripherals|Cables&Accessories|Cables|USBCables",396,1099,0.64,4.1,2685,"Changing speed,Make it better,Superb Build Quality,Highly satisfied,Best Charging Cable Ever,Good value for money option,Cable quality,Nice"
"B0859M539M","TP-LINK AC1300 Archer T3U Plus High Gain USB 3.0 Wi-Fi Dongle, Wireless Dual Band MU-MIMO WiFi Adapter with High Gain Antenna, Supports Windows 11/10/8.1/8/7/XP/MacOS","Computers&Accessories|NetworkingDevices|NetworkAdapters|WirelessUSBAdapters",1709,2999,0.43,4.4,24780,"Works flawlessly on Ubuntu 22.04 (if installed correctly),Best for kali. Do not read another review.,Nice product,From 0 to 70 …,Good External Wifi Signal Provider,Superb,Awesome and easy to use,Good product"
"B08RX8G496","LRIPL Mi Remote Control with Netflix & Prime Video Button Compatible for Mi 4X LED Android Smart TV 4A Remote Control (32""/43"") with Voice Command (Pairing Required)","Electronics|HomeTheater,TV&Video|Accessories|RemoteControls",659,1099,0.4,3.2,285,"Rmote for MI TV,Good,Good but low quality,Remote is faulty . It looses it's connectivity with the tv atleast 50 times in a day.,Failure of the Unit.,All good, except voice recognition,But for first time user. Manually switch on and then pair. After pairing it's good,working good"
"B002SZEOLG","TP-Link Nano USB WiFi Dongle 150Mbps High Gain Wireless Network Wi-Fi Adapter for PC Desktop and Laptops, Supports Windows 10/8.1/8/7/XP, Linux, Mac OS X (TL-WN722N)","Computers&Accessories|NetworkingDevices|NetworkAdapters|WirelessUSBAdapters",750,1339,0.44,4.2,179692,"Works on linux for me. Get the model with antenna.,Does what it say but other brands available at lesser price,Easy Handle,Great product,Perfect working,Speed is perfect,Great Design, Build, Connectivity Range, Packaging and other features but no linux support since v2,Very good"
"B00RFWNJMC","Airtel DigitalTV DTH Remote SD/HD/HD Recording Compatible for Television (Shining Black )","Electronics|HomeTheater,TV&Video|Accessories|RemoteControls",195,499,0.61,3.7,1383,"Good product,Not bad,WORKING WITH Airtel DTH,Good,Ok not bad,This was so old,Not bed !,Worst product"
"B082T6GXS5","AmazonBasics New Release Nylon USB-A to Lightning Cable Cord, MFi Certified Charger for Apple iPhone, iPad, Silver, 6-Ft","Computers&Accessories|Accessories&Peripherals|Cables&Accessories|Cables|USBCables",1008,2100,0.52,4.5,5492,"Good,QUALITY IS GOOD,Value for money product,Very nice,Not supporting for CarPlay,Good,1 month review,strong enough"
"B09CMQRQM6","Ambrane Fast 100W Output Cable with Type-C to Type-C for Mobile, Laptop, Macbook & Table Charging, 480mbps Data Sync Speed, Braided Cable, 1.5m Length (ABCC-100, Black-Grey)","Computers&Accessories|Accessories&Peripherals|Cables&Accessories|Cables|USBCables",503,899,0.44,4.2,919,"Durable,Good Product,Okay <U+0001F44C>,So far so good,An absolute best,Good cable,Worth the money,Good for charging Not good for data transfer"
"B005LJQMCK","BlueRigger Digital Optical Audio Toslink Cable (3.3 Feet / 1 Meter) With 8 Channel (7.1) Audio Support (for Home Theatre, Xbox, Playstation etc.)","Electronics|HomeTheater,TV&Video|Accessories|Cables|OpticalCables",413,599,0.31,4.2,30023,"Value for Money,A good upgrade from stock cable.,GOOD CABLE,Value for the money,Great buy,Overall good,Awesome experience,Worked as expected"
"B09C6H53KH","Duracell Type-C To Micro 1.2M braided Sync & Charge Cable, USB C to Micro Fast Charge Compatible for fast data transmission (Black)","Computers&Accessories|Accessories&Peripherals|Cables&Accessories|Cables|USBCables",370,699,0.47,4.2,387,"Superb,Reviewing after 3 months of use,Good braided cable.,The best cable. Very useful.,0k,Does The Job,superb  Product !!!,It's fast charging cable."
"B08QSDKFGQ","Zoul USB Type C Fast Charging 3A Nylon Braided Data Cable Quick Charger Cable QC 3.0 for Samsung Galaxy M31s M30 S10 S9 S20 Plus, Note 10 9 8, A20e A40 A50 A70 (1M, Grey)","Computers&Accessories|Accessories&Peripherals|Cables&Accessories|Cables|USBCables",341,1099,0.69,4.3,974,"Great Cable, Charging Speeds Could Be Better,Good,A good cable.,One of the best type c cable,Works as intended.,A good buy. The extra length helps a lot.,Good,Ok"
"B07YTNKVJQ","MI Xiaomi USB Type C HYperCharge Cable 6A 100cm Sturdy and Durable Black Supports 120W HyperCharging","Computers&Accessories|Accessories&Peripherals|Cables&Accessories|Cables|USBCables",494,1299,0.62,4.3,30411,"Worth for money - suitable for Android auto,Good Product,Length,Nice,Original,Very good quay Cable support fast charging.,Original MI cable for charging upto 33 watt,I am veri happy with this product as it provide turbo charging."
"B0117H7GZ6","GENERIC Ultra-Mini Bluetooth CSR 4.0 USB Dongle Adapter for Windows Computer ( Black:Golden)","Computers&Accessories|NetworkingDevices|NetworkAdapters|WirelessUSBAdapters",247,399,0.38,3.4,4642,"Install CSR Driver For Advanced Features + Stability (More Than Just Bluetooth),Thik h,Driver installation CD was missing from the package.,Not compatible for office usage,Spr,THIS IS MY 2ND ORDER,Waste of time & Money , Not recommend,Wrong product delivered."
"B09XJ1LM7R","7SEVEN® Compatible for Tata Sky Remote Original Set Top HD Box and Suitable for SD Tata Play setup Box Remote Control","Electronics|HomeTheater,TV&Video|Accessories|RemoteControls",400,799,0.5,4.3,12,"do not buy"
"B084N133Y7","Belkin Apple Certified Lightning To Type C Cable, Fast Charging For Iphone, Ipad, Air Pods, 3.3 Feet (1 Meters)    White","Computers&Accessories|Accessories&Peripherals|Cables&Accessories|Cables|USBCables",1499,1999,0.25,4.4,1951,"Perfect product,Better than the original cable,Better then original,Good,The Very Best,Works absolutely fine,Charging is very slow.,Best Product"
"B07VSG5SXZ","ZEBRONICS HAA2021 HDMI version 2.1 cable with 8K @ 60Hz, 4K @ 120Hz, eARC & CEC support, 3D compatible, 2 meters length, 48Gbps max and Gold-plated connectors","Electronics|HomeTheater,TV&Video|Accessories|Cables|HDMICables",630,1499,0.58,4.1,24,"good,Worth product,Good quality,Very good HDMI 2.1 cable,Best hdmi 2.1 cable 8k 60hz / 4k 120hz,Did not like the quality and when connected I see a red color picture,Value for money  must buy it for eArc"
"B08RWCZ6SY","7SEVEN® Compatible for Sony Bravia LCD LED UHD OLED QLED 4K Ultra HD TV remote control with YouTube and NETFLIX Hotkeys. Universal Replacement for Original Sony Smart Android tv Remote Control","Electronics|HomeTheater,TV&Video|Accessories|RemoteControls",396,899,0.56,3.9,254,"Working good.,All functions are working,Few buttons were not properly functional,Its better then original even its light weight with softr buttons.,In this price range it's oky product,Good for the price. The buttons look good not hard like other remotes. It's a good to go product,Not user friendly remote no voice recognition option but it value for money,Good"
"B07KSB1MLX","AmazonBasics Digital Optical Coax to Analog RCA Audio Converter Adapter with Fiber Cable","Electronics|HomeTheater,TV&Video|Accessories|Cables|OpticalCables",1088,1600,0.32,4,3565,"Satisfactory one,Optical cable loose contact,Digital to Analogue converter,Its a good Product to connect Home Theater Music System without optical audio port.,Very good product.,Good,High quality amezon basic top notch go for best sound quality,Good"
"B081FG1QYX","Wayona Type C Cable Nylon Braided USB C QC 3.0 Fast Charging Short Power Bank Cable for Samsung Galaxy S10e/S10+/S10/S9/S9+/Note 9/S8/Note 8, LG G7 G5 G6, Moto G6 G7 (0.25M, Black)","Computers&Accessories|Accessories&Peripherals|Cables&Accessories|Cables|USBCables",340,999,0.66,4.3,6255,"Good pick for Galaxy Note 9,Durable and quality product,Best Cable for Android Auto,The cable I will always carry when I pack my stuff for a ride.,Good charging capacity and data transfers,I bought it for my bike,Excellent,<U+0001F44D>"
"B08R69WBN7","Pinnaclz Original Combo of 2 USB Type C Fast Charging Cable, USB C Data Cable for Charging and Data Transfer Smart Phones White 1.2 Meter Made in India (Pack of 2)","Computers&Accessories|Accessories&Peripherals|Cables&Accessories|Cables|USBCables",150,499,0.7,4,7732,"Very good product and met my need.  Thanks,Decent value,Nice quality… trustable…,Just well in this price.,supports 2.4 amps fast charging,Nice,Nice.,Value for money"
"B0B3RHX6B6","Ambrane BCL-15 Lightning Cable for Smartphone (1.5m Black)","Computers&Accessories|Accessories&Peripherals|Cables&Accessories|Cables|USBCables",148,399,0.63,3.9,57,"Quality is good,Very sturdy,Very Good Item for the price offered,This lightening cable support data transfer as well got this at <U+20B9>99,Lightning cable,worst product.,Great,It's very good product I really happy it's quality was amazing thankyou Amazon"
"B084N18QZY","Belkin USB C to USB-C Fast Charging Type C Cable, 60W PD, 3.3 feet (1 meter) for Laptop, Personal Computer, Tablet, Smartphone - Black, USB-IF Certified","Computers&Accessories|Accessories&Peripherals|Cables&Accessories|Cables|USBCables",603,849,0.29,4.5,577,"Good only for Charging,Well it's a great cable you can trust on,Another quality product from Belkin & Amazon,60W support not clear,Become a belkin fan,Happy with performance,The only competitor to original cables,good"
"B081NHWT6Z","LOHAYA Television Remote Compatible with Samsung Smart LED/LCD/HD TV Remote Control [ Compatible for All Samsung Tv Remote Control ]","Electronics|HomeTheater,TV&Video|Accessories|RemoteControls",300,1199,0.75,3.9,1193,"Worthy product,Very good generic remote for Samsung LED/LCD TV.,Working<U+0001F44D>,Overall good,Good built quality,Durability is my concern,It is perfect for Samsung smart tv,good"
"B07JPJJZ2H","Wayona Nylon Braided Lightning USB Data Sync & 3A Charging Cable for iPhones, iPad Air, iPad Mini, iPod Nano and iPod Touch (3 FT Pack of 1, Grey)","Computers&Accessories|Accessories&Peripherals|Cables&Accessories|Cables|USBCables",403,1299,0.69,4.2,13120,"Good product,Is worth the money you are paying for it,Good quality cable,Go for it!,Nice product<U+2611><U+FE0F>,Good buy,You can trust Wayona,Quality product  , Life of product is good  ."
"B09JKNF147","Electvision Remote Control Compatible with Kodak/Thomson Smart led tv (Without Voice) Before Placing Order for verification Contact Our coustmer Care 7738090464","Electronics|HomeTheater,TV&Video|Accessories|RemoteControls",340,1999,0.83,4,343,"really good producers,Thompson smart tv remote control,Best for Kodak tv,I love it,Not feather touch,Working fine,Best without voice control,Value for Money"
"B09PNR6F8Q","realme 10W Fast Charging Micro-USB Cable (Braided, Black)","Computers&Accessories|Accessories&Peripherals|Cables&Accessories|Cables|USBCables",247,399,0.38,4,6558,"Great to use, serves the purpose,Good Quality,Good,Good one,It's okay,Good original cable,Good quality,V good product"
"B07M69276N","TP-Link AC1300 USB WiFi Adapter (Archer T3U) - 2.4G/5G Dual Band Mini Wireless Network Adapter for PC Desktop, MU-MIMO Wi-Fi Dongle, USB 3.0, Supports Windows 11,10, 8.1, 8, 7, XP/Mac OS 10.15 and earlier","Computers&Accessories|NetworkingDevices|NetworkAdapters|WirelessUSBAdapters",1399,2499,0.44,4.4,23169,"Good device and makes your laptop to utilize maximum wifi speed.,Good Product, worth of buying,Best to recieve 5g or fiber speed,Good,This is really a good Wifi-Adpater and a life saver,Wifi 5 speeds are amazing!,Booster speed,Best Product to Buy"
"B09YLYB9PB","Ambrane 60W / 3A Fast Charging Output Cable with Micro to USB for Mobile, Neckband, True Wireless Earphone Charging, 480mbps Data Sync Speed, 1m Length (ACM - AZ1, Black)","Computers&Accessories|Accessories&Peripherals|Cables&Accessories|Cables|USBCables",148,399,0.63,4,1423,"GOOD,Thank you  Amazon very good charging cable,Good,Very good product,good quality,Very Good Product,This is fast charging USB!,Simply perfect at the price of below 100"
"B08CTNJ985","Wayona USB Type C 65W Fast Charging 2M/6Ft Long Flash Charge Cable 3A QC 3.0 Data Cable Compatible with Samsung Galaxy S21 S10 S9 S8, iQOO Z3, Vivo, Note 10 9 8, A20e A40 A50 A70, Moto G7 G8 (2M, Grey)","Computers&Accessories|Accessories&Peripherals|Cables&Accessories|Cables|USBCables",330,999,0.67,4.3,2651,"Worth the money spent,Nice product also the sterdiness good as expected.,Not the correct charger for Samsung S9,Nice product,Superb,Doubts on fast charging,One time purchase,Good Product"
"B0BP7XLX48","Syncwire LTG to USB Cable for Fast Charging Compatible with Phone 5/ 5C/ 5S/ 6/ 6S/ 7/8/ X/XR/XS Max/ 11/12/ 13 Series and Pad Air/Mini, Pod & Other Devices (1.1 Meter, White)","Computers&Accessories|Accessories&Peripherals|Cables&Accessories|Cables|USBCables",400,1999,0.8,5,5,"Good,Superb quality,Good products  nice one,Working well with iphone11.,I always rely on this companys products , so very good. Thank you so much"
"B09LHXNZLR","Skadioo WiFi Adapter for pc | Car Accessories, WiFi Dongle for pc | USB WiFi Adapter for pc | Wi-Fi Receiver 2.4GHz, 802.11b/g/n UNano Size WiFi Dongle Compatible Adapter,WiFi dongle for pc","Computers&Accessories|NetworkingDevices|NetworkAdapters|WirelessUSBAdapters",200,499,0.6,3.7,612,"Good,Very nice,Best quality,Not bad,Best WiFi module,good,Working fine,Good Product"
"B0B3N8VG24","FLiX (Beetel USB to Type C PVC Data Sync & 15W(3A) TPE Fast Charging Cable, Made in India, 480Mbps Data Sync, 1 Meter Long cable for all Andriod & all Type C Devices (Black)(XCD - FPC02)","Computers&Accessories|Accessories&Peripherals|Cables&Accessories|Cables|USBCables",87,299,0.71,4,9378,"Worked on iPhone 7 and didn’t work on XR,Good one,Dull Physical Looks,Just Buy it,Go for it,About the product,Get charging cable at the price,Working well."
"B08PSVBB2X","Zoul USB C to USB C Fast Charging Cable 65W Type C to Type C Nylon Braided Cord Compatible with Macbook Oneplus 9 10R Samsung Galaxy S22 S21 Ultra Z Flip3 Macbook Air/Pro M1 Google Pixel 11'' iPad Pro 2020/2018 (2M, Grey)","Computers&Accessories|Accessories&Peripherals|Cables&Accessories|Cables|USBCables",396,1099,0.64,4.1,2685,"Changing speed,Make it better,Superb Build Quality,Highly satisfied,Best Charging Cable Ever,Good value for money option,Cable quality,Nice"
"B0B3MQXNFB","FLiX (Beetel Flow USB to Micro USB PVC Data Sync & 12W(2.4A) Fast Charging Cable,Made in India,480Mbps Data Sync,Solid Cable,1 Meter Long cable for all Andriod & Micro USB Devices (Black)(XCD-FPM01)","Computers&Accessories|Accessories&Peripherals|Cables&Accessories|Cables|USBCables",58,199,0.71,4,9378,"Worked on iPhone 7 and didn’t work on XR,Good one,Dull Physical Looks,Just Buy it,Go for it,About the product,Get charging cable at the price,Working well."
"B08XMSKKMM","7SEVEN® Bluetooth Voice Command Remote for Xiaomi Redmi Mi Smart TV with Netflix & Prime Video Hot Keys XMRM-00A","Electronics|HomeTheater,TV&Video|Accessories|RemoteControls",800,1999,0.6,3.3,576,"Compatibility,Good one but voice not working propoer,Good but needs improvement in quality,Not strong,Works good,Waste of money,Works well,Don't buy... This remote"
"B09L8DT7D6","Sony TV - Remote Compatible for Sony LED Remote Control Works with Sony LED TV by Trend Trail Speed tech & Remote hi Remote & REO India only","Electronics|HomeTheater,TV&Video|Accessories|RemoteControls",205,499,0.59,3.8,313,"Poor plastic Material but it works.,Very cheap material but it works...,Good one,Working on par with original,Working well , quality is okay,Value for money,Not for good,It looks like original"
"B00GE55L22","Storite USB 3.0 Cable A to Micro B high Speed Upto 5 Gbps Data Transfer Cable for Portable External Hard Drive - (20cm), Black","Computers&Accessories|Accessories&Peripherals|Cables&Accessories|Cables|USBCables",301,699,0.57,4.1,2957,"Good quality product and long lasting.,Ok,Really fast.,Yes good,Cable speed,Goid,Working fine,Just worth it"
"B0162K34H2","boAt LTG 500 Apple MFI Certified for iPhone, iPad and iPod 2Mtr Data Cable(Space Grey)","Computers&Accessories|Accessories&Peripherals|Cables&Accessories|Cables|USBCables",849,999,0.15,4.1,6736,"Reliability,Best non apple usb to lightning cable,Good,Good quality using since a year,Good,Very good product,Nice cable,Worth Your Money and best alternative"
"B0B8SRZ5SV","AmazonBasics USB C to Lightning Aluminum with Nylon Braided MFi Certified Charging Cable (Grey, 1.2 meter)","Computers&Accessories|Accessories&Peripherals|Cables&Accessories|Cables|USBCables",940,1999,0.53,4.4,13552,"Good,Worth to buy,Great value for price,Good product,Nice product.,Reliable and worth it!,Much more sturdy and durable than Apple cable,Good"
"B07CWNJLPC","AmazonBasics Double Braided Nylon USB Type-C to Type-C 2.0 Cable Smartphone (Dark Grey, 3 feet)","Computers&Accessories|Accessories&Peripherals|Cables&Accessories|Cables|USBCables",504,1200,0.58,4.3,5451,"Overall it's a good product for mobile charging.,Awesome <U+0001F60E>,Gud data cabel....,Very good USB C TO USB C Cable .The one does not entangle to develop fold leading to cracks and cuts,Best,Rigid and high quality,Super durable,Great i have been using for 6 month"
"B00NH12R1O","Amazon Basics USB 3.0 Cable - A Male to Micro B - 6 Feet (1.8 Meters), Black","Computers&Accessories|Accessories&Peripherals|Cables&Accessories|Cables|USBCables",301,485,0.38,4.3,10911,"High price,Good quality,Go for it,3.0,Thank you Amazon,Awesome buy,Ok,Nice product"
"B0B8SSC5D9","AmazonBasics USB C to Lightning Aluminum with Nylon Braided MFi Certified Charging Cable (Grey, 1.8 meter)","Computers&Accessories|Accessories&Peripherals|Cables&Accessories|Cables|USBCables",940,1999,0.53,4.4,13552,"Good,Worth to buy,Great value for price,Good product,Nice product.,Reliable and worth it!,Much more sturdy and durable than Apple cable,Good"
"B08WKG2MWT","Wayona Usb C 65W Fast Charging Cable Compatible For Tablets Samsung S22 S20 S10 S20Fe S21 S21 Ultra A70 A51 A71 A50S M31 M51 M31S M53 5G (1M, Black)","Computers&Accessories|Accessories&Peripherals|Cables&Accessories|Cables|USBCables",374,1099,0.66,4.3,2806,"Good material, fast charging,Costly but good product,Support type c super fast charging,Good quality,Sturdy cable & has decent charging capabilities.,Good buy.,Gud product.,Very good product"
"B005LJQMZC","BlueRigger Digital Optical Audio Toslink Cable (6 Feet / 1.8 Meter) With 8 Channel (7.1) Audio Support (for Home Theatre, Xbox, Playstation etc.)","Electronics|HomeTheater,TV&Video|Accessories|Cables|OpticalCables",480,1999,0.76,4.2,30023,"Value for Money,A good upgrade from stock cable.,GOOD CABLE,Value for the money,Great buy,Overall good,Awesome experience,Worked as expected"
"B07DC4RZPY","Amazon Basics USB A to Lightning MFi Certified Charging Cable (White, 1.2 meter)","Computers&Accessories|Accessories&Peripherals|Cables&Accessories|Cables|USBCables",700,1999,0.65,4.1,178817,"Data transfer not the best,Good cable for iphone,Working Good,Best quality,Fast charging,Genuine product,Nice product,Good"
"B08GJNM9N7","LOHAYA Television Remote Compatible for VU LED LCD HD Tv Remote Control Model No :- EN2B27V","Electronics|HomeTheater,TV&Video|Accessories|RemoteControls",300,1199,0.75,3.7,490,"Works just fine for my vu tv,Quality to be improve,Good,Good product,Value for money <U+0001F44D>,Works fine with Vu smart TV,Good Product. Suitable for VU,Ok, Quality can be improved"
"B09C6FML9B","Duracell Micro USB 3A Braided Sync & Fast Charging Cable, 3.9 Feet (1.2M). Supports QC 2.0/3.0 Charging, High Speed Data Transmission - Black","Computers&Accessories|Accessories&Peripherals|Cables&Accessories|Cables|USBCables",317,599,0.47,4.1,491,"Good product,Good product,Built and charge power,Nice product Happy to buy,Not recommended,Good quality but charge little slow,Stopped working within 6 months,Value for money"
"B0B65MJ45G","Zebronics CU3100V Fast charging Type C cable with QC 18W support, 3A max capacity, 1 meter braided cable, Data transfer and Superior durability (Braided Black + White)","Computers&Accessories|Accessories&Peripherals|Cables&Accessories|Cables|USBCables",137,549,0.75,3.9,61,"Terrible,Charging status,Good quality,good charging,Nice product,Waste of Money.,Fast Charging Cable,Charching"
"B08P9RYPLR","FLiX (Beetel) USB to iPhone Lightning Textured Pattern Data Sync & 2A Fast Charging Cable, Made in India, 480Mbps Data Sync, Tough Cable, 1 Meter Long USB Cable for Apple Devices (Black)(XCD-L102)","Computers&Accessories|Accessories&Peripherals|Cables&Accessories|Cables|USBCables",129,249,0.48,4,9378,"Worked on iPhone 7 and didn’t work on XR,Good one,Dull Physical Looks,Just Buy it,Go for it,About the product,Get charging cable at the price,Working well."
"B084MZXJN6","Belkin Apple Certified Lightning to USB Charge and Sync Cable for iPhone, iPad, Air Pods, 39.6 inch (100cm) – Black","Computers&Accessories|Accessories&Peripherals|Cables&Accessories|Cables|USBCables",1002,1699,0.41,4.4,7318,"You might be able to get away by using other usb too,Built well but there are flaws.,Good alternative for Apple cable,Good alternative,Best buy,Good,Value for Money,Works as advertised."
"B08XMG618K","Time Office Scanner Replacement Cable for Startek FM220U (Type C) Ivory","Computers&Accessories|Accessories&Peripherals|Cables&Accessories|Cables|USBCables",225,499,0.55,4.1,789,"Good product,Working,Something is better than nothing,Average,Good,good product,Good work,Good"
"B0BCKWZ884","Caldipree Silicone Case Cover Compatible for 2022 Samsung Smart TV Remote QLED TV BN68-13897A TM2280E (2022-BLACK)","Electronics|HomeTheater,TV&Video|Accessories|RemoteControls",540,2999,0.82,4.3,407,"Fitting issue,Perfect fit good quality product,good product,<U+0001F44C><U+0001F3FB>Fit, <U+0001F44D><U+0001F3FB>cost wise, <U+0001F44D><U+0001F3FB><U+0001F44D><U+0001F3FB>material.,Wonderful product,Good for. New remote.,Nice product,Perfect for samsung frame series solar remote"
"B00GGGOYEK","Storite USB 2.0 A to Mini 5 pin B Cable for External HDDS/Camera/Card Readers 35cm","Computers&Accessories|Accessories&Peripherals|Cables&Accessories|Cables|USBCables",259,699,0.63,3.8,2399,"Useful but the length is a bit short,This product is overpriced,Not proper,good,Happy to get it,USB Cable,good,Theek hi h"
"B07ZR4S1G4","Universal Remote Control for All Sony TV for All LCD LED and Bravia TVs Remote","Electronics|HomeTheater,TV&Video|Accessories|RemoteControls",238,699,0.66,4.4,2640,"Excellent solution for Sony TVs,Worth purchase,Very bad,Bad product,Remote,Good quality"
"B09C635BMM","Cotbolt Silicone Case Cover Compatible for Samsung BN59-01312A QLED 8K 4K Smart TV Remote Shockproof Protective Remote Cover (Black)","Electronics|HomeTheater,TV&Video|Accessories|RemoteControls",350,999,0.65,4,839,"Damaged product,Good quality aa well as fit,Good but fits loose at top, bit tight at bottom.,Fits the Samsung Smart TV Remote Perfectly!!,Perfectly fitted,Costly but good,Average product,A worthy product"
"B00GG59HU2","BlueRigger High Speed HDMI Cable with Ethernet - Supports 3D, 4K 60Hz and Audio Return - Latest Version (3 Feet / 0.9 Meter)","Electronics|HomeTheater,TV&Video|Accessories|Cables|HDMICables",467,599,0.22,4.4,44054,"BEST WITH BOAT & LG SMART TV,This product is overpriced,Good picture quality, sturdy,It worked when I connect with soundbar to the smart TV,Good <U+0001F44D>,Good quality product my solve screen onn off,Ok,This cable support HDMI arc, but each time we have to select port in TV"
"B00RGLI0ZS","Amkette 30 Pin to USB Charging & Data Sync Cable for iPhone 3G/3GS/4/4s/iPad 1/2/3, iPod Nano 5th/6th Gen and iPod Touch 3rd/4th Gen -1.5m (Black)","Computers&Accessories|Accessories&Peripherals|Cables&Accessories|Cables|USBCables",449,599,0.25,4,3231,"It works,Reasonably Good Product,Very usefull,Work with iPod perfectly.,Not a good product,Wonderful Product and fast charging,Nice cable,Usefull to me"
"B07HZ2QCGR","POPIO Type C Dash Charging USB Data Cable for OnePlus Devices","Computers&Accessories|Accessories&Peripherals|Cables&Accessories|Cables|USBCables",347,599,0.42,3.9,8314,"They did what they said... Sent a replacement when complained...,Charging Rapidly on Replacement,They did what they said... Sent a replacement when complained...,Capacity,Not original but worth buying,Does not support fast charging,Good,Good quality"
"B095244Q22","MYVN LTG to USB for Fast Charging & Data Sync USB Cable Compatible for iPhone 5/5s/6/6S/7/7+/8/8+/10/11, iPad Air/Mini, iPod and iOS Devices (1 M)","Computers&Accessories|Accessories&Peripherals|Cables&Accessories|Cables|USBCables",250,999,0.75,3.7,2249,"Value for money,faulty product,Must buy,Best one,Fine with the charger,Not upto the mark…one time usage product,Value for money,review"
"B08CKW1KH9","Tata Sky Universal Remote Compatible for SD/HD","Electronics|HomeTheater,TV&Video|Accessories|RemoteControls",204,599,0.66,3.6,339,"its not Universal,Tatasky remote from Amazon is cheapest, best,Good services by amazon,Okay product,1 item missing,Nice product,Ok,Good for general use"
"B08RHPDNVV","7SEVEN® Compatible Tata Sky Remote Control Replacement of Original dth SD HD tata Play Set top Box Remote - IR Learning Universal Remote for Any Brand TV - Pairing Must","Electronics|HomeTheater,TV&Video|Accessories|RemoteControls",234,599,0.61,3.5,197,"Value for money,Does the job,Waste of money product,Ok types,Waste product,Good for the price and works well with Tatasky remote,Don't buy it,It works"
"B00NH13Q8W","AmazonBasics USB 2.0 Extension Cable for Personal Computer, Printer, 2-Pack - A-Male to A-Female - 3.3 Feet (1 Meter, Black)","Computers&Accessories|Accessories&Peripherals|Cables&Accessories|Cables|USBCables",296,800,0.63,4.5,74977,"Nice,good,Paisa vassol,Sturdy and long.,Good for the price and great quality.,Works as expected,Good,Good"
"B0B8SSZ76F","Amazon Basics USB C to Lightning TPE MFi Certified Charging Cable (White, 1.2 meter)","Computers&Accessories|Accessories&Peripherals|Cables&Accessories|Cables|USBCables",800,1999,0.6,4.2,8583,"Perfect cable for my use. Far better than the apple cable provided with my Ipad,Good buy,Good quality,Amazing build quality superb power full fast cable for my iPhone 11 pro,Good Product (Rated 5 star earlier but now reduced to 3 star as it stopped working within 6 months),Not so great,Good,Good product"
"B0841KQR1Z","Crypo™ Universal Remote Compatible with Tata Sky Universal HD & SD Set top Box (Also Works with All TV)","Electronics|HomeTheater,TV&Video|Accessories|RemoteControls",300,999,0.7,3.8,928,"Good compatibility,Good Product,Good nice serves the purpose ..Build quality is also good .,Not meet the anticipation.,Good,Nive product worth for money.,Horrible experience,Thanks for prompt replacement."
"B08PPHFXG3","Posh 1.5 Meter High Speed Gold Plated HDMI Male to Female Extension Cable (Black)","Electronics|HomeTheater,TV&Video|Accessories|Cables|HDMICables",170,999,0.83,4.3,1237,"It's working perfectly for my mi stick,It's a genuine product,good items. value for money.,good,Good quality product,value for money,Nice picture quality,Good Product"
"B06XR9PR5X","Amazon Basics HDMI Coupler,Black","Electronics|HomeAudio|Accessories|Adapters",210,600,0.65,4.4,18872,"Good Quality Product,Good Product,Good,Perfect HDMI coupler,Very Good Connector,Does the job,Product is good but not working with Fire tv stick.,Perfect"
"B09JSW16QD","boAt LTG 550v3 Lightning Apple MFi Certified Cable with Spaceship Grade Aluminium Housing,Stress Resistance, Rapid 2.4A Charging & 480mbps Data Sync, 1m Length & 10000+ Bends Lifespan(Mercurial Black)","Computers&Accessories|Accessories&Peripherals|Cables&Accessories|Cables|USBCables",849,1490,0.43,3.9,356,"Low quality material use,Good one,Cable is good,Charging,Good,Good,Best car charging cable,Subscribe My channel - Tunetworks GAming"
"B07JH1CBGW","Wayona Nylon Braided Usb Syncing And Charging Cable Sync And Charging Cable For Iphone, Ipad (3 Ft, Black) - Pack Of 2","Computers&Accessories|Accessories&Peripherals|Cables&Accessories|Cables|USBCables",640,1999,0.68,4.2,24269,"Satisfied,Charging is really fast,Value for money,Product review,Good quality,Good product,Good Product,As of now seems good"
"B09127FZCK","Astigo Compatible Remote for Airtel Digital Set Top Box (Pairing Required with TV Remote)","Electronics|HomeTheater,TV&Video|Accessories|RemoteControls",297,899,0.67,3.8,425,"Good product,Bit price high.,Not the best,Issue with On off Button since first day.,Nice remote,Good,Stopped working in 1 month,Awesome product"
"B083GQGT3Z","Caprigo Heavy Duty TV Wall Mount Stand for 12 to 27 inches LED/LCD/Monitor Screen's, Full Motion Rotatable Universal TV & Monitor Wall Mount Bracket with Swivel & Tilt Adjustments (Single Arm - M416)","Electronics|HomeTheater,TV&Video|Accessories|TVMounts,Stands&Turntables|TVWall&CeilingMounts",400,799,0.5,4.1,1161,"Good for monitors and light weight TVs,Good adherness but adjustment screw is weak to adhere screen properly,Good,Quality is good,Good product, but has a fault,Space saver,DIY install a bit difficult,Very strong and sturdy"
"B09Q8WQ5QJ","Portronics Konnect L 60W PD Type C to Type C Mobile Charging Cable, 1.2M, Fast Data Sync, Tangle Resistant, TPE+Nylon Braided(Grey)","Computers&Accessories|Accessories&Peripherals|Cables&Accessories|Cables|USBCables",250,499,0.5,4.1,1508,"Good,Works with Samsung Fold 4 fast charge,Ok,Nice product,Great Cable for Charging,Charging problem seen a little bit,Best cable,A good contender for well known branded C2C cables."
"B07YZG8PPY","TATA SKY HD Connection with 1 month basic package and free installation","Electronics|HomeTheater,TV&Video|SatelliteEquipment|SatelliteReceivers",1241,2299,0.46,4.3,7636,"Very good product,All items is really good,value money,Good,Worthy product,Ok,Quality and Price marks Top.,Delivery too late , but nice products"
"B09H39KTTB","Remote Compatible for Samsung LED/LCD Remote Control Works with Samsung LED/LCD TV by Trend Trail","Electronics|HomeTheater,TV&Video|Accessories|RemoteControls",215,499,0.57,3.7,246,"Nice product.... Works well... Satisfactory purchase....,Not original Samsung remote,Nice,Not a bad deal,very good,Plastic quality,Works perfect!,Work well"
"B08DCVRW98","SoniVision SA-D10 SA-D100 SA-D40 Home Theater Systems Remote Compatible with Sony RM-ANU156","Electronics|HomeTheater,TV&Video|Accessories|RemoteControls",210,499,0.58,4,479,"Better than original sony remote control,Good delivery time,Recommend to buy,Value for money but with other considerations,Excellent,Good,Superb,Excellent product!! Works well"
"B0718ZN31Q","Rts™ High Speed 3D Full HD 1080p Support (10 Meters) HDMI Male to HDMI Male Cable TV Lead 1.4V for All Hdmi Devices- Black (10M - 30 FEET)","Electronics|HomeTheater,TV&Video|Accessories|Cables|HDMICables",600,4999,0.88,4.2,910,"Good quality but not superb,Good,Good,Not working properly,Must buy,Authentic. Orignal. Excellent,Not so good,Worth every paisa"
"B0162LYSFS","boAt LTG 500 Apple MFI Certified for iPhone, iPad and iPod 2Mtr Data Cable(Metallic Silver)","Computers&Accessories|Accessories&Peripherals|Cables&Accessories|Cables|USBCables",805,1749,0.54,4.1,5626,"Worst product wornout after 2 months,Good product,Awesome | great,Worth a buy,Best Product!,Great one compare to original cable,Worked for a month, the power supply isn't as mentioned.,Ehh bhut lambi haii"
"B07PFJ5VQD","Agaro Blaze USBA to micro +Type C 2in1 Braided 1.2M Cable","Computers&Accessories|Accessories&Peripherals|Cables&Accessories|Cables|USBCables",161,595,0.73,4.3,14184,"Very good quality.,Nice product,Not a fast charger....,nice,A Good Type C adapter,Nice product,Value for money and easy to use.,Good"
"B01J8S6X2I","AmazonBasics 6 Feet DisplayPort to DisplayPort Cable - (Not HDMI Cable) (Gold)","Computers&Accessories|Accessories&Peripherals|Cables&Accessories|Cables|DVICables",495,1100,0.55,4.4,25177,"Awsome quality,Nice item,Better Display Port Cable,Works! GTX1650 Super, DELL 2520D (MST),Value for money,Not Vesa certified cable.,YOU CAN BUY IT UNDOUBTEDLY.,Check Display settings as soon as you install this cable."
"B07V5YF4ND","LOHAYA LCD/LED Remote Compatible for Sony Bravia Smart LCD LED UHD OLED QLED 4K Ultra HD TV Remote Control with YouTube & Netflix Function [ Compatible for Sony Tv Remote Control ]","Electronics|HomeTheater,TV&Video|Accessories|RemoteControls",300,1199,0.75,3.5,466,"Good product,Switches,Remote is working,Center main button is very weak ,not working well,Punctuality. Delivered in time. Excellent,Remote,Sony Tv Remote,It works"
"B0B65P827P","Zebronics CU3100V Fast charging Type C cable with QC 18W support, 3A max capacity, 1 meter braided cable, Data transfer and Superior durability (Braided Black )","Computers&Accessories|Accessories&Peripherals|Cables&Accessories|Cables|USBCables",126,549,0.77,3.9,61,"Terrible,Charging status,Good quality,good charging,Nice product,Waste of Money.,Fast Charging Cable,Charching"
"B084MZYBTV","Belkin USB C to USB-C Fast Charging Type C Cable, 60W PD, 3.3 feet (1 meter) for Laptop, Personal Computer, Tablet, Smartphone - White, USB-IF Certified","Computers&Accessories|Accessories&Peripherals|Cables&Accessories|Cables|USBCables",603,849,0.29,4.5,474,"Osm,Very good build quality,supports fast charging,Worth the price.,Very nice,Quality,Durability King,Good quality at an affordable price."
"B097ZQTDVZ","7SEVEN® TCL Remote Control Smart TV RC802V Remote Compatible for TCL TV Remote Original 55EP680 40A325 49S6500 55P8S 55P8 50P8 65P8 40S6500 43S6500FS 49S6800FS 49S6800 49S6510FS(Without Voice Function/Google Assistant and Non-Bluetooth remote)","Electronics|HomeTheater,TV&Video|Accessories|RemoteControls",396,899,0.56,3.4,431,"When you can’t find the original this comes handy.,No voice communication,Acceptable for the price,Bad finish, but good product,No,voice recognition is not available,Nice Remote,worked find keys are hard"
"B0B5F3YZY4","Wayona 3in1 Nylon Braided 66W USB Fast Charging Cable with Type C, Lightening and Micro USB Port, Compatible with iPhone, iPad, Samsung Galaxy, OnePlus, Mi, Oppo, Vivo, iQOO, Xiaomi (1M, Black)","Computers&Accessories|Accessories&Peripherals|Cables&Accessories|Cables|USBCables",451,1099,0.59,4,242,"Best rugged cable that supports most of the fast charging standards,It's good <U+0001F44D>,Nice cable, although higher ampere might heat up and damage the cable,Very nice product,Nice product with good quality,Great product, Greater utility, Greatest value provider!,Awesome,good prodct"
"B09G5TSGXV","Hi-Mobiler iPhone Charger Lightning Cable,2 Pack Apple MFi Certified USB iPhone Fast Chargering Cord,Data Sync Transfer for 13/12/11 Pro Max Xs X XR 8 7 6 5 5s iPad iPod More Model Cell Phone Cables","Computers&Accessories|Accessories&Peripherals|Cables&Accessories|Cables|USBCables",256,799,0.68,4,2905,"Average,Nice in this price,Nice,Nice,Good product but takes long time to be delivered,Misleading Title and description,Phone is not getting charged fast.,Works as expected"
"B006LW0WDQ","Amazon Basics 16-Gauge Speaker Wire - 50 Feet","Electronics|HomeTheater,TV&Video|Accessories|Cables|SpeakerCables",398,795,0.5,4.4,12091,"Good,Good Quality,Amazing,Wire cost,Quality and performance is excellent.,Really Impressive,Good and cheap!,GOOD ONE"
"B09YLX91QR","Ambrane 60W / 3A Fast Charging Output Cable with Type-C to USB for Mobile, Neckband, True Wireless Earphone Charging, 480mbps Data Sync Speed, 1m Length (ACT - AZ10, White)","Computers&Accessories|Accessories&Peripherals|Cables&Accessories|Cables|USBCables",180,399,0.55,4,1423,"GOOD,Thank you  Amazon very good charging cable,Good,Very good product,good quality,Very Good Product,This is fast charging USB!,Simply perfect at the price of below 100"
"B081FJWN52","Wayona Usb Type C To Usb Nylon Braided Quick Charger Fast Charging Short Cable For Smartphone (Samsung Galaxy S21/S20/S10/S9/S9+/Note 9/S8/Note 8, Lg G7 G5 G6, Moto G6 G7) (0.25M,Grey)","Computers&Accessories|Accessories&Peripherals|Cables&Accessories|Cables|USBCables",340,999,0.66,4.3,6255,"Good pick for Galaxy Note 9,Durable and quality product,Best Cable for Android Auto,The cable I will always carry when I pack my stuff for a ride.,Good charging capacity and data transfers,I bought it for my bike,Excellent,<U+0001F44D>"
"B0758F7KK7","Caprigo Heavy Duty TV Wall Mount Bracket for 14 to 32 Inch LED/HD/Smart TV’s, Universal Fixed TV Wall Mount Stand (M452)","Electronics|HomeTheater,TV&Video|Accessories|TVMounts,Stands&Turntables|TVWall&CeilingMounts",400,999,0.6,4,1236,"Good quality product with many screws and nuts,Nice product,Ok ok product,It’s accuracy,Screws can be a problem.,Good quality for 32"" TV,Perfect fit for my Sony TV,This costs approx 200 in the local market."
"B09L835C3V","Smashtronics® - Case for Firetv Remote, Fire Stick Remote Cover Case, Silicone Cover for TV Firestick 4K/TV 2nd Gen(3rd Gen) Remote Control - Light Weight/Anti Slip/Shockproof (Black)","Electronics|HomeTheater,TV&Video|Accessories|RemoteControls",200,399,0.5,4.2,1335,"Cover is Little loose for Fire remote cover,I ordered this for colour,Pricing,Nice Product,Overpriced but good quality.,Remote stops working after 3 months,Perfect fot,Perfect size for amazon firestick"
"B098TV3L96","Electvision Remote Control for led Smart tv Compatible with VU Smart Led (Without Voice)","Electronics|HomeTheater,TV&Video|Accessories|RemoteControls",340,1999,0.83,3.8,197,"Good,Good,Good,Mic is not working,Voice not working. You can't enable voice assistant in this remote,Quality is average, buttons are not smooth,Very good,Good"
"B08NCKT9FG","Boat A 350 Type C Cable 1.5m(Jet Black)","Computers&Accessories|Accessories&Peripherals|Cables&Accessories|Cables|USBCables",295,798,0.63,4.4,28791,"Good Stuff... Recommended!!!,Need better quality,<U+090F><U+0915> <U+092E><U+091C><U+092C><U+0942><U+0924> <U+092A><U+094D><U+0930><U+094B><U+0921><U+0915><U+094D><U+091F> <U+0939><U+0948>,Good,best buy of this cable,Best for,Tough,Nil"
"B0B4T6MR8N","pTron Solero M241 2.4A Micro USB Data & Charging Cable, Made in India, 480Mbps Data Sync, Durable 1-Meter Long USB Cable for Micro USB Devices (White)","Computers&Accessories|Accessories&Peripherals|Cables&Accessories|Cables|USBCables",88,800,0.89,3.9,1075,"The metal pin is losing it's strength,Sahi h bs 44 rupe ki and dilivery charge 40,Good Charging cable,Good sturdy micro usb cable with good charging speeds,Cheapest micro USB cable in the market,boat is better than this,I bought this for 199rs best charging cable for all mobiles,Good"
"B01GGKZ4NU","AmazonBasics USB Type-C to USB Type-C 2.0 Cable for Charging Adapter, Smartphone - 9 Feet (2.7 Meters) - White","Computers&Accessories|Accessories&Peripherals|Cables&Accessories|Cables|USBCables",547,995,0.45,4.2,29746,"Its ok product not too good not bad,Cheap and best,Performance,Works well,Not working with Fast Charger,This Type-C cable is awesome<U+0001F60D>.,Does not support display,Good"
"B09BW2GP18","Croma 3A Fast charge 1m Type-C to All Type-C Phones sync and charge cable, Made in India, 480Mbps Data transfer rate, Tested Durability with 8000+ bends (12 months warranty) - CRCMA0106sTC10, Black","Computers&Accessories|Accessories&Peripherals|Cables&Accessories|Cables|USBCables",130,1000,0.87,3.9,295,"Great value for money,Iys good,Poor quality,Good Quality & Great Charging Speed,Slow charging,Durable and fast,It doesn't fit to Samsung mobile,Very fast charge"
"B09B125CFJ","7SEVEN® Compatible for Mi tv Remote Control Original Suitable with Smart Android 4K LED Non Voice Command Xiaomi Redmi Remote of 4A Model 32 43 55 65 inches","Electronics|HomeTheater,TV&Video|Accessories|RemoteControls",352,799,0.56,3.6,323,"Good Product at this Price,Works well directly in front of TV,Iam so happy,Without battery how to check the remote control,Must buy,Good product…,Seven Mi remote,Worst"
"B09RQRZW2X","7SEVEN® Compatible Vu Smart Tv Remote Control Suitable for Original 4K Android LED Ultra HD UHD Vu Tv Remote with Non Voice Feature without google assistant","Electronics|HomeTheater,TV&Video|Accessories|RemoteControls",503,899,0.44,3.7,185,"Netflix button not working others works well,Good,Compatible with Vu Premium TV,Not like the original one..  but not bad.,Not Good Quality,Working fine,Half of the button doesn’t work,Hardness"
"B07924P3C5","Storite High Speed Micro USB 3.0 Cable A to Micro B for External & Desktop Hard Drives 45cm","Computers&Accessories|Accessories&Peripherals|Cables&Accessories|Cables|USBCables",296,799,0.63,4.2,2117,"Cable is working properly,Sturdy,Ok,Its very slow in terms of speed,Good Cable,Plug fits little tight, but does the job fine,Good product,GOOD"
"B08N1WL9XW","FLiX (Beetel) 3in1 (Type C|Micro|Iphone Lightening) Textured Pattern 3A Fast Charging Cable with QC & PD Support for Type C,Micro USB & Lightning Iphone Cable,Made in India,1.5 Meter Long Cable(T101)","Computers&Accessories|Accessories&Peripherals|Cables&Accessories|Cables|USBCables",180,599,0.7,4,9378,"Worked on iPhone 7 and didn’t work on XR,Good one,Dull Physical Looks,Just Buy it,Go for it,About the product,Get charging cable at the price,Working well."
"B07VVXJ2P5","SVM Products Unbreakable Set Top Box Stand with Dual Remote Holder (Black)","Electronics|HomeTheater,TV&Video|Accessories|TVMounts,Stands&Turntables|TVWall&CeilingMounts",96,399,0.76,3.6,1796,"Good product,Average product quality,Good,Good product,Nice product,Nice product,super product s,Set up box wall mounted without screws"
"B06XFTHCNY","CableCreation RCA to 3.5mm Male Audio Cable, 3.5mm to 2RCA Cable Male RCA Cable,Y Splitter Stereo Jack Cable for Home Theater,Subwoofer, Receiver, Speakers and More (3Feet/0.9Meter,Black)","Electronics|HomeTheater,TV&Video|Accessories|Cables|RCACables",440,758,0.42,4.2,4296,"Good Built Quality Product.,Good quality cable,Useful product but plz check the output ports in ur tV,Nice product,Good,Very good,Good Quality,Best ever"
"B08CT62BM1","Wayona USB Type C Fast Charging Cable Charger Cord 3A QC 3.0 Data Cable Compatible with Samsung Galaxy S10e S10 S9 S8 S20 Plus, Note 10 9 8, M51 A40 A50 A70, Moto G7 G8 (1M, Grey)","Computers&Accessories|Accessories&Peripherals|Cables&Accessories|Cables|USBCables",300,999,0.7,4.3,2651,"Worth the money spent,Nice product also the sterdiness good as expected.,Not the correct charger for Samsung S9,Nice product,Superb,Doubts on fast charging,One time purchase,Good Product"
"B07CRL2GY6","boAt Rugged V3 Braided Micro USB Cable (Pearl White)","Computers&Accessories|Accessories&Peripherals|Cables&Accessories|Cables|USBCables",296,799,0.63,4.2,94363,"Good product,Good one,Nice,Really nice product,Very first time change,Good,Fine product but could be better,Very nice it's charging like jet"
"B07DWFX9YS","Amazon Basics USB A to Lightning PVC Molded Nylon MFi Certified Charging Cable (Black, 1.2 meter)","Computers&Accessories|Accessories&Peripherals|Cables&Accessories|Cables|USBCables",780,1999,0.61,4.2,34540,"Looks more durable,cheap n best,Good length and charging speed.,Works,Works like a charm,stopped working,Good,Excellent Product"
"B01D5H90L4","AmazonBasics - High-Speed Male to Female HDMI Extension Cable - 6 Feet","Electronics|HomeTheater,TV&Video|Accessories|Cables|HDMICables",301,700,0.57,4.4,8714,"Good cable,This amazon basics cable does the job perfectly well.,Good, sturdy cable,Necessary product connector HDMI,Best quality cable I have had,Male to Female HDMI Extension Cable,very nice wire,Ultimate connectivity.... Using more than couple of years..."
"B07F1P8KNV","Wayona Nylon Braided Usb Type C 3Ft 1M 3A Fast Charger Cable For Samsung Galaxy S9 S8 (Wc3Cb1, Black)","Computers&Accessories|Accessories&Peripherals|Cables&Accessories|Cables|USBCables",330,1099,0.7,4.2,10576,"Nice product .,Good quality Braided cable, VFM,Good cord, but has Earthing issue,Ok,Good product. Little bit fast charger for phones like redmi.,Fast charging is working properly,Money value product <U+0001F44C>,Cable a Nice product"
"B084N1BM9L","Belkin Apple Certified Lightning to USB Charge and Sync Tough Braided Cable for iPhone, iPad, Air Pods, 3.3 feet (1 meters) – Black","Computers&Accessories|Accessories&Peripherals|Cables&Accessories|Cables|USBCables",1299,1999,0.35,4.4,7318,"You might be able to get away by using other usb too,Built well but there are flaws.,Good alternative for Apple cable,Good alternative,Best buy,Good,Value for Money,Works as advertised."
"B09F6D21BY","7SEVEN Compatible LG TV Remote Suitable for LG Non Magic Smart tv Remote Control (Mouse & Voice Non-Support) MR20GA Prime Video and Netflix Hotkeys","Electronics|HomeTheater,TV&Video|Accessories|RemoteControls",800,1999,0.6,3,103,"Not good,No voice recognition, No pointer ray as in original LG remote. These features are not included,Best product,Not working properly,Doesnt work, dont buy,It doesn’t have pointer,Not working properly,Just perfect"
"B09LQQYNZQ","Realme Smart TV Stick 4K","Electronics|HomeAudio|MediaStreamingDevices|StreamingClients",4699,4699,0,4.5,224,"Great Product,Very good and working very nice,Horrible user experience on account of poor hardware,Not worthy. Laggy sometimes"
"B0B61HYR92","Lapster usb 2.0 mantra cable, mantra mfs 100 data cable (black)","Computers&Accessories|Accessories&Peripherals|Cables&Accessories|Cables|USBCables",200,999,0.8,4.2,85,"Good <U+0001F44D>,Good,Cable length is ok , quality is not good . In this price it is ok,MFS 100 cable,Good Quality,Good product but cable thickness should be more,Quality is excellent,Super service"
"B075ZTJ9XR","AmazonBasics High-Speed Braided HDMI Cable - 3 Feet - Supports Ethernet, 3D, 4K and Audio Return (Black)","Electronics|HomeTheater,TV&Video|Accessories|Cables|HDMICables",266,650,0.59,4.4,35877,"Satisfactory,Superb88,Good hdmi cable for 1080p 60 fps,Hdmi cable received,Amazing Product!!! Liked it!!!,Good product,Best product for me.,I'll strongly recommend this product to others."
"B0978V2CP6","Cubetek 3 in 1 LCD Display V5.0 Bluetooth Transmitter Receiver, Bypass Audio Adapter with Aux, Optical, Dual Link Support for TV, Home Stereo, PC, Headphones, Speakers, Model: CB-BT27","Electronics|HomeTheater,TV&Video|AVReceivers&Amplifiers",1984,3100,0.36,4,897,"Good,Does the job. Works with two devices,Positive review- Almost good and useful,Hissing sound  output from (viSe TV) Vijay sales.,Acceptable sound, no hassle of charging,Excellent product,Not good range,Very good"
"B09LRZYBH1","KRISONS Thunder Speaker, Multimedia Home Theatre, Floor Standing Speaker, LED Display with Bluetooth, FM, USB, Micro SD Card, AUX Connectivity","Electronics|HomeAudio|Speakers|TowerSpeakers",2279,3999,0.43,3.8,282,"Simply good,Sound quality,FM Radio antenna isn't strong enough, rest features are value for money,SIZE,Product quantity is good,Value for money,Best,Found remote broken, please replace the remote only."
"B098LCVYPW","Dealfreez Case Compatible for Fire TV Stick 4K All Alexa Voice Remote Shockproof Silicone Anti-Lost Cover with Loop (C-Black)","Electronics|HomeTheater,TV&Video|Accessories|RemoteControls",350,999,0.65,4.2,513,"Good quality,Average product.,It fits perfectly on remote. Its Worth for the money I spent.,Good silicon cover for remote,It is perfect fit,Overall it a good product but little pricey,Great for fire stick 4k,Nice product"
"B09HV71RL1","Wayona Type C to Lightning MFI Certified 20W Fast charging Nylon Braided USB C Cable for iPhone 14 Pro, 14 Pro Max, 14, 14 Plus, 13, 13 Pro, 13 Pro Max, 13 Mini, 12, 12 Pro, 11, 11 Pro Max, iPhone 12 Mini (2M, Black)","Computers&Accessories|Accessories&Peripherals|Cables&Accessories|Cables|USBCables",720,1499,0.52,4.1,1045,"Good,I don’t like this product,Awesome product,Best cable for iphone xs .. works well with fast charging brick,Low quality pin but wire is fine,Excellent quality,Awesome quality and fast charging,Works fine"
"B075TJHWVC","Airtel Digital TV HD Set Top Box with 1 Month Basic Pack with Recording + Free Standard Installation","Electronics|HomeTheater,TV&Video|SatelliteEquipment|SatelliteReceivers",920,2299,0.6,4.2,3300,"Picture quality poor,Good,Very good product,Working fine till now,Good quality,Nice product,Nice picture quality,Nice sarvice"
"B09LV13JFB","LOHAYA Voice Assistant Remote Compatible for Airtel Xstream Set-Top Box Remote Control with Netflix Function (Black) (Non - Voice)","Electronics|HomeTheater,TV&Video|Accessories|RemoteControls",400,999,0.6,3.3,23,"When I placed the order I was in doubt whether it would work or not but it works very well,Very bad <U+0001F61E><U+0001F61E>,Remote very <U+0001F44E> bad,Doesn’t works at all, material quality isn’t nearby the original one,No bluetooth"
"B09VH568H7","Amazon Brand - Solimo 3A Fast Charging Tough Type C USB Data Cable  – 1 Meter","Computers&Accessories|Accessories&Peripherals|Cables&Accessories|Cables|USBCables",120,299,0.6,3.8,51,"Good product, worth it,Not worthy to buy,good ok to use,Very nice product,Useless product,Very poor quality,Within 10 days of purchase the charging cable has started showing 36 hours for a full charge,stopped working in hardly 10 days waste of money C-type connector came out of plastic part"
"B08TZD7FQN","Astigo Compatible Remote Control for Mi Smart LED 4A (43""/32"")","Electronics|HomeTheater,TV&Video|Accessories|RemoteControls",300,599,0.5,3.7,708,"Value for Money,Costlier than the original product, works somewhat same.,Bad quality.,Ok,Product is good,Poor quality remote control,Nice product,Good product"
"B09PTT8DZF","Lenovo USB A to Type-C Tangle-free  Aramid fiber braided 1.2m cable with 4A Fast charging & 480 MBPS data transmission, certified 10000+ bend lifespan, Metallic Grey","Computers&Accessories|Accessories&Peripherals|Cables&Accessories|Cables|USBCables",415,670,0.38,3.9,523,"Nice one,Not up to the mark.,Nice product working in Asus zen pro mobile,Good product <U+0001F44D><U+0001F44D><U+0001F44D>,Working everything as expected,VERY GOOD QUALITY,Lenovo USB A to Type-C Tangle-free  Aramid fiber braided 1.2m cable with 4A Fast charging,Nice Products"
"B0B94JPY2N","Amazon Brand - Solimo 65W Fast Charging Braided Type C to C Data Cable | Suitable For All Supported Mobile Phones (1 Meter, Black)","Computers&Accessories|Accessories&Peripherals|Cables&Accessories|Cables|USBCables",200,999,0.8,3,18295.5413533835,"The cable works but is not 65W as advertised"
"B08RZ12GKR","Tata Sky Digital TV HD Setup Box Remote","Electronics|HomeTheater,TV&Video|Accessories|RemoteControls",215,499,0.57,3.5,121,"NOT GOOD IN DURIBILITY.,The remote lasted a grand total of one week.,Good product too early to say final word on durability,prompt delivery plus supet product,It's good.,satisfactory,Body  problems,Damaged product"
"B0B4T8RSJ1","pTron Solero T241 2.4A Type-C Data & Charging USB Cable, Made in India, 480Mbps Data Sync, Durable 1-Meter Long USB Cable for Smartphone, Type-C USB Devices (White)","Computers&Accessories|Accessories&Peripherals|Cables&Accessories|Cables|USBCables",96,800,0.88,3.9,1075,"The metal pin is losing it's strength,Sahi h bs 44 rupe ki and dilivery charge 40,Good Charging cable,Good sturdy micro usb cable with good charging speeds,Cheapest micro USB cable in the market,boat is better than this,I bought this for 199rs best charging cable for all mobiles,Good"
"B08XXVXP3J","Storite Super Speed USB 3.0 Male to Male Cable for Hard Drive Enclosures, Laptop Cooling Pad, DVD Players(60cm,Black)","Computers&Accessories|Accessories&Peripherals|Cables&Accessories|Cables|USBCables",250,999,0.75,4.3,112,"Product life ia short,Good,Waste,Value for money,Very nice product at a reasonable price. Value for money.,Good replacement cable at this price,Worst cable. Not working even after replacement. Dont buy guys Manufactured in China.,Not working"
"B07CWDX49D","AmazonBasics Double Braided Nylon USB Type-C to Type-C 2.0 Cable, Charging Adapter, Smartphone 6 feet, Dark Grey","Computers&Accessories|Accessories&Peripherals|Cables&Accessories|Cables|USBCables",656,1600,0.59,4.3,5451,"Overall it's a good product for mobile charging.,Awesome <U+0001F60E>,Gud data cabel....,Very good USB C TO USB C Cable .The one does not entangle to develop fold leading to cracks and cuts,Best,Rigid and high quality,Super durable,Great i have been using for 6 month"
"B09TY4MSH3","Firestick Remote","Electronics|HomeTheater,TV&Video|Accessories|RemoteControls",1299,2499,0.48,3.3,73,"Not how original remote works,Chinese quality,It's okay.,good one,Works great with Firestick,Substandard Copy of original at the cost of original,Pathetic,total waste product don't buy battery drain problem"
"B07RY2X9MP","AmazonBasics 10.2 Gbps High-Speed 4K HDMI Cable with Braided Cord (10-Foot, Dark Grey)","Electronics|HomeTheater,TV&Video|Accessories|Cables|HDMICables",615,1500,0.59,4.5,1029,"AmazonBasics Product,Good,Very good,Value for money product,Nice product quantity is nice connective is fast,Product,Good Quality Product,Never thought it be would this good!!"
"B0BBMGLQDW","Tuarso 8K HDMI 2.1 Cable 48Gbps , 1.5 Meter High-Speed Braided HDMI Cable ( 8K@60HZ<U+3001>4K@120HZ<U+3001>2K@240HZ ) HDMI 2.1 Cable Compatible with Monitors , Television , Laptops , Projectors , Game Consoles and more with HDMI Ports Device","Electronics|HomeTheater,TV&Video|Accessories|Cables|HDMICables",600,1999,0.7,4.2,47,"Good Product,Nice,Customer service support information not found on box.,Value for money,Good product,Nice <U+0001F44D>,Best the hdmi cable,Exactly as discribed, enchanced Quality"
"B01LONQBDG","AmazonBasics USB Type-C to Micro-B 2.0 Cable - 6 Inches (15.2 Centimeters) - White","Computers&Accessories|Accessories&Peripherals|Cables&Accessories|Cables|USBCables",351,899,0.61,4.1,14896,"Very good.,Good one. Worth Buy.,Wonderful,Amazon USB C to Micro USB : It works,Good,Laptop with only USB C ports? Buy this cable.,A must buy accessory for all MacBook M1 owners,Good quality usb c to usb b adapter cable 8 inch"
"B09HK9JH4F","Smashtronics® - Case for Firetv Remote, Fire Stick Remote Cover Case, Silicone Cover for TV Firestick 4K/TV 2nd Gen(3rd Gen) Remote Control - Light Weight/Anti Slip/Shockproof (Black)","Electronics|HomeTheater,TV&Video|Accessories|RemoteControls",200,399,0.5,4.2,1335,"Cover is Little loose for Fire remote cover,I ordered this for colour,Pricing,Nice Product,Overpriced but good quality.,Remote stops working after 3 months,Perfect fot,Perfect size for amazon firestick"
"B09MMD1FDN","7SEVEN® Suitable Sony Tv Remote Original Bravia for Smart Android Television Compatible for Any Model of LCD LED OLED UHD 4K Universal Sony Remote Control","Electronics|HomeTheater,TV&Video|Accessories|RemoteControls",350,699,0.5,3.9,214,"Very nice and strong product,Good,Value for money,The remote is of OK quality,Good Product,Replaced item is not working ..we want to return this item as soon as possible,Good remote,Iska work"
"B09HN7LD5L","PROLEGEND® PL-T002 Universal TV Stand Table Top for Most 22 to 65 inch LCD Flat Screen TV, VESA up to 800 by 400mm","Electronics|HomeTheater,TV&Video|Accessories|TVMounts,Stands&Turntables|TVWall&CeilingMounts",1845,4500,0.59,4,184,"A Good Product.,Does the job,Overpriced Item,A bit over priced,Recommended,There is not fit to my tv so that why I return it,Nice product,Not worth !"
"B0941392C8","Lava Charging Adapter Elements D3 2A Fast Charging Speed Usb Type C Data Cable, White","Computers&Accessories|Accessories&Peripherals|Cables&Accessories|Cables|USBCables",130,449,0.71,3.7,41,"Nice,<U+0938><U+093E><U+0928><U+0926><U+093E><U+0930> <U+0939><U+0948>,Received damaged product,Good quality product,It's very good.,101% fake lava usb,Average product,Costless"
"B01M5967SY","TIZUM High Speed HDMI Cable Aura -Gold Plated-High Speed Data 10.2Gbps, 3D, 4K, HD 1080P (10 Ft/ 3 M)","Electronics|HomeTheater,TV&Video|Accessories|Cables|HDMICables",380,999,0.62,4.2,12153,"Cheap product and same is the performance but does the job,Good,No Box!!!,Good,Value for money,A very good quality cable with rubust built, and it does the work.,Value money,Good product."
"B016MDK4F4","Technotech High Speed HDMI Cable 5 Meter V1.4 - Supports Full HD 1080p (Color May Vary)","Electronics|HomeTheater,TV&Video|Accessories|Cables|HDMICables",185,499,0.63,4.2,25,"Ok,Excellent product, must buy,Nice,Good product..i got this product rs 170,Good,Good Product. 5Meter cable. Purchase at 175.,Good product & service"
"B08G43CCLC","NK STAR 950 Mbps USB WiFi Adapter Wireless Network Receiver Dongle for Desktop Laptop, (Support- Windows XP/7/8/10 & MAC OS) NOt Support to DVR and HDTV","Computers&Accessories|NetworkingDevices|NetworkAdapters|WirelessUSBAdapters",220,999,0.78,4.2,163,"Thank you,Satisfying product,Keeps disconnecting,Very nice product essy to use,Very nice,Nice and compatible product,Good,Solid product hai"
"B0B61GCHC1","LS LAPSTER Quality Assured USB 2.0 morpho cable, morpho device cable for Mso 1300 E3/E2/E Biometric Finger Print Scanner morpho USB cable (Black)","Computers&Accessories|Accessories&Peripherals|Cables&Accessories|Cables|USBCables",200,999,0.8,4.3,87,"Good product,Good,  work fine,Thickness of cable to be reduced.,Morho,This product is very good.,original product,USB ke pass or mjbuti Dena chahiye,Good product"
"B07RX14W1Q","Amazon Basics 10.2 Gbps High-Speed 4K HDMI Cable with Braided Cord, 1.8 Meter, Dark Grey","Electronics|HomeTheater,TV&Video|Accessories|Cables|HDMICables",495,900,0.45,4.4,2165,"Sturdy,Super,Working good,Always go for quality,Not suitable for 4k,I do not want this product,Working well<U+0001F44D>,Excellent one. Worth buying"
"B0B8ZKWGKD","ZORBES® Wall Adapter Holder for Alexa Echo Dot 4th Generation,A Space-Saving Solution with Cord Management for Your Smart Home Speakers -White (Holder Only)","Electronics|HomeTheater,TV&Video|Accessories|TVMounts,Stands&Turntables|TVWall&CeilingMounts",894,1052,0.15,4.3,106,"Concept is great but not at all value for money,Good product,You go for it,Perfect,Value for money but little bit expensive,Product is very useful, but very costly.,Nice but a little bit weak,100% satisfied <U+0001F490>"
"B08H5L8V1L","Synqe USB Type C Fast Charging Cable 2M Charger Cord Data Cable Compatible with Samsung Galaxy M51,Galaxy M31S, S10e S10 S9 S20 Plus, Note10 9 8,M40 A50 A70, Redmi Note 9, Moto G7, Poco F1 (2M, Grey)","Computers&Accessories|Accessories&Peripherals|Cables&Accessories|Cables|USBCables",374,1099,0.66,4.3,3049,"Good And Durable,Value for money product.,Right choice,Good product.,Charger is good,Cable is working as expected.,The best cable till now,Good <U+0001F44D>"
"B09HCH3JZG","Bestor ® 8K Hdmi 2.1 Cable 48Gbps 9.80Ft/Ultra High Speed Hdmi Braided Cord For Roku Tv/Ps5/Hdtv/Blu-Ray Projector, Laptop, Television, Personal Computer, Xbox, Ps4, Ps5, Ps4 Pro (1 M, Grey)","Electronics|HomeTheater,TV&Video|Accessories|Cables|HDMICables",703,1899,0.63,4.4,390,"Great value for ultra hi speed HDMI!,thickness,material,Works well, just plug and play,Good,Good product,Perfect cable and I'm getting 120Hz 4k when connected to my freesync-certified TV 55Q80T,Good Cable,Little expensive"
"B097JVLW3L","Irusu Play VR Plus Virtual Reality Headset with Headphones for Gaming (Black)","Electronics|HomeTheater,TV&Video|Accessories|3DGlasses",2695,3500,0.23,3.5,621,"Really great device, love using it.,Superb,Good,Good product,Good product nice to have it...,Good VR set at this price range,Amazing product <U+263A><U+FE0F>,Don't buy"
"B09SB6SJB4","Amazon Brand - Solimo Fast Charging Braided Type C Data Cable Seam, Suitable For All Supported Mobile Phones (1 Meter, Black)","Computers&Accessories|Accessories&Peripherals|Cables&Accessories|Cables|USBCables",132,599,0.78,4.1,265,"Best,Good,Fast Charging works better than original cable!!,Durable cable,Low performance compare to original data cable,Great!,Good product,Fast charging and length is 3 meters above"
"B08NW8GHCJ","Synqe USB C to USB C 60W Nylon Braided Fast Charging Type C to Type C Cable Compatible with Samsung Galaxy Note 20/Ultra, S20 S22 S21 S20 FE A73 A53 A33 (2M, Black)","Computers&Accessories|Accessories&Peripherals|Cables&Accessories|Cables|USBCables",390,999,0.61,4.3,838,"Used for 10 months,Quality is good,Good Aftersale Service,Super fast charging suppurt,Superb Quality and value for money,Good small cable,Nice,Highly recommended"
"B09YHLPQYT","Shopoflux Silicone Remote Cover for Mi Smart TV and Mi TV Stick/MI Box S / 3S / MI 4X / 4A Smart LED TV (Black)","Electronics|HomeTheater,TV&Video|Accessories|RemoteControls",246,600,0.59,4.2,143,"Cover is perfect size wise and it's exactly same as shown in picture.u can go for it.,Superb quality <U+0001F44C>,Price very high,Value for money,Perfect Snug Fit,Must buy,Nice,It's a good and solid fit"
"B08G1RW2Q3","EYNK Extra Long Micro USB Fast Charging USB Cable | Micro USB Data Cable | Quick Fast Charging Cable | Charger Sync Cable | High Speed Transfer Android Smartphones V8 Cable (2.4 Amp, 3m,) (White)","Computers&Accessories|Accessories&Peripherals|Cables&Accessories|Cables|USBCables",296,799,0.63,4,151,"Extended length for securiry camera,Dont judge a book by it's cover,Good sturdy product with neat finish.,cable quality is good and near 10 ft in length,Good enough to length,Good Product,PERFECT!,Super"
"B08YXJJW8H","LUNAGARIYA®, Protective Case Compatible with JIO Settop Box Remote Control,PU Leather Cover Holder (Before Placing Order,Please Compare The Dimensions of The Product with Your Remote)","Electronics|HomeTheater,TV&Video|Accessories|RemoteControls",247,399,0.38,3.9,200,"Fits the remote correctly,Fits well but bit costly,Protected remote properly,Good Quality but Slightly Pricey!!,The case is good and it is apt for the Jio TV remote. I recommend this product.,Perfect fit,Fits Jio Remote,Superb"
"B09P8M18QM","7SEVEN® Compatible with Fire Tv Stick Remote with Voice Command Feature Suitable for Second Generation Amazon Fire Tv Stick Remote Only - Pairing Must","Electronics|HomeTheater,TV&Video|Accessories|RemoteControls",1380,2999,0.54,3.3,227,"Good, But Disappointed,Perfect replacement,Have to press buttons harder,Very expensive,Not working properly after one month,Product quality,Not satisfactory,Good"
"B08BG4M4N7","PRUSHTI COVER AND BAGS, Protective Case for Airtel Xstream settop Box Remote Remote Control Pouch Cover Holder PU Leather Cover Holder(only Cover for Selling Purpose)","Electronics|HomeTheater,TV&Video|Accessories|RemoteControls",200,499,0.6,3.8,538,"Nice,Good,Good protective cover fo Airtel Xtreme settop box remote,Very nice cover.,Expensive,Very uncomfortable to use,Value for money....height of the cover can be made small.,Good product"
"B07VJ9ZTXS","Aine HDMI Male to VGA Female Video Converter Adapter Cable (Black)","Electronics|HomeTheater,TV&Video|Accessories|Cables|HDMICables",300,599,0.5,4,171,"Nice product <U+0001F44D><U+0001F44D>,Cheap plus durable. Worth the money.,Good purchase,Aine HDMI Male to VGA Female Video Converter Adapter Cable (Black),It's easy to connect,Sturdy, affordable, no lag converyer cable,Works well but the output quality is not as good as direct VGA connection.,Works well. Does its work as required."
"B00GGGOYEU","Storite USB 2.0 A to Mini 5 pin B Cable for External HDDS/Camera/Card Readers (150cm - 1.5M)","Computers&Accessories|Accessories&Peripherals|Cables&Accessories|Cables|USBCables",301,699,0.57,3.9,1454,"Good product, but not excellent I should say.,Very poor quality,OK,Good,Very good product. Satisfied with the performance.,will get job done,Good,Value for money <U+270C><U+FE0F>"
"B0BQRJ3C47","REDTECH USB-C to Lightning Cable 3.3FT, [Apple MFi Certified] Lightning to Type C Fast Charging Cord Compatible with iPhone 14/13/13 pro/Max/12/11/X/XS/XR/8, Supports Power Delivery - White","Computers&Accessories|Accessories&Peripherals|Cables&Accessories|Cables|USBCables",250,999,0.75,5,18295.5413533835,"Awesome Product"
"B08V9C4B1J","Synqe Type C to Type C Short Fast Charging 60W Cable Compatible with Samsung Galaxy Z Fold3 5G, Z Flip3 5G, S22 5G, S22 Ultra, S21, S20, S20FE, A52, A73, A53 (0.25M, Black)","Computers&Accessories|Accessories&Peripherals|Cables&Accessories|Cables|USBCables",350,999,0.65,4.3,838,"Used for 10 months,Quality is good,Good Aftersale Service,Super fast charging suppurt,Superb Quality and value for money,Good small cable,Nice,Highly recommended"
"B08PKBMJKS","Airtel DigitalTV HD Setup Box Remote","Electronics|HomeTheater,TV&Video|Accessories|RemoteControls",195,499,0.61,3.8,136,"Working fine but cheap quality,Original but small,<U+0CA8><U+0CC0><U+0CB5><U+0CC1> <U+0C95><U+0CB3><U+0CC1><U+0CB9><U+0CBF><U+0CB8><U+0CBF><U+0CA6> <U+0CB5><U+0CB8><U+0CCD><U+0CA4><U+0CC1> <U+0CB8><U+0CB0><U+0CBF><U+0CAF><U+0CBE><U+0C97><U+0CBF> <U+0C95><U+0CC6><U+0CB2><U+0CB8> <U+0CAE><U+0CBE><U+0CA1><U+0CC1><U+0CA4><U+0CCD><U+0CA4><U+0CBF><U+0CB2>,Sturdy,Good,Works perfectly with Airtel HD set up box,Item is value for money.,,On Off button doesn’t work."
"B0B8VQ7KDS","Airtel Digital TV HD Set Top Box with FTA Pack | Unlimited Entertainment + Recording Feature + Free Standard Installation (6 Months Pack)","Electronics|HomeTheater,TV&Video|SatelliteEquipment|SatelliteReceivers",1299,2499,0.48,4.3,301,"Good ptoduct,Overall good product,, and good choice,, <U+263A><U+FE0F>,Cable is short,Good,All channel  view nice,Very fast and good service,Ok,The product was <U+0001F64C>"
"B086JTMRYL","ESR USB C to Lightning Cable, 10 ft (3 m), MFi-Certified, Braided Nylon Power Delivery Fast Charging for iPhone 14/14 Plus/14 Pro/14 Pro Max, iPhone 13/12/11/X/8 Series, Use with Type-C Chargers, Black","Computers&Accessories|Accessories&Peripherals|Cables&Accessories|Cables|USBCables",1519,1899,0.2,4.4,19763,"Go for it,Fast charging,Good product,Good,So Far So Good,Quality is good <U+0001F44D> you can go for it <U+2665><U+FE0F>,Excellent Product,Yup good in all over"
"B00OFM6PEO","Storite USB Extension Cable USB 3.0 Male to Female Extension Cable High Speed 5GBps Extension Cable Data Transfer for Keyboard, Mouse, Flash Drive, Hard Drive, Printer and More- 1.5M - Blue","Computers&Accessories|Accessories&Peripherals|Cables&Accessories|Cables|USBCables",296,799,0.63,4.3,1902,"Works perfect for connecting my Dslr to ipad & tethering. Seems like a durable cable,H,GOOD,USB,Supar,It's good,Very good cable,Okaysih"
"B0B5B6PQCT","boAt Wave Call Smart Watch, Smart Talk with Advanced Dedicated Bluetooth Calling Chip, 1.69” HD Display with 550 NITS & 70% Color Gamut, 150+ Watch Faces, Multi-Sport Modes,HR,SpO2, IP68(Active Black)","Electronics|WearableTechnology|SmartWatches",1998,7990,0.75,3.8,17831,"Not Polished Enough. (Improving with updates),Best for the budget <U+0001F44D>,Value of money,nice product,Good product,Super value for money,Awesome product,Product itv"
"B08HV83HL3","MI Power Bank 3i 20000mAh Lithium Polymer 18W Fast Power Delivery Charging | Input- Type C | Micro USB| Triple Output | Sandstone Black","Electronics|Mobiles&Accessories|MobileAccessories|Chargers|PowerBanks",2045,2199,0.07,4.3,178912,"Ok product to buy,Better than any other power banks,<U+0001F44D>,Nice product,Performance is OK,Very Slim & easy to carry,Decent product,GOAT"
"B0BBN4DZBD","Redmi A1 (Light Blue, 2GB RAM, 32GB Storage) | Segment Best AI Dual Cam | 5000mAh Battery | Leather Texture Design | Android 12","Electronics|Mobiles&Accessories|Smartphones&BasicMobiles|Smartphones",6479,8999,0.28,4,7807,"If you leave it only to make calls or receive calls, then it is a completely useless phone.,Readmi a 1,Budget friendly phone.,Hi,Budget phone,Good for the price. But ANDROID 12 is actually GO Edition.,Good budget phone,10/10 value for money <U+0001F911>"
"B0BBN56J5H","Redmi A1 (Black, 2GB RAM, 32GB Storage) | Segment Best AI Dual Cam | 5000mAh Battery | Leather Texture Design | Android 12","Electronics|Mobiles&Accessories|Smartphones&BasicMobiles|Smartphones",6479,8999,0.28,4,7807,"If you leave it only to make calls or receive calls, then it is a completely useless phone.,Readmi a 1,Budget friendly phone.,Hi,Budget phone,Good for the price. But ANDROID 12 is actually GO Edition.,Good budget phone,10/10 value for money <U+0001F911>"
"B0BBN3WF7V","Redmi A1 (Light Green, 2GB RAM 32GB ROM) | Segment Best AI Dual Cam | 5000mAh Battery | Leather Texture Design | Android 12","Electronics|Mobiles&Accessories|Smartphones&BasicMobiles|Smartphones",6479,8999,0.28,4,7807,"If you leave it only to make calls or receive calls, then it is a completely useless phone.,Readmi a 1,Budget friendly phone.,Hi,Budget phone,Good for the price. But ANDROID 12 is actually GO Edition.,Good budget phone,10/10 value for money <U+0001F911>"
"B0BDRVFDKP","SanDisk Ultra® microSDXC™ UHS-I Card, 64GB, 140MB/s R, 10 Y Warranty, for Smartphones","Electronics|Accessories|MemoryCards|MicroSD",570,1000,0.43,4.4,67259,"Fake Product,Costly but excellent quality,Storage good but don't know how to Activate warantee??,Good for use,5 stas nahi diya kyuki capacity 477gb hi rahta hai,Speed not as advertise,Good one,It's ok"
"B0B5LVS732","Noise Pulse Go Buzz Smart Watch Bluetooth Calling with 1.69"" Display, 550 NITS, 150+ Cloud Watch Face, SPo2, Heart Rate Tracking, 100 Sports Mode with Auto Detection, Longer Battery (Jet Black)","Electronics|WearableTechnology|SmartWatches",1900,4999,0.62,4.1,10689,"Sumit Nath,For the price, it is a good purchase but can be better,Happy with product...,It's really smart with elegant design,Amazing,Noise,All good,Good"
"B09V2Q4QVQ","Nokia 105 Single SIM, Keypad Mobile Phone with Wireless FM Radio | Charcoal","Electronics|Mobiles&Accessories|Smartphones&BasicMobiles|BasicMobiles",1295,1599,0.19,4,128311,"Centre key,Nice phone,Good for Exam preparing students,Center button is not good,Battery runs out quickly,Nokia trusted brand only needs to improve ringtone sound,best phone,.."
"B09V12K8NT","boAt Wave Lite Smartwatch with 1.69"" HD Display, Sleek Metal Body, HR & SpO2 Level Monitor, 140+ Watch Faces, Activity Tracker, Multiple Sports Modes, IP68 & 7 Days Battery Life(Active Black)","Electronics|WearableTechnology|SmartWatches",1468,6990,0.79,3.9,21796,"Ideal Product,Ok,<U+0909><U+092A><U+092F><U+094B><U+0917><U+0940> <U+090F><U+0935><U+0902> <U+0938><U+0902><U+0924><U+094B><U+0937><U+091C><U+0928><U+0915>,Ok in this price range,Battery,It is a good watch,Nice watch,Average"
"B01DEWVZ2C","JBL C100SI Wired In Ear Headphones with Mic, JBL Pure Bass Sound, One Button Multi-function Remote, Angled Buds for Comfort fit (Black)","Electronics|Headphones,Earbuds&Accessories|Headphones|In-Ear",599,999,0.4,4.1,192590,"Good maybe okay,Defective Product Delivered,Amazing Sound at Budget,Not for bass lover,Best one,Quality,Durability,Superb voice quality"
"B08D77XZX5","PTron Tangentbeat in-Ear Bluetooth 5.0 Wireless Headphones with Mic, Enhanced Bass, 10mm Drivers, Clear Calls, Snug-Fit, Fast Charging, Magnetic Buds, Voice Assistant & IPX4 Wireless Neckband (Black)","Electronics|Headphones,Earbuds&Accessories|Headphones|In-Ear",600,2499,0.76,3.9,58162,"this is good product.,Too much bass for my liking<U+0001F605>,A good deal under Rs.800/-,Worth the price,Itam damage,Le skte hain,Nice product<U+0001F44D><U+0001F44D>,Nice"
"B07WG8PDCW","pTron Bullet Pro 36W PD Quick Charger, 3 Port Fast Car Charger Adapter - Compatible with All Smartphones & Tablets (Black)","Electronics|Mobiles&Accessories|MobileAccessories|Chargers|AutomobileChargers",351,1299,0.73,4,14282,"Good,Good product,Charging well but build quality could be better,Quite nice,Good quality product,Ok,Good Purchase,Built quality could have been better"
"B07GPXXNNG","boAt Bassheads 100 in Ear Wired Earphones with Mic(Taffy Pink)","Electronics|Headphones,Earbuds&Accessories|Headphones|In-Ear",350,999,0.65,4.1,363713,"Best value for money,HEAD PHONE POUCH NOT RECEIVED,Overall good in this pricerange,It's not working in my Phone properly Plz help me in exchange or return, I ll be thankful to you,Worth the money <U+0001F911>,Best,Nice sound,Wonderful product"
"B0BDYVC5TD","SanDisk Ultra® microSDXC™ UHS-I Card, 128GB, 140MB/s R, 10 Y Warranty, for Smartphones","Electronics|Accessories|MemoryCards|MicroSD",954,1800,0.47,4.4,67259,"Fake Product,Costly but excellent quality,Storage good but don't know how to Activate warantee??,Good for use,5 stas nahi diya kyuki capacity 477gb hi rahta hai,Speed not as advertise,Good one,It's ok"
"B08MC57J31","MI 10000mAh Lithium Ion, Lithium Polymer Power Bank Pocket Pro with 22.5 Watt Fast Charging, Dual Input Ports(Micro-USB and Type C), Triple Output Ports, (Black)","Electronics|Mobiles&Accessories|MobileAccessories|Chargers|PowerBanks",1499,2499,0.4,4.3,15970,"Best power bank on the market.,Small & Handy,Good Quality and functional and practical design,5v out put ravatam ledu 2or3v matrame vasthundi..,Good,Nice,Easy to carry,It is really good"
"B08HVL8QN3","Mi 10000mAH Li-Polymer, Micro-USB and Type C Input Port, Power Bank 3i with 18W Fast Charging (Midnight Black)","Electronics|Mobiles&Accessories|MobileAccessories|Chargers|PowerBanks",1143,2199,0.48,4.3,178912,"Ok product to buy,Better than any other power banks,<U+0001F44D>,Nice product,Performance is OK,Very Slim & easy to carry,Decent product,GOAT"
"B0746JGVDS","ELV Car Mount Adjustable Car Phone Holder Universal Long Arm, Windshield for Smartphones - Black","Electronics|Mobiles&Accessories|MobileAccessories|AutomobileAccessories|Cradles",350,999,0.65,3.9,46399,"Good quality. Does not make sound. A bit less stronger for heavier mobiles.,Good product for those who will not change the mounting position frequently,Good product, value for money.,Useful,Have been using for almost 2 months, not sure ondurability but this looks of good build - going good,Ok,Useful product,Worthy product"
"B08VFF6JQ8","Samsung 25W USB Travel Adapter for Cellular Phones - White","Electronics|Mobiles&Accessories|MobileAccessories|Chargers|WallChargers",1223,1699,0.28,4.4,8891,"Fine,Difference between this and a 15W is not that big,Original product,Fast charging<U+0001F44D>,Good for Google Pixel 6a,Best a big charger as big as galaxy z flip 3,Great but little hot the mobile,Need to buy a wire seperately"
"B09NVPSCQT","Noise ColorFit Pulse Grand Smart Watch with 1.69""(4.29cm) HD Display, 60 Sports Modes, 150 Watch Faces, Fast Charge, Spo2, Stress, Sleep, Heart Rate Monitoring & IP68 Waterproof (Jet Black)","Electronics|WearableTechnology|SmartWatches",1600,3999,0.6,4,30254,"Ranjitha,Good one,Best One!!!,Good and average usage,IT'S BEEN GOOD,Good,Noise,Overall good product"
"B09YV4RG4D","Fire-Boltt Ninja 3 Smartwatch Full Touch 1.69 & 60 Sports Modes with IP68, Sp02 Tracking, Over 100 Cloud based watch faces - Black","Electronics|WearableTechnology|SmartWatches",1520,7999,0.81,4.2,22636,"Premium looking watch,Excellent Product,The Tracking and touch would be better,Bluetooth connectivity,Very good,The watch is good,Felt Good,Not bad"
"B08L5HMJVW","SanDisk Ultra microSD UHS-I Card 32GB, 120MB/s R","Electronics|Accessories|MemoryCards|MicroSD",371,700,0.47,4.4,67259,"Fake Product,Costly but excellent quality,Storage good but don't know how to Activate warantee??,Good for use,5 stas nahi diya kyuki capacity 477gb hi rahta hai,Speed not as advertise,Good one,It's ok"
"B07JW9H4J1","Wayona Nylon Braided USB to Lightning Fast Charging and Data Sync Cable Compatible for iPhone 13, 12,11, X, 8, 7, 6, 5, iPad Air, Pro, Mini (3 FT Pack of 1, Grey)","Computers&Accessories|Accessories&Peripherals|Cables&Accessories|Cables|USBCables",396,1099,0.64,4.2,24270,"Satisfied,Charging is really fast,Value for money,Product review,Good quality,Good product,Good Product,As of now seems good"
"B09GFLXVH9","Redmi 9A Sport (Coral Green, 2GB RAM, 32GB Storage) | 2GHz Octa-core Helio G25 Processor | 5000 mAh Battery","Electronics|Mobiles&Accessories|Smartphones&BasicMobiles|Smartphones",6459,8499,0.24,4.1,313836,"Best phone for below normal use,Good mobile for minimal usage , but technically highly worth,For simple use,Ok,Good quality product,Good unit,Good,Best Budget mobile"
"B07PFJ5W31","AGARO Blaze USB 3.0 to USB Type C OTG Adapter","Electronics|Mobiles&Accessories|MobileAccessories|Cables&Adapters|OTGAdapters",139,495,0.72,4.3,14185,"Very good quality.,Nice product,Not a fast charger....,nice,A Good Type C adapter,Nice product,Value for money and easy to use.,Good"
"B09ZQK9X8G","Noise ColorFit Pro 4 Advanced Bluetooth Calling Smart Watch with 1.72"" TruView Display, Fully-Functional Digital Crown, 311 PPI, 60Hz Refresh Rate, 500 NITS Brightness (Charcoal Black)","Electronics|WearableTechnology|SmartWatches",3000,5999,0.5,4.1,5179,"Some improvement required,Not best for tracking sleep, calories burnt of heart rate.,Noise,Noise watch is good,NOISE,Noises,Bluetooth calling,Noise"
"B098NS6PVG","Ambrane Unbreakable 60W / 3A Fast Charging 1.5m Braided Type C Cable for Smartphones, Tablets, Laptops & other Type C devices, PD Technology, 480Mbps Data Sync, Quick Charge 3.0 (RCT15A, Black)","Computers&Accessories|Accessories&Peripherals|Cables&Accessories|Cables|USBCables",199,349,0.43,4,43993,"A Good Braided Cable for Your Type C Device,Good quality product from ambrane,Super cable,As,Good quality,Good product,its good,Good quality for the price but one issue with my unit"
"B096MSW6CT","Sounce Fast Phone Charging Cable & Data Sync USB Cable Compatible for iPhone 13, 12,11, X, 8, 7, 6, 5, iPad Air, Pro, Mini & iOS Devices","Computers&Accessories|Accessories&Peripherals|Cables&Accessories|Cables|USBCables",200,999,0.8,3.9,7928,"Good speed for earlier versions,Good Product,Working good,Good for the price,Good,Worth for money,Working nice,it's a really nice product"
"B09FFK1PQG","Duracell 38W Fast Car Charger Adapter with Dual Output. Quick Charge, Type C PD 20W & Qualcomm Certified 3.0 Compatible for iPhone, All Smartphones, Tablets & More (Copper & Black)","Electronics|Mobiles&Accessories|MobileAccessories|Chargers|AutomobileChargers",866,1699,0.49,4.4,1680,"Not that faster.....,Good quality product,Nice product.,Beauty and the beast,<U+2665><U+FE0F><U+0001F44C>Super fast charging, 1 hour main full charge, dono mobile hi fast charge hote hai.,Nice product,Super fast charger,Very Good!!"
"B08ZN4B121","WeCool Bluetooth Extendable Selfie Sticks with Wireless Remote and Tripod Stand, 3-in-1 Multifunctional Selfie Stick with Tripod Stand Compatible with iPhone/OnePlus/Samsung/Oppo/Vivo and All Phones","Electronics|Mobiles&Accessories|MobileAccessories|Photo&VideoAccessories|Tripods",544,1599,0.66,3.8,14648,"Do not waste your money!,stable only till half opening, battery cost is very high (2 batteries cost the same as selfie stick),light weight and useful gadget for a family to have cool pictures,The length of the selfie stick should be more.,Good,Superb,Nice product,Good product"
"B08VF8V79P","Samsung Original 25W USB Travel Lightning Adapter for Cellular Phones, Black","Electronics|Mobiles&Accessories|MobileAccessories|Chargers|WallChargers",1070,1699,0.37,4.4,7462,"Not same as original!,Good product,Original charger,Good,Good indeed,Good item,Authentic Samsung 25W type C fast charger,Good product"
"B08G28Z33M","realme Buds Classic Wired in Ear Earphones with Mic (Black)","Electronics|Headphones,Earbuds&Accessories|Headphones|In-Ear",398,699,0.43,4,37817,"Value-for-money,Worth to buy,Good product bass bhi achha hai,This is AWESOME,Nice earphone, India should also make like this,Good earphone comfortable feel, microphones, sound, calling.,It’s good build quality,I just love this. Amezing sound quality"
"B09PNKXSKF","Noise ColorFit Pulse Grand Smart Watch with 1.69"" HD Display, 60 Sports Modes, 150 Watch Faces, Spo2 Monitoring, Call Notification, Quick Replies to Text & Calls (Rose Pink)","Electronics|WearableTechnology|SmartWatches",1995,3990,0.5,4,30254,"Ranjitha,Good one,Best One!!!,Good and average usage,IT'S BEEN GOOD,Good,Noise,Overall good product"
"B0B5DDJNH4","boAt Wave Call Smart Watch, Smart Talk with Advanced Dedicated Bluetooth Calling Chip, 1.69” HD Display with 550 NITS & 70% Color Gamut, 150+ Watch Faces, Multi-Sport Modes, HR, SpO2, IP68(Mauve)","Electronics|WearableTechnology|SmartWatches",1998,7990,0.75,3.8,17831,"Not Polished Enough. (Improving with updates),Best for the budget <U+0001F44D>,Value of money,nice product,Good product,Super value for money,Awesome product,Product itv"
"B08HDJ86NZ","boAt Deuce USB 300 2 in 1 Type-C & Micro USB Stress Resistant, Tangle-Free, Sturdy Cable with 3A Fast Charging & 480mbps Data Transmission, 10000+ Bends Lifespan and Extended 1.5m Length(Martian Red)","Computers&Accessories|Accessories&Peripherals|Cables&Accessories|Cables|USBCables",329,699,0.53,4.2,94364,"Good product,Good one,Nice,Really nice product,Very first time change,Good,Fine product but could be better,Very nice it's charging like jet"
"B08CF3B7N1","Portronics Konnect L 1.2M Fast Charging 3A 8 Pin USB Cable with Charge & Sync Function for iPhone, iPad (Grey)","Computers&Accessories|Accessories&Peripherals|Cables&Accessories|Cables|USBCables",156,399,0.61,4.2,16905,"As good as original,Decent,Good one for secondary use,Best quality,GOOD,Amazing product at a mind blowing price!,Nice Quality,Good product"
"B09MQSCJQ1","boAt Xtend Smartwatch with Alexa Built-in, 1.69” HD Display, Multiple Watch Faces, Stress Monitor, Heart & SpO2 Monitoring, 14 Sports Modes, Sleep Monitor, 5 ATM & 7 Days Battery(Charcoal Black)","Electronics|WearableTechnology|SmartWatches",2317,7990,0.71,4.2,69622,"Best Budget watch,MERA WAQT BADAL KE RAKH DIYA!!,Nice product and user friendly compare to other smart watch,Nice watch...,Vikas,Nice,Not worth it,Grt"
"B094YFFSMY","Tygot Bluetooth Extendable Selfie Sticks with Wireless Remote and Tripod Stand, 3-in-1 Multifunctional Selfie Stick with Tripod Stand Compatible with iPhone/OnePlus/Samsung/Oppo/Vivo and All Phones","Electronics|Mobiles&Accessories|MobileAccessories|Photo&VideoAccessories|SelfieSticks",400,1999,0.8,4,3382,"Value for Money,After 1 month usage review,Good product,Product is good and light weight.,Good product,Nice product.Bluetooth option Is good,Can go for it, not much stable but a decent product,Seems to be a good product by first use"
"B09MT84WV5","Samsung EVO Plus 128GB microSDXC UHS-I U3 130MB/s Full HD & 4K UHD Memory Card with Adapter (MB-MC128KA), Blue","Electronics|Accessories|MemoryCards|MicroSD",1160,3999,0.71,4.3,140036,"Good deal,Looking is fake product... Storage capacity 58gb.. Menstion64gb.,A nice gadget.,Nice and good,Trusted brand,with adapter!,I liked it's performance and quality.,Good quality,Worth it"
"B08VS3YLRK","Portronics Adapto 20 Type C 20W Fast PD/Type C Adapter Charger with Fast Charging for iPhone 12/12 Pro/12 Mini/12 Pro Max/11/XS/XR/X/8/Plus, iPad Pro/Air/Mini, Galaxy 10/9/8 (Adapter Only) White","Electronics|Mobiles&Accessories|MobileAccessories|Chargers|WallChargers",525,1499,0.65,4.1,8599,"Durability,Best one,Quality Product,Trustworthy Product,good,Good product in budget. Go for this adaptor,Good quality product,Good one working perfectly"
"B07GQD4K6L","boAt Bassheads 100 in Ear Wired Earphones with Mic(Furious Red)","Electronics|Headphones,Earbuds&Accessories|Headphones|In-Ear",380,999,0.62,4.1,363713,"Best value for money,HEAD PHONE POUCH NOT RECEIVED,Overall good in this pricerange,It's not working in my Phone properly Plz help me in exchange or return, I ll be thankful to you,Worth the money <U+0001F911>,Best,Nice sound,Wonderful product"
"B08Y1TFSP6","pTron Solero TB301 3A Type-C Data and Fast Charging Cable, Made in India, 480Mbps Data Sync, Strong and Durable 1.5-Meter Nylon Braided USB Cable for Type-C Devices for Charging Adapter (Black)","Computers&Accessories|Accessories&Peripherals|Cables&Accessories|Cables|USBCables",150,1000,0.85,3.9,24870,"It's pretty good,Average quality,very good and useful usb cable,Good USB cable. My experience was very good it is long lasting,Good,Sturdy but does not support 33w charging,Nice product and useful,-"
"B07GXHC691","STRIFF PS2_01 Multi Angle Mobile/Tablet Tabletop Stand. Phone Holder for iPhone, Android, Samsung, OnePlus, Xiaomi. Portable, Foldable Cell Phone Stand. Perfect for Bed, Office, Home & Desktop (Black)","Electronics|Mobiles&Accessories|MobileAccessories|Stands",100,499,0.8,4.3,42641,"Good Stand For Mobiles !,Nice produt,Useful,Affordable and Nicee,Good for the price,Value for money, write product.,Best thing that you need to buy if you have Mobile or tablet...<U+0001F603>,Value for money"
"B085HY1DGR","Sounce Spiral Charger Cable Protector Data Cable Saver Charging Cord Protective Cable Cover Headphone MacBook Laptop Earphone Cell Phone Set of 3 (Cable Protector (12 Units))","Computers&Accessories|Accessories&Peripherals|Cables&Accessories|CableConnectionProtectors",100,999,0.9,4,1396,"Nice and soft product,IN PICTURE SHOWS AS 16 NOS BUT IN COVER ONLY 8 NOS,Usefull! Bought 3 packs in Rs 99 each containing 4 pieces,Quality Product at affordable price,It helps to hold the joints. But not from the USB level,Very third grade quality,Only two packs came,Cool Product"
"B08D75R3Z1","PTron Boom Ultima 4D Dual Driver, in-Ear Gaming Wired Headphones with in-line Mic, Volume Control & Passive Noise Cancelling Boom 3 Earphones - (Dark Blue)","Electronics|Headphones,Earbuds&Accessories|Headphones|In-Ear",304,1900,0.84,3.6,18202,"For the price tag it's really worth buying.,OK types,ONLY FOR GAMERS,Earphone case was not there,Budget gaming and music earphone,Ok good,Product is good but the accessories like the pouch is not provided as mentioned in the description,product is good but not for this price"
"B09ZPL5VYM","Ambrane Mobile Holding Stand, 180° Perfect View, Height Adjustment, Wide Compatibility, Multipurpose, Anti-Skid Design (Twistand, Black)","Electronics|Mobiles&Accessories|MobileAccessories|Stands",200,499,0.6,4.1,1786,"Highly recommended,Very flexible,Good,Very good product,Good,It's worth every penny,Good,Mobile stand"
"B0993BB11X","Ambrane 10000mAh Slim Power Bank, 20W Fast Charging, Dual Output, Type C PD (Input & Output), Quick Charge, Li-Polymer, Multi-Layer Protection for iPhone, Anrdoid & Other Devices (Stylo 10K, Black)","Electronics|Mobiles&Accessories|MobileAccessories|Chargers|PowerBanks",991,1599,0.38,4,7222,"Nice product,Good,Kaam sahi karta hai ji,Woks fine,Nice,good and portabe,Good for a single charge of 5000mah mobile.,Good product"
"B09V2PZDX8","Nokia 105 Single SIM, Keypad Mobile Phone with Wireless FM Radio | Blue","Electronics|Mobiles&Accessories|Smartphones&BasicMobiles|BasicMobiles",1295,1599,0.19,4,128311,"Centre key,Nice phone,Good for Exam preparing students,Center button is not good,Battery runs out quickly,Nokia trusted brand only needs to improve ringtone sound,best phone,.."
"B085W8CFLH","PTron Tangent Lite Bluetooth 5.0 Earphones with Mic, Hi-Fi Stereo Sound Neckband, 8Hrs Playtime, Lightweight Snug-fit in-Ear Headphones, IPX4 Water Resistant, Fast Charge & Voice Assistant (Black)","Electronics|Headphones,Earbuds&Accessories|Headphones|In-Ear",594,1800,0.67,3.5,83996,"Worth every penny,Price,Amazing product,Nice,Just ok,Value for money, sound quality is good <U+0001F44D>, super fast delivery,But warrant needed,Good quality"
"B09MT6XSFW","Samsung EVO Plus 64GB microSDXC UHS-I U1 130MB/s Full HD & 4K UHD Memory Card with Adapter (MB-MC64KA), Blue","Electronics|Accessories|MemoryCards|MicroSD",608,1899,0.68,4.3,140036,"Good deal,Looking is fake product... Storage capacity 58gb.. Menstion64gb.,A nice gadget.,Nice and good,Trusted brand,with adapter!,I liked it's performance and quality.,Good quality,Worth it"
"B07RD611Z8","Ambrane 20000mAh Power Bank with 20W Fast Charging, Triple Output, Power Delivery, Type C Input, Made in India, Multi-Layer Protection, Li-Polymer + Type C Cable (Stylo-20k, Black)","Electronics|Mobiles&Accessories|MobileAccessories|Chargers|PowerBanks",1799,2499,0.28,4.1,18678,"Decent Product at about right price.,Seems good.,Good Quality & Durable Powerbank in 1k range | Review,This is the second power bank from Ambrane India, i am happy,It’s heavy but good,Good product,Good power bank,The power is bulkier"
"B08WRWPM22","boAt Micro USB 55 Tangle-free, Sturdy Micro USB Cable with 3A Fast Charging & 480mbps Data Transmission (Black)","Computers&Accessories|Accessories&Peripherals|Cables&Accessories|Cables|USBCables",175,499,0.65,4.1,15189,"Long durable.,good,Does not charge Lenovo m8 tab,Best charging cable,good,Boat,Product was good,1.5 m <U+0915><U+093E> <U+0915><U+0947><U+092C><U+0932> <U+092E><U+0947><U+0930><U+0947> <U+0932><U+093F><U+090F> <U+092C><U+0939><U+0941><U+0924> <U+0939><U+0940> <U+0932><U+093E><U+092D><U+0926><U+093E><U+092F><U+0915> <U+0939><U+0948> <U+0964>"
"B096VF5YYF","boAt Xtend Smartwatch with Alexa Built-in, 1.69” HD Display, Multiple Watch Faces, Stress Monitor, Heart & SpO2 Monitoring, 14 Sports Modes, Sleep Monitor, 5 ATM & 7 Days Battery(Pitch Black)","Electronics|WearableTechnology|SmartWatches",3036,7990,0.62,4.1,48449,"NOt worth the money,Good budget smart watch with Alexa,<U+0001F44D>,Good product,I don't have flashlight function and speaker is not working,Nice,It's little cost,Wach not working"
"B0B5D39BCD","boAt Wave Call Smart Watch, Smart Talk with Advanced Dedicated Bluetooth Calling Chip, 1.69” HD Display with 550 NITS & 70% Color Gamut, 150+ Watch Faces, Multi-Sport Modes, HR, SpO2, IP68(Deep Blue)","Electronics|WearableTechnology|SmartWatches",1998,7990,0.75,3.8,17831,"Not Polished Enough. (Improving with updates),Best for the budget <U+0001F44D>,Value of money,nice product,Good product,Super value for money,Awesome product,Product itv"
"B08DDRGWTJ","MI Usb Type-C Cable Smartphone (Black)","Computers&Accessories|Accessories&Peripherals|Cables&Accessories|Cables|USBCables",230,299,0.23,4.3,30411,"Worth for money - suitable for Android auto,Good Product,Length,Nice,Original,Very good quay Cable support fast charging.,Original MI cable for charging upto 33 watt,I am veri happy with this product as it provide turbo charging."
"B082LZGK39","Ambrane Unbreakable 60W / 3A Fast Charging 1.5m Braided Micro USB Cable for Smartphones, Tablets, Laptops & Other Micro USB Devices, 480Mbps Data Sync, Quick Charge 3.0 (RCM15, Black)","Computers&Accessories|Accessories&Peripherals|Cables&Accessories|Cables|USBCables",200,299,0.33,4,43994,"A Good Braided Cable for Your Type C Device,Good quality product from ambrane,Super cable,As,Good quality,Good product,its good,Good quality for the price but one issue with my unit"
"B09XBJ1CTN","MI Xiaomi 22.5W Fast USB Type C Charger Combo for Tablets - White","Electronics|Mobiles&Accessories|MobileAccessories|Chargers|WallChargers",649,999,0.35,4.2,1315,"Item is good.  No issues at all.,Charging is good but cable quality not good,Good,It does the job,Decent and durable fast charger,very nice  product,Working as expected.,best value for money"
"B08MTCKDYN","Gizga Essentials Spiral Cable Protector Cord Saver for Mac Charger, iPhone Charger, Wire Protector, Lightweight Durable Flexible Wire Winder for Charging Cables, Data Cables, Earphones, Pack of 10","Electronics|Mobiles&Accessories|MobileAccessories|Décor",120,299,0.6,4.1,5999,"Awesome Product,Good product,Good quality,Good but overpriced,Gud quality but expansive,Not bad,Ok,Worth product"
"B08CF3D7QR","Portronics Konnect L POR-1081 Fast Charging 3A Type-C Cable 1.2Meter with Charge & Sync Function for All Type-C Devices (Grey)","Computers&Accessories|Accessories&Peripherals|Cables&Accessories|Cables|USBCables",153,339,0.55,4.3,13391,"Good for fast charge but not for data transfer,Good cable compares to local the brand.,good but doesnt last,Good product,Good Product,Good and worth it,very good material quality charging speed is 15 watt,Not a fast charger"
"B089WB69Y1","USB Charger, Oraimo Elite Dual Port 5V/2.4A Wall Charger, USB Wall Charger Adapter for iPhone 11/Xs/XS Max/XR/X/8/7/6/Plus, iPad Pro/Air 2/Mini 3/Mini 4, Samsung S4/S5, and More","Electronics|Mobiles&Accessories|MobileAccessories|Chargers|WallChargers",247,649,0.62,4,14404,"Good,NICE <U+0001F44D> IN VALUE.PARACASED ON TWO OLY,Working fine,Good product,Good one,Good one,Very good product,Decent product, worth every penny"
"B0116MIKKC","Goldmedal Curve Plus 202042 Plastic Spice 3-Pin 240V Universal Travel Adaptor (White)","Electronics|Mobiles&Accessories|MobileAccessories|Chargers|WallChargers",99,171,0.42,4.5,11339,"Good product at a affordable price point,Nice!,Very good n useful product..,Value for Money.!,It's great,Good 3 pin plug,Useful product,Works as expected."
"B09P858DK8","WeCool C1 Car Mobile Holder with One Click Technology,360° Rotational, Strong Suction Cup,Compatible with 4 to 6 Inch Devices, Wildshield and Dashboard Mobile Holder for Car, and Use","Electronics|Mobiles&Accessories|MobileAccessories|AutomobileAccessories|Cradles",480,1999,0.76,4,3626,"I like the product,Best product with good customer care,Best suction and decent plastic quality,Good product with good quality,Good solution,Good cup adhesion. Overall satisfied.,Overall nice product,Nice One"
"B07DJLFMPS","HP 32GB Class 10 MicroSD Memory Card (U1 TF Card 32GB)","Electronics|Accessories|MemoryCards|MicroSD",368,1600,0.77,4,32625,"Best,genuine,Nice product,Good product,Value for money,Good,worth of purchase,Good <U+0001F44D>"
"B07S9S86BF","boAt Bassheads 242 in Ear Wired Earphones with Mic(Active Black)","Electronics|Headphones,Earbuds&Accessories|Headphones|In-Ear",596,1490,0.6,4.1,161679,"Good Sound,Not bad,Best gaming earphone,Some what satisfied with the boat 242--- 4.5/5,Outstanding fantastic,Good purchase,Nice product,Good quality"
"B07N8RQ6W7","Portronics MODESK POR-122 Universal Mobile Tabletop Holder (Black)","Electronics|Mobiles&Accessories|MobileAccessories|Stands",133,699,0.81,4.1,16685,"Good one,Cannot set tha 90° vertical angle,Best,Nice to use,Avarage,Value for money.,IT DOES WHAT IT IS SUPPOSED TO,Good <U+0001F44D>"
"B09FKDH6FS","realme narzo 50i (Mint Green, 2GB RAM+32GB Storage) Octa Core Processor | 6.5"" inch Large Display","Electronics|Mobiles&Accessories|Smartphones&BasicMobiles|Smartphones",7519,7999,0.06,4,30907,"Budget Phone,Good product at this price,Good prodect,Good,Good,Value for Money!,Not bad,Nice"
"B08HVJCW95","MI 10000mAh 3i Lithium Polymer Power Bank Dual Input(Micro-USB and Type C) and Output Ports 18W Fast Charging (Metallic Blue)","Electronics|Mobiles&Accessories|MobileAccessories|Chargers|PowerBanks",1143,2199,0.48,4.3,178912,"Ok product to buy,Better than any other power banks,<U+0001F44D>,Nice product,Performance is OK,Very Slim & easy to carry,Decent product,GOAT"
"B09YDFDVNS","Nokia 105 Plus Single SIM, Keypad Mobile Phone with Wireless FM Radio, Memory Card Slot and MP3 Player | Red","Electronics|Mobiles&Accessories|Smartphones&BasicMobiles|BasicMobiles",1325,1699,0.22,4,128311,"Centre key,Nice phone,Good for Exam preparing students,Center button is not good,Battery runs out quickly,Nokia trusted brand only needs to improve ringtone sound,best phone,.."
"B0789LZTCJ","boAt Rugged v3 Extra Tough Unbreakable Braided Micro USB Cable 1.5 Meter (Black)","Computers&Accessories|Accessories&Peripherals|Cables&Accessories|Cables|USBCables",296,799,0.63,4.2,94364,"Good product,Good one,Nice,Really nice product,Very first time change,Good,Fine product but could be better,Very nice it's charging like jet"
"B09MZCQYHZ","Ambrane 10000mAh Slim Power Bank, 20W Fast Charging, Dual Output, Type C PD (Input & Output), Quick Charge, Li-Polymer, Multi-Layer Protection for iPhone, Anrdoid & Other Devices (Stylo 10K, Green)","Electronics|Mobiles&Accessories|MobileAccessories|Chargers|PowerBanks",991,1599,0.38,4,7222,"Nice product,Good,Kaam sahi karta hai ji,Woks fine,Nice,good and portabe,Good for a single charge of 5000mah mobile.,Good product"
"B095RTJH1M","Spigen EZ Fit Tempered Glass Screen Protector Guard for iPhone 14/13/13 Pro - 2 Pack","Electronics|Mobiles&Accessories|MobileAccessories|Maintenance,Upkeep&Repairs|ScreenProtectors",986,2899,0.66,4.6,26603,"Easy to install but a bit slippery,Very good product, value for money,Expensive but for a reason,Best Screen Protector!,Best tempered glass to buy for your mobile,Clarity and adhesion is good,Perfect product,Great product and genuinely easy to install"
"B097R25DP7","Noise ColorFit Pulse Smartwatch with 3.56 cm (1.4"") Full Touch HD Display, SpO2, Heart Rate, Sleep Monitors & 10-Day Battery - Jet Black","Electronics|WearableTechnology|SmartWatches",1600,4999,0.68,4,67950,"Noise smartwatch,The product is good overall,Good Battery backup,Okayish product,Satisfied.,Good,It's great watch,Noise"
"B09YDFKJF8","Nokia 105 Plus Single SIM, Keypad Mobile Phone with Wireless FM Radio, Memory Card Slot and MP3 Player | Charcoal","Electronics|Mobiles&Accessories|Smartphones&BasicMobiles|BasicMobiles",1325,1699,0.22,4,128311,"Centre key,Nice phone,Good for Exam preparing students,Center button is not good,Battery runs out quickly,Nokia trusted brand only needs to improve ringtone sound,best phone,.."
"B08RZ5K9YH","MI 33W SonicCharge 2.0 USB Charger for Cellular Phones - White","Electronics|Mobiles&Accessories|MobileAccessories|Chargers|WallChargers",1000,1999,0.5,4.3,1777,"Very good power charger,Good and original item,Good and original,Power House !!,Good but not perfect,Best Charger,Value,Average"
"B085DTN6R2","Portronics Konnect CL 20W POR-1067 Type-C to 8 Pin USB 1.2M Cable with Power Delivery & 3A Quick Charge Support, Nylon Braided for All Type-C and 8 Pin Devices, Green","Computers&Accessories|Accessories&Peripherals|Cables&Accessories|Cables|USBCables",351,899,0.61,4.2,2263,"Works,Nice Product,Fast Charging as original,Good for data transfer,Average. Cost effective,Good quality,Great Product,Nice"
"B09JS562TP","Motorola a10 Dual Sim keypad Mobile with 1750 mAh Battery, Expandable Storage Upto 32GB, Wireless FM with Recording - Rose Gold","Electronics|Mobiles&Accessories|Smartphones&BasicMobiles|BasicMobiles",1402,1630,0.14,4,9378,"Out of 5 iam giving 3.5 rating everything is okay except voice sound during call,Simple for rough use,charger quality bad,Lightweight.,Terriffic battery life,Good one for elders,Good in this price,Good"
"B09KLVMZ3B","Portronics Konnect L 1.2M POR-1401 Fast Charging 3A 8 Pin USB Cable with Charge & Sync Function (White)","Computers&Accessories|Accessories&Peripherals|Cables&Accessories|Cables|USBCables",160,399,0.6,4.1,4768,"Great but,Worked well for 6 six months that’s it,Compatible with Apple iPad 2nd generation and charging very well.,CABLE,The product is good but the phone gets disconnected at multiple occasions.,Not a fast charging cable,Good item. Value,Amazing product and value for money"
"B09V17S2BG","boAt Wave Lite Smartwatch with 1.69"" HD Display, Heart Rate & SpO2 Level Monitor, Multiple Watch Faces, Activity Tracker, Multiple Sports Modes & IP68 (Deep Blue)","Electronics|WearableTechnology|SmartWatches",1468,6990,0.79,3.9,21796,"Ideal Product,Ok,<U+0909><U+092A><U+092F><U+094B><U+0917><U+0940> <U+090F><U+0935><U+0902> <U+0938><U+0902><U+0924><U+094B><U+0937><U+091C><U+0928><U+0915>,Ok in this price range,Battery,It is a good watch,Nice watch,Average"
"B0B5CGTBKV","boAt Wave Call Smart Watch, Smart Talk with Advanced Dedicated Bluetooth Calling Chip, 1.69” HD Display with 550 NITS & 70% Color Gamut, 150+ Watch Faces, Multi-Sport Modes,HR,SpO2(Caribbean Green)","Electronics|WearableTechnology|SmartWatches",1998,7990,0.75,3.8,17833,"Not Polished Enough. (Improving with updates),Best for the budget <U+0001F44D>,Value of money,nice product,Good product,Super value for money,Awesome product,Product itv"
"B0B23LW7NV","Spigen EZ Fit Tempered Glass Screen Protector for iPhone 14 Pro Max - 2 Pack (Sensor Protection)","Electronics|Mobiles&Accessories|MobileAccessories|Maintenance,Upkeep&Repairs|ScreenProtectors",986,2899,0.66,4.7,7779,"Easy to install,Best screen guard and the easiest to install!,Easy to install,Very easy to install and doesn't interfere with the case,Value for money,Good tempered glass,Value for money,Wonderfull wonderfull wonderfull"
"B09KGV7WSV","KINGONE Upgraded Stylus Pen, iPad Pencil, Ultra High Precision & Sensitivity, Palm Rejection, Prevents False ON/Off Touch, Power Display, Tilt Sensitivity, Magnetic Adsorption for iPad 2018 and Later","Electronics|Mobiles&Accessories|MobileAccessories|StylusPens",2100,5999,0.65,4.3,17129,"Really Satisfied with purchase.,DO NOT BELIEVE ANSWERS FOR QUESTIONS SAYING IT WORKS ON iPad Pro 10.5 inch (A1701),Does all the necessary stuff,No Double Tap Gesture,5 star product at this price,Very good product,Automatically off's itself,Value for money pen"
"B0971DWFDT","Portronics CarPower Mini Car Charger with Dual Output, Fast Charging (Type C PD 18W + QC 3.0A) Compatible with All Smartphones(Black)","Electronics|Mobiles&Accessories|MobileAccessories|Chargers|AutomobileChargers",336,699,0.52,4.2,4969,"Good charging speed, supports well for Suzuki burgman also,Good car charger,It connects to apple lighting Cabel,Good car charger,Good product,Nice quality,It’s only a charger,excellent value for money"
"B0BNV7JM5Y","boAt Newly Launched Wave Electra with 1.81"" HD Display, Smart Calling with Ultra-Seamless BT Calling Chip,20 Built-In Watch Faces,100 + Sports Modes,Menu Personalization,In-Built Games(Charcoal Black)","Electronics|WearableTechnology|SmartWatches",3036,7990,0.62,4.1,154,"Feature Wise OK at this Price But Sometimes call screen not come on the display of Watch,Problem with connection.,Good,Good watch,Worth <U+20B9>1799,Very nice product,Touch working smoothly.,Nice watch"
"B0B53QFZPY","PTron Newly Launched Force X10 Bluetooth Calling Smartwatch with 1.7"" Full Touch Color Display, Real Heart Rate Monitor, SpO2, Watch Faces, 5 Days Runtime, Fitness Trackers & IP68 Waterproof (Pink)","Electronics|WearableTechnology|SmartWatches",1320,5999,0.78,3.3,4415,"just a watch not smart one... all features are to make fool of  you,Worst watch, connecting problem with phone nd automatically disconnecting from phone.,Very good quality of product and price is very low.,Good,<U+09AD><U+09BE><U+09B2><U+09CB>,Damaged product supplied later on exchanged,Battery life less.,Amezing"
"B083342NKJ","MI Braided USB Type-C Cable for Charging Adapter (Red)","Computers&Accessories|Accessories&Peripherals|Cables&Accessories|Cables|USBCables",347,399,0.13,4.4,18757,"Good product,using this product 8months It is done  I have not faced any problem so far, its build quality best,I really liked this one.,Very strong and support fast charging ,,Nice cable,Best data cable charging fast,Good job,Good but need some improvement"
"B01F25X6RQ","Samsung Ehs64 Ehs64Avfwecinu Hands-Free Wired In Ear Earphones With Mic With Remote Note (White)","Electronics|Headphones,Earbuds&Accessories|Headphones|In-Ear",499,499,0,4.2,31539,"Works well, but not for long,Good product,Good product,Good quality,Excellent.,Good,Average item,Try to improve"
"B09C6HXFC1","Duracell USB Lightning Apple Certified (Mfi) Braided Sync & Charge Cable For Iphone, Ipad And Ipod. Fast Charging Lightning Cable, 3.9 Feet (1.2M) - Black","Computers&Accessories|Accessories&Peripherals|Cables&Accessories|Cables|USBCables",971,1799,0.46,4.5,815,"Good cable for car,Good substitute for orginal,Better Value for money Product,Way better than the original,Absolutely amazing.,Namm hi kafi hai,Very good,As the names say Durable cell it a durable cable ;-)"
"B0B244R4KB","Spigen EZ Fit Tempered Glass Screen Protector for iPhone 14 Pro - 2 Pack (Sensor Protection)","Electronics|Mobiles&Accessories|MobileAccessories|Maintenance,Upkeep&Repairs|ScreenProtectors",986,2899,0.66,4.6,6129,"Best For It’s Money!<U+0001F525>,Nice quality, but comes with a price!,Easiest to install,Easy to install,Worth every penny!,Worth it,Good but costly,Totally worth it"
"B082LSVT4B","Ambrane Unbreakable 60W / 3A Fast Charging 1.5m Braided Type C to Type C Cable for Smartphones, Tablets, Laptops & Other Type C Devices, PD Technology, 480Mbps Data Sync (RCTT15, Black)","Computers&Accessories|Accessories&Peripherals|Cables&Accessories|Cables|USBCables",247,399,0.38,4,43994,"A Good Braided Cable for Your Type C Device,Good quality product from ambrane,Super cable,As,Good quality,Good product,its good,Good quality for the price but one issue with my unit"
"B092JHPL72","SWAPKART Flexible Mobile Tabletop Stand, Metal Built, Heavy Duty Foldable Lazy Bracket Clip Mount Multi Angle Clamp for All Smartphones (Pack of 1), Multi Color","Electronics|Mobiles&Accessories|MobileAccessories|Mounts|Bedstand&DeskMounts",250,999,0.75,3.7,3234,"Sturdy,Really Flexible, Good for Moderate usage,Good product...<U+0001F44D>,Good product in this price.,Good,Good material,Stability,Okay product."
"B08WRBG3XW","boAt Type C A325 Tangle-free, Sturdy Type C Cable with 3A Rapid Charging & 480mbps Data Transmission(Black)","Computers&Accessories|Accessories&Peripherals|Cables&Accessories|Cables|USBCables",200,499,0.6,4.1,13045,"Good for charging and Data transfer,<U+0A2E><U+0A1C><U+0A3C><U+0A2C><U+0A42><U+0A24>,Good Quality but less Power Delivery,Fantastic!,Good,Not useful,Doesn't fit properly,Boat <U+26F5> cables"
"B09GFM8CGS","Redmi 9A Sport (Carbon Black, 2GB RAM, 32GB Storage) | 2GHz Octa-core Helio G25 Processor | 5000 mAh Battery","Electronics|Mobiles&Accessories|Smartphones&BasicMobiles|Smartphones",6479,7999,0.19,4.1,313832,"Best phone for below normal use,Good mobile for minimal usage , but technically highly worth,For simple use,Ok,Good quality product,Good unit,Good,Best Budget mobile"
"B09J2MM5C6","Amozo Ultra Hybrid Camera and Drop Protection Back Cover Case for iPhone 13 (TPU + Polycarbonate | Crystal Transparent)","Electronics|Mobiles&Accessories|MobileAccessories|Cases&Covers|BasicCases",285,1499,0.81,4.2,2646,"Overall good,Sturdy,It turns yellow,No issues and yellowing as of now!,Not worthy,Awesome,Amazing,iPhone 13 back cover"
"B07Q4QV1DL","ELV Aluminum Adjustable Mobile Phone Foldable Tabletop Stand Dock Mount for All Smartphones, Tabs, Kindle, iPad (Black)","Electronics|Mobiles&Accessories|MobileAccessories|Stands",270,1499,0.82,4.5,28978,"Good one,Almost perfect,Go for it,Good product,It's folding system is good,Very good product,Great stand sturdy and good quality,Good quality"
"B09NHVCHS9","Flix Micro Usb Cable For Smartphone (Black)","Computers&Accessories|Accessories&Peripherals|Cables&Accessories|Cables|USBCables",60,199,0.7,4,9377,"Worked on iPhone 7 and didn’t work on XR,Good one,Dull Physical Looks,Just Buy it,Go for it,About the product,Get charging cable at the price,Working well."
"B01DF26V7A","JBL C100SI Wired In Ear Headphones with Mic, JBL Pure Bass Sound, One Button Multi-function Remote, Premium Metallic Finish, Angled Buds for Comfort fit (Red)","Electronics|Headphones,Earbuds&Accessories|Headphones|In-Ear",598,1299,0.54,4.1,192589,"Good maybe okay,Defective Product Delivered,Amazing Sound at Budget,Not for bass lover,Best one,Quality,Durability,Superb voice quality"
"B08K4PSZ3V","Tukzer Capacitive Stylus Pen for Touch Screens Devices, Fine Point, Lightweight Metal Body with Magnetism Cover Cap for Smartphones/Tablets/iPad/iPad Pro/iPhone (Grey)","Electronics|Mobiles&Accessories|MobileAccessories|StylusPens",350,999,0.65,3.8,16557,"Only affordable Stylus that works with Apple,Product is good, but Spare disk is missing for me.,Best deal for this price,Good but improvement needed,Average, better option are available,very fast and smooth work,Precision & speedy,Amazing"
"B08K4RDQ71","Tukzer Capacitive Stylus Pen for Touch Screens Devices, Fine Point, Lightweight Metal Body with Magnetism Cover Cap for Smartphones/Tablets/iPad/iPad Pro/iPhone (White)","Electronics|Mobiles&Accessories|MobileAccessories|StylusPens",350,999,0.65,3.8,16557,"Only affordable Stylus that works with Apple,Product is good, but Spare disk is missing for me.,Best deal for this price,Good but improvement needed,Average, better option are available,very fast and smooth work,Precision & speedy,Amazing"
"B085CZ3SR1","Mi 10W Wall Charger for Mobile Phones with Micro USB Cable (Black)","Electronics|Mobiles&Accessories|MobileAccessories|Chargers|WallChargers",497,599,0.17,4.2,21916,"Nice one,Nice <U+0001F44D> I'm happy,Best buy in the reasonable price,Great product,product review MI charger!!,MI mobile charger,Top quality charger. Original MI brand. Do buy it if you need a B type charge,Good charger"
"B09Z6WH2N1","STRIFF 12 Pieces Highly Flexible Silicone Micro USB Protector, Mouse Cable Protector, Suit for All Cell Phones, Computers and Chargers (White)","Electronics|Mobiles&Accessories|MobileAccessories|Décor",95,499,0.81,4.2,1949,"Very useful,Very useful item to make your phone cables long lasting,Price can be reduced as this product is not worth for 80 rs,Value for money,It is useful,Good product,Good quality,Its good item in this money"
"B09NL4DJ2Z","FLiX (Beetel) USB to Type C PVC Data Sync & 2A Smartphone Fast Charging Cable, Made in India, 480Mbps Data Sync, Tough Cable, 1 Meter Long USB Cable for USB Type C Devices Black XCD-C12","Computers&Accessories|Accessories&Peripherals|Cables&Accessories|Cables|USBCables",139,249,0.44,4,9377,"Worked on iPhone 7 and didn’t work on XR,Good one,Dull Physical Looks,Just Buy it,Go for it,About the product,Get charging cable at the price,Working well."
"B0BGSV43WY","Noise ColorFit Pro 4 Alpha Bluetooth Calling Smart Watch with 1.78 AMOLED Display, Tru Sync, 60hz Refresh Rate, instacharge, Gesture Control, Functional 360 Digital Crown (Jet Black)","Electronics|WearableTechnology|SmartWatches",4479,7999,0.44,3.5,37,"Tap to wake up issue,Such a amazing watch.use full gestures.,Great but hand wash screen off problem,Restart problem,Nice Product. Go for it.,Super Smooth Experience,Don't buy. Keeps restarting everytime a call arrives.,Highly recommended"
"B0926V9CTV","Elv Mobile Phone Mount Tabletop Holder for Phones and Tablets - Black","Electronics|Mobiles&Accessories|MobileAccessories|Stands",90,599,0.85,4.3,2351,"Handsfree!,Recommended,Good product,It's heavy and stable.Good product but can't change as given in photo.,Good and Sturdy Smartphone Stand,Good and Sturdy,Ok,good"
"B09PLFJ7ZW","Noise Pulse Buzz 1.69"" Bluetooth Calling Smart Watch with Call Function, 150 Watch Faces, 60 Sports Modes, Spo2 & Heart Rate Monitoring, Calling Smart Watch for Men & Women - Rose Pink","Electronics|WearableTechnology|SmartWatches",2000,4999,0.6,3.9,7571,"Best for this price,Nice starter smartwatch,Work,Very light weight watch,Smart watch,Good looking,Super,Good"
"B0B53NXFFR","PTron Newly Launched Force X10 Bluetooth Calling Smartwatch with 1.7"" Full Touch Display, Real Heart Rate Monitor, SpO2, Watch Faces, 5 Days Runtime, Health/Fitness Trackers & IP68 Waterproof (Black)","Electronics|WearableTechnology|SmartWatches",1380,5999,0.77,3.3,4415,"just a watch not smart one... all features are to make fool of  you,Worst watch, connecting problem with phone nd automatically disconnecting from phone.,Very good quality of product and price is very low.,Good,<U+09AD><U+09BE><U+09B2><U+09CB>,Damaged product supplied later on exchanged,Battery life less.,Amezing"
"B07GNC2592","Portronics CLAMP X Car-Vent Mobile Holder 360 Degree Rotational(Black)","Electronics|Mobiles&Accessories|MobileAccessories|AutomobileAccessories|Cradles",599,999,0.4,4,18654,"No vacuum suction, so it works,Not bad!,Good build quality,Fitment in AC vent bit of a issue,Gets the job done!,good,Good,Nice one"
"B09TP5KBN7","pTron Volta Dual Port 12W Smart USB Charger Adapter, Multi-Layer Protection, Made in India, BIS Certified, Fast Charging Power Adaptor Without Cable for All iOS & Android Devices (Black)","Electronics|Mobiles&Accessories|MobileAccessories|Chargers|WallChargers",198,1099,0.82,4,3197,"The space between the ports is very less. Engineering defect.,good,Heating issue,Good,A smart product.,Awesome,Good one,Good"
"B0949SBKMP","boAt Flash Edition Smart Watch with Activity Tracker, Multiple Sports Modes, 1.3"" Screen, 170+ Watch Faces, Sleep Monitor, Gesture, Camera & Music Control, IP68 & 7 Days Battery Life(Lightning Black)","Electronics|WearableTechnology|SmartWatches",1817,6990,0.74,4,26880,"It's pretty decent,Friendly product,I love its design btw it's a descent watch .,Excellent<U+0001F44D><U+0001F4AF>,The Blue color is worst. BUY RED ONE,Design very good,Its worth it,Very nice"
"B09V175NP7","boAt Wave Lite Smartwatch with 1.69 Inches(4.29cm) HD Display, Heart Rate & SpO2 Level Monitor, Multiple Watch Faces, Activity Tracker, Multiple Sports Modes & IP68 (Scarlet Red)","Electronics|WearableTechnology|SmartWatches",1468,6990,0.79,3.9,21796,"Ideal Product,Ok,<U+0909><U+092A><U+092F><U+094B><U+0917><U+0940> <U+090F><U+0935><U+0902> <U+0938><U+0902><U+0924><U+094B><U+0937><U+091C><U+0928><U+0915>,Ok in this price range,Battery,It is a good watch,Nice watch,Average"
"B0B6BLTGTT","Noise Pulse 2 Max Advanced Bluetooth Calling Smart Watch with 1.85'' TFT and 550 Nits Brightness, Smart DND, 10 Days Battery, 100 Sports Mode, Smartwatch for Men and Women - (Jet Black)","Electronics|WearableTechnology|SmartWatches",3000,5999,0.5,4.1,7148,"Value for money smartwatch for those interested in tracking their physical activity.,Noise pulse2max smart watch is awesome and looks good,Paisa wasool,One of the best smartwatches in this segment,Noise,Touch,Good value for money,Best budget segment fitness watch"
"B077Z65HSD","boAt A400 USB Type-C to USB-A 2.0 Male Data Cable, 2 Meter (Black)","Computers&Accessories|Accessories&Peripherals|Cables&Accessories|Cables|USBCables",300,999,0.7,4.3,20850,"Quality is good,Just buy it dont even 2nd guess it,Nylon braided quiet sturdy,Sturdy and durable. Useful for charging Power Banks,Amazing,Feels like steel harnessed wire - strong,good,Nice quality"
"B09W5XR9RT","Duracell USB C To Lightning Apple Certified (Mfi) Braided Sync & Charge Cable For Iphone, Ipad And Ipod. Fast Charging Lightning Cable, 3.9 Feet (1.2M) - Black","Computers&Accessories|Accessories&Peripherals|Cables&Accessories|Cables|USBCables",980,1999,0.51,4.4,184,"Very good product.,Using as a spare cable in car,Sturdy, Durable, Fast Charging!,Good brand,It’s like original apple cable,One of the best wire ..,Super well build. Quality product worth the money,Good product"
"B084DTMYWK","Myvn 30W Warp/20W Dash Charging Usb Type C Charger Cable Compatible For Cellular Phones Oneplus 8T 8 8Pro 7 Pro / 7T / 7T Pro Nord And Oneplus 3 / 3T / 5 / 5T / 6 / 6T / 7","Electronics|Mobiles&Accessories|MobileAccessories|Chargers|WallChargers",330,999,0.67,4.2,3492,"Good Quality,Good one,Good,Decent buy,Value for money,Product worth buying,Lasted for 5 months,It fullfilled my expectations.. Looks awesome.."
"B0B53QLB9H","PTron Newly Launched Force X10 Bluetooth Calling Smartwatch with 1.7"" Full Touch Color Display, Real Heart Rate Monitor, SpO2, Watch Faces, 5 Days Runtime, Fitness Trackers & IP68 Waterproof (Blue)","Electronics|WearableTechnology|SmartWatches",1320,5999,0.78,3.3,4415,"just a watch not smart one... all features are to make fool of  you,Worst watch, connecting problem with phone nd automatically disconnecting from phone.,Very good quality of product and price is very low.,Good,<U+09AD><U+09BE><U+09B2><U+09CB>,Damaged product supplied later on exchanged,Battery life less.,Amezing"
"B0BDYW3RN3","SanDisk Ultra® microSDXC™ UHS-I Card, 256GB, 150MB/s R, 10 Y Warranty, for Smartphones","Electronics|Accessories|MemoryCards|MicroSD",1995,3500,0.43,4.4,67260,"Fake Product,Costly but excellent quality,Storage good but don't know how to Activate warantee??,Good for use,5 stas nahi diya kyuki capacity 477gb hi rahta hai,Speed not as advertise,Good one,It's ok"
"B08HV25BBQ","Noise ColorFit Pro 2 Full Touch Control Smart Watch with 35g Weight & Upgraded LCD Display (Deep Wine)","Electronics|WearableTechnology|SmartWatches",1500,4999,0.7,4,92588,"nice product,Great watch,Ok ok,Nice <U+0001F44D>,Thik thak,Avarage,Smart watch,They can improve more"
"B0BMVWKZ8G","Newly Launched Boult Dive+ with 1.85"" HD Display, Bluetooth Calling Smartwatch, 500 Nits Brightness, 7 Days Battery Life, 150+ Watch Faces, 100+ Sport Modes, IP68 Waterproof Smart Watch (Jet Black)","Electronics|WearableTechnology|SmartWatches",2040,8499,0.76,4.3,240,"Sensors burnt my wrist upon wearing overnight,Worst to buy,<U+0001F44D><U+0001F44D>,It's  good,Low battery life and it's okay to buy,Superb <U+0001F618>,Good,Good product"
"B0BD92GDQH","OnePlus Nord Watch with 1.78” AMOLED Display, 60 Hz Refresh Rate, 105 Fitness Modes, 10 Days Battery, SPO2, Heart Rate, Stress Monitor, Women Health Tracker & Multiple Watch Face [Midnight Black]","Electronics|WearableTechnology|SmartWatches",4969,6999,0.29,3.8,758,"Na,Add bluthooth calling,Premium build watch with mid range features and some bad design choices,Happy with the purchase,Got this watch at 4499,Nyc watch with minimal features,Worth the money,No call receiving option"
"B08Y1SJVV5","pTron Solero MB301 3A Micro USB Data & Charging Cable, Made in India, 480Mbps Data Sync, Strong & Durable 1.5-Meter Nylon Braided USB Cable for Micro USB Devices - (Black)","Computers&Accessories|Accessories&Peripherals|Cables&Accessories|Cables|USBCables",100,666.66,0.85,3.9,24870,"It's pretty good,Average quality,very good and useful usb cable,Good USB cable. My experience was very good it is long lasting,Good,Sturdy but does not support 33w charging,Nice product and useful,-"
"B0B5GF6DQD","Noise Agile 2 Buzz Bluetooth Calling Smart Watch with 1.28"" TFT Display,Dual Button,in-Built Mic & Speaker,AI Voice Assistant, Health Suite,in-Built Games, 100 Watch Faces-(Jet Black)","Electronics|WearableTechnology|SmartWatches",2520,5999,0.58,3.7,828,"Noise,Nice watch',DeezNuts are important,Noise,Noise,Good <U+0001F44D>,Noice,Noise"
"B09JS94MBV","Motorola a10 Dual Sim keypad Mobile with 1750 mAh Battery, Expandable Storage Upto 32GB, Wireless FM with Recording - Dark Blue","Electronics|Mobiles&Accessories|Smartphones&BasicMobiles|BasicMobiles",1402,1630,0.14,4,9378,"Out of 5 iam giving 3.5 rating everything is okay except voice sound during call,Simple for rough use,charger quality bad,Lightweight.,Terriffic battery life,Good one for elders,Good in this price,Good"
"B07XLCFSSN","Amazonbasics Nylon Braided Usb-C To Lightning Cable, Fast Charging Mfi Certified Smartphone, Iphone Charger (6-Foot, Dark Grey)","Computers&Accessories|Accessories&Peripherals|Cables&Accessories|Cables|USBCables",893,1900,0.53,4.4,13552,"Good,Worth to buy,Great value for price,Good product,Nice product.,Reliable and worth it!,Much more sturdy and durable than Apple cable,Good"
"B09NL4DCXK","Flix (Beetel) Bolt 2.4 12W Dual USB Smart Charger, Made in India, Bis Certified, Fast Charging Power Adaptor with 1 Meter USB to Type C Cable for Cellular Phones (White)(Xwc-64D)","Electronics|Mobiles&Accessories|MobileAccessories|Chargers|WallChargers",252,599,0.58,3.9,2147,"good till now,Good,An additional charger same as ORIGINAL .,Good adapter,Best,okay okay,Good,Good product"
"B0B8CHJLWJ","Kyosei Advanced Tempered Glass Compatible with Google Pixel 6a with Military-Grade Anti-Explosion Edge-to-Edge Coverage Screen Protector Guard","Electronics|Mobiles&Accessories|MobileAccessories|Maintenance,Upkeep&Repairs|ScreenProtectors",300,1199,0.75,4.5,596,"Good quality screen protector,Well made basic screen protector,Good one,Good affordable tempered glass,Perfect for pixel 6a,Recommended,Perfect and budget screen guard for pixel 7,Okish"
"B0B8ZWNR5T","STRIFF 12 Pieces Highly Flexible Silicone Micro USB Protector, Mouse Cable Protector, Suit for All Cell Phones, Computers and Chargers (Black)","Electronics|Mobiles&Accessories|MobileAccessories|Décor",80,499,0.84,4.2,1949,"Very useful,Very useful item to make your phone cables long lasting,Price can be reduced as this product is not worth for 80 rs,Value for money,It is useful,Good product,Good quality,Its good item in this money"
"B01F262EUU","Samsung Original EHS64 Wired in Ear Earphones with Mic, Black","Electronics|Headphones,Earbuds&Accessories|Headphones|In-Ear",949,999,0.05,4.2,31539,"Works well, but not for long,Good product,Good product,Good quality,Excellent.,Good,Average item,Try to improve"
"B09VZBGL1N","STRIFF Multi Angle Tablet/Mobile Stand. Holder for iPhone, Android, Samsung, OnePlus, Xiaomi. Portable,Foldable Stand.Perfect for Bed,Office, Home,Gift and Desktop (Black)","Electronics|Mobiles&Accessories|MobileAccessories|Stands",100,499,0.8,4.1,2451,"Totally worth rs99,Best,Valuable,Good,Fulfil purpose, easy to carry,Good product,Good product,Good"
"B0BNVBJW2S","boAt Newly Launched Wave Electra with 1.81"" HD Display, Smart Calling Ultra-Seamless BT Calling Chip, 20 Built-in Watch Faces, 100 + Sports Modes, Menu Personalization, in-Built Games(Cherry Blossom)","Electronics|WearableTechnology|SmartWatches",2477,7990,0.69,4.1,154,"Feature Wise OK at this Price But Sometimes call screen not come on the display of Watch,Problem with connection.,Good,Good watch,Worth <U+20B9>1799,Very nice product,Touch working smoothly.,Nice watch"
"B0B2DJ5RVQ","WeCool B1 Mobile Holder for Bikes or Bike Mobile Holder for Maps and GPS Navigation, one Click Locking, Firm Gripping, Anti Shake and Stable Cradle Clamp with 360° Rotation Bicycle Phone Mount","Electronics|Mobiles&Accessories|MobileAccessories|Mounts|HandlebarMounts",680,1999,0.66,4.3,1193,"Quite firm and steady.,<U+0001F44D>,good buy,Theft easy,Good product,Its work,Best in market,quality"
"B096TWZRJC","Sounce 360 Adjustable Mobile Phone Holder, Universal Phone Holder Clip Lazy Bracket Flexible Gooseneck Clamp Long Arms Mount for Mobile Tabletop Stand for Bedroom, Office, Bathroom, White","Electronics|Mobiles&Accessories|MobileAccessories|Mounts|Bedstand&DeskMounts",494,1899,0.74,4.1,1475,"Very sturdy and convenient.,Good product,Very,Find summed up review below,Very Useful <U+0001F642><U+0001F44D>,Great product,Good product,Works well enough, it isn’t really stable and tend to vibrate"
"B09GP6FBZT","OpenTech® Military-Grade Tempered Glass Screen Protector Compatible for iPhone 13/13 Pro / 14 with Edge to Edge Coverage and Easy Installation kit (6.1 Inches)","Electronics|Mobiles&Accessories|MobileAccessories|Maintenance,Upkeep&Repairs|ScreenProtectors",300,999,0.7,4.3,8891,"Prompt service. Good quality,Product is good, but little over priced.,The best screen guard I’ve used in terms of ease of installation & product finish,Since there is no align master provided, it's nearly impossible to stick it in the right place.,Nice product and well priced,Great quality and 100% transparency,Good for the price,Excellent customer support with a perfect product"
"B0B3DV7S9B","EN LIGNE Adjustable Cell Phone Stand, Foldable Portable Phone Stand Phone Holder for Desk, Desktop Tablet Stand Compatible with Mobile Phone/iPad/Tablet (Black)","Electronics|Mobiles&Accessories|MobileAccessories|Stands",210,499,0.58,3.6,104,"Ok but not bad,Good stand but not quality product,Not so good,Low quality,Worth and good quality,Very useful,Very use ful and easy to carry,I like the product"
"B08JW1GVS7","URBN 20000 mAh Lithium_Polymer 22.5W Super Fast Charging Ultra Compact Power Bank with Quick Charge & Power Delivery, Type C Input/Output, Made in India, Type C Cable Included (Camo)","Electronics|Mobiles&Accessories|MobileAccessories|Chargers|PowerBanks",2159,3999,0.46,4,8380,"Handy, premium and fast charger but just 2 outputs,Don’t give much back up,Lightweight heavy duty but charging speed less,Not fast charging to one plus Nord mobile,Power beast with some drawbacks,BEAST mode,User review,Charging is fast. C to C cable and adaptor not supplied"
"B08H21B6V7","Nokia 150 (2020) (Cyan)","Electronics|Mobiles&Accessories|Smartphones&BasicMobiles|BasicMobiles",2609,2999,0.13,3.9,14266,"Ok phone,Good Basic Phone,Nice one,Hghjk,Good one,Nokia 150,Listen to this before buying..,Good produt"
"B09BNXQ6BR","Noise ColorFit Ultra SE Smart Watch with 1.75""(4.3cm) HD Display, Aluminium Alloy Body, 60 Sports Modes, Spo2, Lightweight, Stock Market Info, Calls & SMS Reply (Vintage Brown)","Electronics|WearableTechnology|SmartWatches",2795,6499,0.57,4.1,38879,"Budget friendly watch,Good product at this price range,Ok,Satisfied,Watch <U+231A><U+FE0F> Review,Nice,Display touch was good but screen bazales is too much,Nice watch under 2000"
"B01FSYQ2A4","boAt Rockerz 400 Bluetooth On Ear Headphones With Mic With Upto 8 Hours Playback & Soft Padded Ear Cushions(Grey/Green)","Electronics|Headphones,Earbuds&Accessories|Headphones|On-Ear",1405,2990,0.53,4.1,97175,"Worth Every Square Inch.,VFM, Plastic build. Must buy,3 years of extensive usage , delivered the perfomance to its price,Still working after 2 years,Low in price but sound was high,Super head phone under 1300 rs,Wow nice this headphone Just like fall in love<U+0001F970> ye kuchh jyada hi ho gya<U+0001F61C>,Good quality"
"B08L5FM4JC","SanDisk Ultra microSD UHS-I Card 64GB, 120MB/s R","Electronics|Accessories|MemoryCards|MicroSD",648,2400,0.73,4.4,67260,"Fake Product,Costly but excellent quality,Storage good but don't know how to Activate warantee??,Good for use,5 stas nahi diya kyuki capacity 477gb hi rahta hai,Speed not as advertise,Good one,It's ok"
"B0B54Y2SNX","iPhone Original 20W C Type Fast PD Charger Compatible with I-Phone13/13 mini/13pro/13 pro Max I-Phone 12/12 Pro/12mini/12 Pro Max, I-Phone11/11 Pro/11 Pro Max 2020 (Only Adapter)","Electronics|Mobiles&Accessories|MobileAccessories|Chargers|WallChargers",798,3990,0.8,3.8,119,"It’s worth,Good,Iphone 18w adapter.,The product is good to use,Nice,Excellent,Very useful and excellent product at an very affordable price. tag,Affordable price, Great deal!"
"B08BQ947H3","LIRAMARK Webcam Cover Slide, Ultra Thin Laptop Camera Cover Slide Blocker for Computer MacBook Pro iMac PC Tablet (Pack of 3)","Computers&Accessories|Accessories&Peripherals|LaptopAccessories|CameraPrivacyCovers",149,149,0,4.3,10833,"Merges with the device, Ultra Thin, Smooth Sliding,Good for Privacy Concerns,Good product,RESEARCH PROPERLY BEFORE BUYING! NOT SUITABLE FOR MACBOOKS!"
"B082T6V3DT","AmazonBasics New Release Nylon USB-A to Lightning Cable Cord, Fast Charging MFi Certified Charger for Apple iPhone, iPad (6-Ft, Rose Gold)","Computers&Accessories|Accessories&Peripherals|Cables&Accessories|Cables|USBCables",798,2100,0.62,4.3,8188,"Good product but costly,It’s really long n sturdy no homo <U+0001F525>,Takes longer to charge than the regular cable,Quality is really good,iPhone X pink charging cable long one <U+261D><U+FE0F>,A good purchase,It charges fine for me,Absolutely fantastic USB<U+0001F44D><U+0001F44D><U+0001F44D>"
"B0B7DHSKS7","Nokia 8210 4G Volte keypad Phone with Dual SIM, Big Display, inbuilt MP3 Player & Wireless FM Radio | Blue","Electronics|Mobiles&Accessories|Smartphones&BasicMobiles|BasicMobiles",3815,5299,0.28,3.5,1641,"Good to use as a secondary mobile,It's average.,Not user friendly operation of nokia 8210.,Need invoice,Good feature phone with 4G connectivity,Model for worth,Good,Good feature phone, but it is highly overprized"
"B09SJ1FTYV","Sounce Protective Case Cover Compatible Boat Xtend Overall Protective Case TPU HD Clear Ultra-Thin Cover with Unbreakable Screen Guard","Electronics|Mobiles&Accessories|MobileAccessories|Cases&Covers|BasicCases",190,1899,0.9,4,4740,"Perfect fit n finish. But slightly over priced. Overall good and useful.,Screen cover,Amazing product.. I'm very glad after got it..Now I can use my watch confidently..Thank you Amazon..,protect our screen.,Perfect fitting for m nosice smartwatch <U+2764>,Good for protection,Ok,Good"
"B0BBVKRP7B","SHREENOVA ID116 Plus Bluetooth Fitness Smart Watch for Men Women and Kids Activity Tracker (Black)","Electronics|WearableTechnology|SmartWatches",280,1999,0.86,2.8,87,"Very Good prodat,Battery life is 0 day,Good,Where is switch on button?,Saman kharab hai,Do not purchase totally waste of time and money.,Bhot Gandhi h ye watch,Good <U+0001F44D> nice"
"B0BMM7R92G","Noise_Colorfit Smart Watch Charger 2 Pin USB Fast Charger Magnetic Charging Cable Adapter (Smart Watch Charger 2 pin)","Electronics|WearableTechnology|SmartWatches",250,999,0.75,4.5,38,"Must Buy,Truly value for money at this price point get this type of quality charger cable.,Perfect fit for my Noise Colourfit NAV,Must try product,Product good,Good product,Value for money,Good product"
"B08M66K48D","POPIO Tempered Glass Screen Protector Compatible for iPhone 12 / iPhone 12 Pro with Case Friendly Edge to Edge Coverage and Easy Installation kit, Pack of 1","Electronics|Mobiles&Accessories|MobileAccessories|Maintenance,Upkeep&Repairs|ScreenProtectors",300,599,0.5,4.3,4674,"Big Bubble dont go away,Perfect tempered glass in given price,Nice,Overall good but difficult to install,Good quality and great price,Best Tempered Glass<U+0001F44C><U+0001F3FB>,Good quality,Best tempered glass used till date"
"B09RFB2SJQ","10WeRun Id-116 Bluetooth Smartwatch Wireless Fitness Band for Boys, Girls, Men, Women & Kids | Sports Gym Watch for All Smart Phones I Heart Rate and spo2 Monitor","Electronics|WearableTechnology|SmartWatches",494,1899,0.74,4.1,412,"It's worth for money and satisfied.,Nice product,Not great but will do,Very good product I like this product.,Product is ok ok as it is too difficult to connect with phone or it not be able to with ios,Must buy,Good, watch was as expected,Good smart watch"
"B0B82YGCF6","Tokdis MX-1 Pro Bluetooth Calling Smartwatch - 1.69” LCD Display, Multiple Watch Faces, Sleep Monitor, Heart & SpO2 Monitoring, Multiple Sports Modes, Water Resistant","Electronics|WearableTechnology|SmartWatches",910,3499,0.74,3,681,"Its is good but battery life is very poor,Heart rate sanser and battery backup,Nice product,Good product within small price range,poor.,Cool product,Gets disconnected , time n data doesn't updates automatically,It's good deal at 849/- works fine for first few days"
"B08HF4W2CT","URBN 20000 mAh lithium_polymer Power Bank with 12 Watt Fast Charging, Camo","Electronics|Mobiles&Accessories|MobileAccessories|Chargers|PowerBanks",1610,3499,0.54,4,36384,"Worth the price,It is good,Not Bad,BATTERY LIFE,It melts the smart watch charger,Very good light weight,Achha laga,Can’t be repaired"
"B08BCKN299","Sounce Gold Plated 3.5 mm Headphone Splitter for Computer 2 Male to 1 Female 3.5mm Headphone Mic Audio Y Splitter Cable Smartphone Headset to PC Adapter – (Black,20cm)","Electronics|Headphones,Earbuds&Accessories|Adapters",120,999,0.88,3.9,6491,"Recommended !,Good product,Please wire quality improve karo,Value for money product.,Amazing Performance & Great Quality,A lot of noise when mic is plugged in.,Great product,Good"
"B0B2X35B1K","Noise ColorFit Ultra 2 Buzz 1.78"" AMOLED Bluetooth Calling Watch with 368*448px Always On Display, Premium Metallic Finish, 100+ Watch Faces, 100+ Sports Modes, Health Suite (Jet Black)","Electronics|WearableTechnology|SmartWatches",3989,6999,0.43,4.1,10229,"Wonderful smart watch,Value for money. Good for first time users,Awesome,Best in market,Good,Worst customer support noise,Calls and userinterface is nice,Noise"
"B0B1NX6JTN","Spigen Ultra Hybrid Back Cover Case Compatible with iPhone 14 Pro max (TPU + Poly Carbonate | Crystal Clear)","Electronics|Mobiles&Accessories|MobileAccessories|Cases&Covers|BasicCases",1611,2599,0.38,4.3,1801,"Good Looking Sturdy cover,Perfect fit for 14 pro max,Excellent fit and value for money must buy if using non mag charger,Excellent,Over priced,Awesome,Worth the money,Quality product"
"B078G6ZF5Z","Oraimo 18W USB & Type-C Dual Output Super Fast Charger Wall Adapter PE2.0&Quick Charge 3.0 & Power Delivery 3.0 Compatible for iPhone 13/13 Mini/13 Pro Max/12/12 Pro Max, iPad Mini/Pro, Pixel, Galaxy, Airpods Pro","Electronics|Mobiles&Accessories|MobileAccessories|Chargers|WallChargers",695,1199,0.42,4,14404,"Good,NICE <U+0001F44D> IN VALUE.PARACASED ON TWO OLY,Working fine,Good product,Good one,Good one,Very good product,Decent product, worth every penny"
"B0BBW521YC","LAPSTER 12pcs Spiral Cable Protectors for Charger, Wires, Data Charger Cable Protector for Computers, Cell Phones etc.(Grey)","Electronics|Mobiles&Accessories|MobileAccessories|Décor|PhoneCharms",100,999,0.9,4.4,305,"It's OK,Useful product,All peices arrived,Good product <U+0001F44D>,very nice quality and durable,Seems to be made of recycled material, serves the purpose,Worth to buy!,Terrific purchase"
"B09YV42QHZ","Fire-Boltt Ninja 3 Smartwatch Full Touch 1.69 "" & 60 Sports Modes with IP68, Sp02 Tracking, Over 100 Cloud based watch faces ( Green )","Electronics|WearableTechnology|SmartWatches",1520,7999,0.81,4.2,22638,"Premium looking watch,Excellent Product,The Tracking and touch would be better,Bluetooth connectivity,Very good,The watch is good,Felt Good,Not bad"
"B09BF8JBWX","Lava A1 Josh 21(Blue Silver) -Dual Sim,Call Blink Notification,Military Grade Certified with 4 Day Battery Backup, Keypad Mobile","Electronics|Mobiles&Accessories|Smartphones&BasicMobiles|BasicMobiles",1049,1249,0.16,3.8,2352,"Very Bad mobile,Value for money,Part missing,Ok,Good buy,Value for money,Value of money,Phone works well"
"B0B5YBGCKD","POPIO Tempered Glass Compatible for iPhone 13 / iPhone 13 Pro/iPhone 14 (Transparent) Edge to Edge Full Screen Coverage with Installation Kit, Pack of 2","Electronics|Mobiles&Accessories|MobileAccessories|Maintenance,Upkeep&Repairs|ScreenProtectors",150,599,0.75,4.3,714,"Great product if you don’t mind the edges,Recommended !!,Looks premium,Real value for money however I wish there would have been stronger adhesive,Its a genuine product,Precision!,Does the job perfectly,A perfect fit for iPhone 13 and has transparent edges too."
"B01GGKYKQM","Amazon Basics USB Type-C to USB-A 2.0 Male Fast Charging Cable for Laptop - 3 Feet (0.9 Meters), Black","Computers&Accessories|Accessories&Peripherals|Cables&Accessories|Cables|USBCables",217,700,0.69,4.3,20052,"You can trust on this one,The best usb cable,Wel build just like original .,Nice!!,Working perfectly,Basic,Good,No issues"
"B09MY4W73Q","Amozo Ultra Hybrid Camera and Drop Protection Back Cover Case for iPhone 13 (Polycarbonate| Back Transparent - Sides Black)","Electronics|Mobiles&Accessories|MobileAccessories|Cases&Covers|BasicCases",468,1799,0.74,4.3,1454,"Okay product,Descent product,Very Sturdy,Great protectione and design,Good Product !!,Excellent Case with Beauty,Awesome cover,Good quality"
"B08R69VDHT","Pinnaclz Original Combo of 2 Micro USB Fast Charging Cable, USB Charging Cable for Data Transfer Perfect for Android Smart Phones White 1.2 Meter Made in India (Pack of 2)","Computers&Accessories|Accessories&Peripherals|Cables&Accessories|Cables|USBCables",115,499,0.77,4,7732,"Very good product and met my need.  Thanks,Decent value,Nice quality… trustable…,Just well in this price.,supports 2.4 amps fast charging,Nice,Nice.,Value for money"
"B09T37CKQ5","FLiX Usb Charger,Flix (Beetel) Bolt 2.4 Dual Poart,5V/2.4A/12W Usb Wall Charger Fast Charging,Adapter For Android/Iphone 11/Xs/Xs Max/Xr/X/8/7/6/Plus,Ipad Pro/Air 2/Mini 3/4,Samsung S4/S5 & More-Black","Electronics|Mobiles&Accessories|MobileAccessories|Chargers|WallChargers",240,599,0.6,3.9,2147,"good till now,Good,An additional charger same as ORIGINAL .,Good adapter,Best,okay okay,Good,Good product"
"B09GFPN6TP","Redmi 9A Sport (Coral Green, 3GB RAM, 32GB Storage) | 2GHz Octa-core Helio G25 Processor | 5000 mAh Battery","Electronics|Mobiles&Accessories|Smartphones&BasicMobiles|Smartphones",7504,9499,0.21,4.1,313832,"Best phone for below normal use,Good mobile for minimal usage , but technically highly worth,For simple use,Ok,Good quality product,Good unit,Good,Best Budget mobile"
"B0B298D54H","Prolet Classic Bumper Case Cover for Samsung Galaxy Watch 4 44mm TPU Plated Full Screen Protector (Black)","Electronics|WearableTechnology|SmartWatches",270,999,0.73,3.7,465,"Good Product,Must buy case for samsung watch 4,Generic but good,Not for watch 4, but for watch 4 classic,Good Product. Touch sensitivity to improve,Worth of buying,Perfectly fit for samsung brezzel,Awesome Watch Cover..Fitted Exactly size ..."
"B09CMP1SC8","Ambrane 2 in 1 Type-C & Micro USB Cable with 60W / 3A Fast Charging, 480 mbps High Data, PD Technology & Quick Charge 3.0, Compatible with All Type-C & Micro USB Devices (ABDC-10, Black)","Computers&Accessories|Accessories&Peripherals|Cables&Accessories|Cables|USBCables",200,499,0.6,4.1,602,"Good product,Its good, but micro usb doesn't fit my phone.,Good and useful item,It is very best cable,good,2 in 1 Charging Cable.,Sturdy cable overall,Nice & Best Charger Cabel"
"B09YLXYP7Y","Ambrane 60W / 3A Fast Charging Output Cable with Type-C to USB for Mobile, Neckband, True Wireless Earphone Charging, 480mbps Data Sync Speed, 1m Length (ACT - AZ10, Black)","Computers&Accessories|Accessories&Peripherals|Cables&Accessories|Cables|USBCables",180,399,0.55,4,1423,"GOOD,Thank you  Amazon very good charging cable,Good,Very good product,good quality,Very Good Product,This is fast charging USB!,Simply perfect at the price of below 100"
"B0B9BXKBC7","WeCool S5 Long Selfie Stick, with Large Reinforced Tripod Stand up to 61 Inch / 156 Cms, Ultra Long Multi Function Bluetooth Selfie Stick with 1/4 Screw Compatible with Gopro, Camera, and Ring Light","Electronics|Mobiles&Accessories|MobileAccessories|Photo&VideoAccessories|SelfieSticks",1800,3999,0.55,4.6,245,"Good,Good Product but Little expensive.,Happy with the purchase,Good buy in price range,Best travel companion,For instagram reels zoom in and zoom out switch is not available,MUST BUY FOR EVERY ONE WHO OWNS A MOBILE PHONE !!!,A good selfie stick"
"B09NVPJ3P4","Noise ColorFit Pulse Grand Smart Watch with 1.69""(4.29cm) HD Display, 60 Sports Modes, 150 Watch Faces, Fast Charge, Spo2, Stress, Sleep, Heart Rate Monitoring & IP68 Waterproof (Electric Blue)","Electronics|WearableTechnology|SmartWatches",2000,3999,0.5,4,30254,"Ranjitha,Good one,Best One!!!,Good and average usage,IT'S BEEN GOOD,Good,Overall good product,Nice"
"B09VGKFM7Y","Amazon Basics 2 Amp USB Wall Charger & Micro USB Cable (White)","Electronics|Mobiles&Accessories|MobileAccessories|Chargers|WallChargers",220,499,0.56,4.4,14,"Quality product,Excellent, it's fast charging,After 12 days not working <U+0001F614>"
"B07QCWY5XV","Mobilife Bluetooth Extendable Selfie Stick with Tripod Stand and Wireless Remote,3-in-1 Multifunctional Selfie Stick Tripod for iPhone Samsung Mi Realme Oppo Vivo Google More,Black","Electronics|Mobiles&Accessories|MobileAccessories|Photo&VideoAccessories|SelfieSticks",602,1399,0.57,4.1,14560,"Best selfie stick,Decent product with one draw back,Best for Recording videos and photo shoot,Great Selfi stick using for 6months,Nice product in this rate,Overall ok but stability is not rock solid,Selfie stick,Nice"
"B098QXR9X2","Ambrane 27000mAh Power Bank, 20W Fast Charging, Triple Output, Type C PD (Input & Output), Quick Charge, Li-Polymer, Multi-Layer Protection for iPhone, Smartphones & Other Devices (Stylo Pro, Black)","Electronics|Mobiles&Accessories|MobileAccessories|Chargers|PowerBanks",2489,2999,0.17,4.1,3156,"The first light  Is not working idk why,Pretty device,Good product,A GOOD INVESTMENT,Too bulky,This power bank full charge at 12 hour and I phone 12 will be 4 time full charged not 6 time,VERY GOOD PRODUCT.<U+2606><U+2606><U+2606><U+2606><U+2606>,Its too bulky and I would say not good for travelling"
"B07H1S7XW8","STRIFF Wall Mount Phone Holder Wall Mount with Adhesive Strips, Charging Holder Compatible with iPhone, Smartphone and Mini Tablet (Pack of 1) (White)","Electronics|Mobiles&Accessories|MobileAccessories|Mounts|Shower&WallMounts",90,499,0.82,4.1,9340,"Good,Good product,Small things looka zoomed out,GOOD PRODUCT,Good product,Good quality product,Little gap to hold the mobile. Struggling every time to keep the mobile in.,Excellent product"
"B088ZFJY82","Elv Aluminium Adjustable Mobile Phone Foldable Holder Tabletop Stand Dock Mount for All Smartphones, Tabs, Kindle, iPad (Moonlight Silver)","Electronics|Mobiles&Accessories|MobileAccessories|Stands",315,1499,0.79,4.5,28978,"Good one,Almost perfect,Go for it,Good product,It's folding system is good,Very good product,Great stand sturdy and good quality,Good quality"
"B09BCNQ9R2","DYAZO USB 3.0 Type C Female to USB A Male Connector/Converter/Adapter Compatible for Samsung Galaxy Note s 20 10 Plus Ultra,Google Pixel 4 5 3 2 & Other Type-c Devices","Electronics|Mobiles&Accessories|MobileAccessories|Cables&Adapters|OTGAdapters",140,499,0.72,4.2,4971,"Good,Good,Worth buying and easy to use,Good,Great product for Ipad Pro,Super,It was good to use and also its fasttt.,Best"
"B0B9BD2YL4","KINGONE Wireless Charging Pencil (2nd Generation) for iPad with Magnetic and Tilt Sensitive, Palm Rejection, Compatible with Apple iPad Pro 11 inch 1/2/3/4, iPad Pro 12.9 Inch 3/4/5/6, iPad Air 4/5, mini6","Electronics|Mobiles&Accessories|MobileAccessories|StylusPens",2590,6999,0.63,4.5,1526,"Quite Good,good pencil,Value for money,Brilliant,Value for moeny product,Must to buy this pencil,Problemsolver,It works as advertised"
"B071Z8M4KX","boAt BassHeads 100 in-Ear Wired Headphones with Mic (Black)","Electronics|Headphones,Earbuds&Accessories|Headphones|In-Ear",370,999,0.63,4.1,363711,"Best value for money,HEAD PHONE POUCH NOT RECEIVED,Overall good in this pricerange,It's not working in my Phone properly Plz help me in exchange or return, I ll be thankful to you,Worth the money <U+0001F911>,Best,Nice sound,Wonderful product"
"B09N3ZNHTY","boAt Airdopes 141 Bluetooth Truly Wireless in Ear Earbuds with mic, 42H Playtime, Beast Mode(Low Latency Upto 80ms) for Gaming, ENx Tech, ASAP Charge, IWP, IPX4 Water Resistance (Bold Black)","Electronics|Headphones,Earbuds&Accessories|Headphones|In-Ear",1482,4490,0.67,3.9,136954,"Beast in budget!,Fake negative reviews.,great product under low price range"
"B0B5B6PQCT","boAt Wave Call Smart Watch, Smart Talk with Advanced Dedicated Bluetooth Calling Chip, 1.69” HD Display with 550 NITS & 70% Color Gamut, 150+ Watch Faces, Multi-Sport Modes,HR,SpO2, IP68(Active Black)","Electronics|WearableTechnology|SmartWatches",1838,7990,0.77,3.8,17833,"Not Polished Enough. (Improving with updates),Best for the budget <U+0001F44D>,Value of money,nice product,Good product,Super value for money,Awesome product,Product itv"
"B005FYNT3G","SanDisk Cruzer Blade 32GB USB Flash Drive","Computers&Accessories|ExternalDevices&DataStorage|PenDrives",286,650,0.56,4.3,253105,"Good product,Affordable,Good,Reding speed is only under 22mb/s,Good product <U+0001F44D>,good,Good product and value for money,All about it is very good product in suitable price."
"B01J0XWYKQ","Logitech B170 Wireless Mouse, 2.4 GHz with USB Nano Receiver, Optical Tracking, 12-Months Battery Life, Ambidextrous, PC/Mac/Laptop - Black","Computers&Accessories|Accessories&Peripherals|Keyboards,Mice&InputDevices|Mice",600,895,0.33,4.4,61314,"Small, not too heavy, good looking.,Quality of material,Nice product,Good,One of the Best Mouse for the price,Good holding good dpi easy to use,Value for money,Nice mouse"
"B09CTRPSJR","Storio Kids Toys LCD Writing Tablet 8.5Inch E-Note Pad Best Birthday Gift for Girls Boys, Multicolor (SC1667)","Computers&Accessories|Accessories&Peripherals|Keyboards,Mice&InputDevices|GraphicTablets",218,237,0.08,3.8,7354,"Good Product,Good,Excellent Product!,Please check before replacing...,Save Trees,overall, a good buy,Save tree,Very nice product"
"B08JQN8DGZ","boAt Airdopes 121v2 in-Ear True Wireless Earbuds with Upto 14 Hours Playback, 8MM Drivers, Battery Indicators, Lightweight Earbuds & Multifunction Controls (Active Black, with Mic)","Electronics|Headphones,Earbuds&Accessories|Headphones|In-Ear",1286,2990,0.57,3.8,180998,"Good sound quality but not 40 hours backup!,Decent but not that impressive,Good purchase, good build and good sound quality,Good for cost.,Excellent,Like the product,Value for money,Call Disturbance"
"B0B72BSW7K","SKE Bed Study Table Portable Wood Multifunction Laptop-Table Lapdesk for Children Bed Foldabe Table Work with Tablet Slot & Cup Holder Brown Black","Computers&Accessories|Accessories&Peripherals|LaptopAccessories|Lapdesks",266,699,0.62,3.5,690,"Good as per price,Good,Worthy for Price,Worth,Unstable on bed mattress - due to curved landing edges,RECOMMEND TO BUY.,Quality Wise It's Not Perfect But <U+0001F44D> Good As Compared to Market Products,Totally is good <U+0001F60A>"
"B0BDRVFDKP","SanDisk Ultra® microSDXC™ UHS-I Card, 64GB, 140MB/s R, 10 Y Warranty, for Smartphones","Electronics|Accessories|MemoryCards|MicroSD",570,1000,0.43,4.4,67262,"Fake Product,Costly but excellent quality,Storage good but don't know how to Activate warantee??,Good for use,5 stas nahi diya kyuki capacity 477gb hi rahta hai,Speed not as advertise,Good one,It's ok"
"B0B5LVS732","Noise Pulse Go Buzz Smart Watch Bluetooth Calling with 1.69"" Display, 550 NITS, 150+ Cloud Watch Face, SPo2, Heart Rate Tracking, 100 Sports Mode with Auto Detection, Longer Battery (Jet Black)","Electronics|WearableTechnology|SmartWatches",2000,4999,0.6,4.1,10689,"Sumit Nath,For the price, it is a good purchase but can be better,Happy with product...,It's really smart with elegant design,Amazing,Noise,All good,Good"
"B08TV2P1N8","boAt Rockerz 255 Pro+ in-Ear Bluetooth Neckband with Upto 40 Hours Playback, ASAP  Charge, IPX7, Dual Pairing, BT v5.0, with Mic (Active Black)","Electronics|Headphones,Earbuds&Accessories|Headphones|In-Ear",1396,3990,0.65,4.1,141841,"The rebel with a defect,Nice product,Really good product,Awesome charging backup <U+0001F44D>,Value for price,Value for money,Bluetooth service centre not available,good quality"
"B07XCM6T4N","STRIFF Adjustable Laptop Tabletop Stand Patented Riser Ventilated Portable Foldable Compatible with MacBook Notebook Tablet Tray Desk Table Book with Free Phone Stand (Black)","Computers&Accessories|Accessories&Peripherals|LaptopAccessories|NotebookComputerStands",345,1499,0.77,4.3,24791,"Product is very good , but delivery was not quite good,Overall good.,Average to good,Stability should have been better.,Price could be less,Best product in this price.,Mast,Value for money"
"B07T5DKR5D","ZEBRONICS Zeb-Bro in Ear Wired Earphones with Mic, 3.5mm Audio Jack, 10mm Drivers, Phone/Tablet Compatible(Black)","Electronics|Headphones,Earbuds&Accessories|Headphones|In-Ear",148,399,0.63,3.5,21764,"Build quality material is not good. I feel it might last for a longer run.,Very good earphones at this price,not grate,More than average <U+0001F44D>,Ok,Best ear phones,Is ok,good wired earphone"
"B01DEWVZ2C","JBL C100SI Wired In Ear Headphones with Mic, JBL Pure Bass Sound, One Button Multi-function Remote, Angled Buds for Comfort fit (Black)","Electronics|Headphones,Earbuds&Accessories|Headphones|In-Ear",599,999,0.4,4.1,192587,"Good maybe okay,Defective Product Delivered,Amazing Sound at Budget,Not for bass lover,Best one,Quality,Durability,Superb voice quality"
"B07PR1CL3S","boAt Rockerz 450 Bluetooth On Ear Headphones with Mic, Upto 15 Hours Playback, 40MM Drivers, Padded Ear Cushions, Integrated Controls and Dual Modes(Luscious Black)","Electronics|Headphones,Earbuds&Accessories|Headphones|On-Ear",1237,3990,0.69,4.1,107151,"Authentic review,Overall it's a good headset.,Not for me,Nice product,Best,Amazing product,It's a wonderful boat product,Good Product of boAt"
"B09V12K8NT","boAt Wave Lite Smartwatch with 1.69"" HD Display, Sleek Metal Body, HR & SpO2 Level Monitor, 140+ Watch Faces, Activity Tracker, Multiple Sports Modes, IP68 & 7 Days Battery Life(Active Black)","Electronics|WearableTechnology|SmartWatches",1468,6990,0.79,3.9,21797,"Overall good except connectivity,Ideal Product,Ok,<U+0909><U+092A><U+092F><U+094B><U+0917><U+0940> <U+090F><U+0935><U+0902> <U+0938><U+0902><U+0924><U+094B><U+0937><U+091C><U+0928><U+0915>,Ok in this price range,Battery,It is a good watch,Nice watch"
"B07JQKQ91F","JBL C50HI, Wired in Ear Headphones with Mic, One Button Multi-Function Remote, Lightweight & Comfortable fit (Black)","Electronics|Headphones,Earbuds&Accessories|Headphones|In-Ear",500,999,0.5,3.9,92995,"Good,Overall Good,Decent earphones for the price,Worth it,It's just not like that,Good one,Really Good one under Rs 500,On the budget best branded Earphones"
"B08W56G1K9","LAPSTER Spiral Charger Spiral Charger Cable Protectors for Wires Data Cable Saver Charging Cord Protective Cable Cover Set of 3 (12 Pieces)","Computers&Accessories|Accessories&Peripherals|Cables&Accessories|CableConnectionProtectors",100,999,0.9,4.1,8751,"Value for money but,functional,Good,Very easy to use,Good,Good product,Good,Cable protector"
"B07WG8PDCW","pTron Bullet Pro 36W PD Quick Charger, 3 Port Fast Car Charger Adapter - Compatible with All Smartphones & Tablets (Black)","Electronics|Mobiles&Accessories|MobileAccessories|Chargers|AutomobileChargers",351,1299,0.73,4,14283,"Good,Good product,Charging well but build quality could be better,Quite nice,Good quality product,Ok,Good Purchase,Built quality could have been better"
"B01L8ZNWN2","HP v236w USB 2.0 64GB Pen Drive, Metal","Computers&Accessories|ExternalDevices&DataStorage|PenDrives",480,1500,0.68,4.2,64273,"Solid and stylish, but too tight in usb port, average performance.,Good product,Slow,It works everywhere except for car stereo,ONLY 57 GB,Good,Good,Nice pen drive"
"B009VCGPSY","HP X1000 Wired USB Mouse with 3 Handy Buttons, Fast-Moving Scroll Wheel and Optical Sensor works on most Surfaces (H2C21AA, Black/Grey)","Computers&Accessories|Accessories&Peripherals|Keyboards,Mice&InputDevices|Mice",266,649,0.59,4.3,54315,"Decent mouse from trusted brand,Value for money,Good,Average mouse.,Good,Cute,Its a good mouse for normal usage... loved it.<U+0001F495>,HP X1000 Wired USB Mouse"
"B0B296NTFV","Portronics Toad 23 Wireless Optical Mouse with 2.4GHz, USB Nano Dongle, Optical Orientation, Click Wheel, Adjustable DPI(Black)","Computers&Accessories|Accessories&Peripherals|Keyboards,Mice&InputDevices|Mice",300,599,0.5,4.1,1597,"Noisy clicks - otherwise fine,nice one,Portronics ""An New Player in the Field"".,Good Built Quality & Smooth Experience,Good Pricing, Light Weight and Excellent Functionality,Effective Sleep Mode,good,Nice and comfortable"
"B09NVPSCQT","Noise ColorFit Pulse Grand Smart Watch with 1.69""(4.29cm) HD Display, 60 Sports Modes, 150 Watch Faces, Fast Charge, Spo2, Stress, Sleep, Heart Rate Monitoring & IP68 Waterproof (Jet Black)","Electronics|WearableTechnology|SmartWatches",1600,3999,0.6,4,30254,"Ranjitha,Good one,Best One!!!,Good and average usage,IT'S BEEN GOOD,Good,Overall good product,Nice"
"B09YV4RG4D","Fire-Boltt Ninja 3 Smartwatch Full Touch 1.69 & 60 Sports Modes with IP68, Sp02 Tracking, Over 100 Cloud based watch faces - Black","Electronics|WearableTechnology|SmartWatches",1520,7999,0.81,4.2,22638,"Premium looking watch,Excellent Product,The Tracking and touch would be better,Bluetooth connectivity,Very good,The watch is good,Felt Good,Not bad"
"B07TCN5VR9","Boult Audio BassBuds X1 in-Ear Wired Earphones with 10mm Extra Bass Driver and HD Sound with mic(Black)","Electronics|Headphones,Earbuds&Accessories|Headphones|In-Ear",330,999,0.67,3.9,77027,"A Good wired headset in budget.,They Work Well and Are Reliable,Volume is not as expected,Good sound but too much of bass annoys,Boult Audio Bassbuds X1,Pretty good earphones, but....,Nice Earphone , boult audio X1,Ok"
"B00ZYLMQH0","Dell KB216 Wired Multimedia USB Keyboard with Super Quite Plunger Keys with Spill-Resistant – Black","Computers&Accessories|Accessories&Peripherals|Keyboards,Mice&InputDevices|Keyboards",558,1799,0.69,4.3,28829,"Sturdy key-board for office use,Smooth keyboard,Good one,Low budget but good product,Good,Good product,Good,good"
"B01HJI0FS2","Dell MS116 1000Dpi USB Wired Optical Mouse, Led Tracking, Scrolling Wheel, Plug and Play.","Computers&Accessories|Accessories&Peripherals|Keyboards,Mice&InputDevices|Mice",299,650,0.54,4.5,33176,"Big in size as comparison to other normal sized mouse but works very well,Good for office uses,worth the buy,Best mouse at this price,Item is good.  No issues,It's really worthwhile,Good for home or office use,Rough and affordable"
"B076B8G5D8","Boya ByM1 Auxiliary Omnidirectional Lavalier Condenser Microphone with 20ft Audio Cable (Black)","MusicalInstruments|Microphones|Condenser",798,1995,0.6,4,68664,"DETAILED REVIEW with Best settings for better Sound output !!!,Worth if you know how to use and what to use it for.,Good for non-professional recordings,Buy this and start creating content for your youtube.,Long cable should be optional.... it's too long else good mic for beginners on YT,Working as expected,Nice product,Good <U+0001F44D>"
"B07JW9H4J1","Wayona Nylon Braided USB to Lightning Fast Charging and Data Sync Cable Compatible for iPhone 13, 12,11, X, 8, 7, 6, 5, iPad Air, Pro, Mini (3 FT Pack of 1, Grey)","Computers&Accessories|Accessories&Peripherals|Cables&Accessories|Cables|USBCables",396,1099,0.64,4.2,24269,"Satisfied,Charging is really fast,Value for money,Product review,Good quality,Good product,Good Product,As of now seems good"
"B014SZO90Y","Duracell Ultra Alkaline AA Battery, 8 Pcs","Electronics|GeneralPurposeBatteries&BatteryChargers|DisposableBatteries",265,315,0.16,4.5,28030,"That's a nice one,Best services.,V good less price than that of market,As described,Value for money,Best battery cells out there,Quality yu,Good"
"B07KCMR8D6","Classmate Octane Neon- Blue Gel Pens(Pack of 5)|Smooth Writing Pen|Attractive body colour for Boys & Girls|Waterproof ink for smudge free writing|Preferred by Students for Exam|Study at home essential","OfficeProducts|OfficePaperProducts|Paper|Stationery|Pens,Pencils&WritingSupplies|Pens&Refills|GelInkRollerballPens",50,50,0,4.3,5792,"Nice ball pen,Good product,Average,Nice Pen,It's a good product,Smooth,It's writing like flowing silk.,good produced"
"B00N1U9AJS","3M Scotch Double Sided Heavy Duty Tape(1m holds 4.5Kgs) for indoor hanging applications (Photo frames, Mirrors, Key Holders, Car Interiors, Extension Boards, Wall decoration, etc)(L: 3m, W: 24mm)","Home&Kitchen|CraftMaterials|Scrapbooking|Tape",130,165,0.21,3.9,14778,"Good Quality adhesive, easy to use,Good,good product,Good product,Ok on walls,Very good,Good to use,Very nice."
"B07KY3FNQP","boAt Bassheads 152 in Ear Wired Earphones with Mic(Active Black)","Electronics|Headphones,Earbuds&Accessories|Headphones|In-Ear",452,1290,0.65,4.1,91770,"Mediocre,Best in Budget and Beast in Quality,Best quality this product,Ear phone With Jack,Nice,good,Good sound quality,Value for money!"
"B07QZ3CZ48","boAt BassHeads 122 Wired Earphones with Heavy Bass, Integrated Controls and Mic (Gun Metal)","Electronics|Headphones,Earbuds&Accessories|Headphones|In-Ear",400,1290,0.69,4.2,206,"Boats are the best.,Just awesome,it is good in this range .....,Great product in the price range,Awesome product,Nice,Perfect,Quality"
"B09T3H12GV","Dell USB Wireless Keyboard and Mouse Set- KM3322W, Anti-Fade & Spill-Resistant Keys, up to 36 Month Battery Life, 3Y Advance Exchange Warranty, Black","Computers&Accessories|Accessories&Peripherals|Keyboards,Mice&InputDevices|Keyboard&MouseSets",1399,2498,0.44,4.2,33717,"Best for general use,Works well for basic usage,Good product in the budget,Ok product. Not so great.,Good,Good one to have,Great Product,Good."
"B098NS6PVG","Ambrane Unbreakable 60W / 3A Fast Charging 1.5m Braided Type C Cable for Smartphones, Tablets, Laptops & other Type C devices, PD Technology, 480Mbps Data Sync, Quick Charge 3.0 (RCT15A, Black)","Computers&Accessories|Accessories&Peripherals|Cables&Accessories|Cables|USBCables",199,349,0.43,4,43994,"A Good Braided Cable for Your Type C Device,Good quality product from ambrane,Super cable,As,Good quality,Good product,its good,Good quality for the price but one issue with my unit"
"B096MSW6CT","Sounce Fast Phone Charging Cable & Data Sync USB Cable Compatible for iPhone 13, 12,11, X, 8, 7, 6, 5, iPad Air, Pro, Mini & iOS Devices","Computers&Accessories|Accessories&Peripherals|Cables&Accessories|Cables|USBCables",200,999,0.8,3.9,7928,"Good speed for earlier versions,Good Product,Working good,Good for the price,Good,Worth for money,Working nice,it's a really nice product"
"B09ZQK9X8G","Noise ColorFit Pro 4 Advanced Bluetooth Calling Smart Watch with 1.72"" TruView Display, Fully-Functional Digital Crown, 311 PPI, 60Hz Refresh Rate, 500 NITS Brightness (Charcoal Black)","Electronics|WearableTechnology|SmartWatches",3000,5999,0.5,4.1,5179,"Some improvement required,Not best for tracking sleep, calories burnt of heart rate.,Noise,Noise watch is good,NOISE,DOes everything well so far,Noises,Bluetooth calling"
"B08ZJDWTJ1","Seagate Expansion 1TB External HDD - USB 3.0 for Windows and Mac with 3 yr Data Recovery Services, Portable Hard Drive (STKM1000400)","Computers&Accessories|ExternalDevices&DataStorage|ExternalHardDisks",4099,4999,0.18,4.5,50810,"Good,gud,Hard disk,Good product,Serve the purpose,Seagate portable 1TB External Hard disc,Good,Good use"
"B08FTFXNNB","HP w100 480P 30 FPS Digital Webcam with Built-in Mic, Plug and Play Setup, Wide-Angle View for Video Calling on Skype, Zoom, Microsoft Teams and Other Apps (Black)","Electronics|Cameras&Photography|VideoCameras",500,1999,0.75,3.7,3369,"Value for money, good wuality,Reliable and easy to use <U+0001F44C>,Good,AVARAGE PRODUCT,VGA quality!!,No mic is available in the product,Basic functions ok,Good when used in day light"
"B08YDFX7Y1","ZEBRONICS Zeb-Dash Plus 2.4GHz High Precision Wireless Mouse with up to 1600 DPI, Power Saving Mode, Nano Receiver and Plug & Play Usage - USB","Computers&Accessories|Accessories&Peripherals|Keyboards,Mice&InputDevices|Mice",301,449,0.33,3.5,11827,"Useful for simple use,Great product,Good,Good but not satisfying <U+0001F642>,Good product,Good product at this price.,Not for gaming,Good product."
"B08HDJ86NZ","boAt Deuce USB 300 2 in 1 Type-C & Micro USB Stress Resistant, Tangle-Free, Sturdy Cable with 3A Fast Charging & 480mbps Data Transmission, 10000+ Bends Lifespan and Extended 1.5m Length(Martian Red)","Computers&Accessories|Accessories&Peripherals|Cables&Accessories|Cables|USBCables",329,699,0.53,4.2,94364,"Good product,Good one,Nice,Really nice product,Very first time change,Good,Fine product but could be better,Very nice it's charging like jet"
"B087FXHB6J","Zebronics Zeb-Companion 107 USB Wireless Keyboard and Mouse Set with Nano Receiver (Black)","Computers&Accessories|Accessories&Peripherals|Keyboards,Mice&InputDevices|Keyboard&MouseSets",699,999,0.3,3.5,15295,"Worth Buying !,Good one for the offered price,Good one in that budget,Good one.,best at that price.,good,Ok,Very good product"
"B07N42JB4S","SYVO WT 3130 Aluminum Tripod (133CM), Universal Lightweight Tripod with Mobile Phone Holder Mount & Carry Bag for All Smart Phones, Gopro, Cameras - Brown","Electronics|Cameras&Photography|Accessories|Tripods&Monopods|Tabletop&TravelTripods",798,3990,0.8,4.3,27139,"Very Good for Beginners,Light weight & sturdy,Product is good and light weight.,Excellent,Easy to use and light weight to carry,Superb tripod, I'm happy<U+0001F642>,good product,Ok Good"
"B0B31BYXQQ","Boult Audio Airbass Z20 True Wireless, 40H Battery Life, Zen ENC Mic, Type-C Lightning Boult Fast Charging (10Mins=100Mins), BoomX Tech Bass, ENC, IPX5 in Ear Earbuds with mic (Green)","Electronics|Headphones,Earbuds&Accessories|Headphones|In-Ear",1375,5499,0.75,3.9,9504,"Best to use wid like any phone.....it has great range,Good in this budget,Good,Very good for music lovers,Nice product,Boult audio airbass z20 review,Good product impressive,Worth of buying"
"B08CF3B7N1","Portronics Konnect L 1.2M Fast Charging 3A 8 Pin USB Cable with Charge & Sync Function for iPhone, iPad (Grey)","Computers&Accessories|Accessories&Peripherals|Cables&Accessories|Cables|USBCables",156,399,0.61,4.2,16905,"As good as original,Decent,Good one for secondary use,Best quality,GOOD,Amazing product at a mind blowing price!,Nice Quality,Good product"
"B07SLMR1K6","SanDisk Ultra Flair 64GB USB 3.0 Pen Drive, Multicolor","Computers&Accessories|ExternalDevices&DataStorage|PenDrives",513,1350,0.62,4.3,30058,"Great pendrive,Value for money,Good,Kaafi slow hai, heating issue bhi hai,Good and fast drive,It is best pendrive at this prize.,Satisfactory with a bit heating issue.,Average"
"B09MQSCJQ1","boAt Xtend Smartwatch with Alexa Built-in, 1.69” HD Display, Multiple Watch Faces, Stress Monitor, Heart & SpO2 Monitoring, 14 Sports Modes, Sleep Monitor, 5 ATM & 7 Days Battery(Charcoal Black)","Electronics|WearableTechnology|SmartWatches",2317,7990,0.71,4.2,69619,"Best Budget watch,MERA WAQT BADAL KE RAKH DIYA!!,Nice product and user friendly compare to other smart watch,Nice watch...,Vikas,Nice,Not worth it,Grt"
"B094YFFSMY","Tygot Bluetooth Extendable Selfie Sticks with Wireless Remote and Tripod Stand, 3-in-1 Multifunctional Selfie Stick with Tripod Stand Compatible with iPhone/OnePlus/Samsung/Oppo/Vivo and All Phones","Electronics|Mobiles&Accessories|MobileAccessories|Photo&VideoAccessories|SelfieSticks",400,1999,0.8,4,3382,"Value for Money,After 1 month usage review,Good product,Product is good and light weight.,Good product,Nice product.Bluetooth option Is good,Can go for it, not much stable but a decent product,Seems to be a good product by first use"
"B092X94QNQ","boAt Rockerz 330 in-Ear Bluetooth Neckband with Upto 30 Hours Playtime, ASAP  Charge, Signature Sound, Dual Pairing & IPX5 with Mic (Active Black)","Electronics|Headphones,Earbuds&Accessories|Headphones|In-Ear",1516,3990,0.62,4.1,109864,"First day impressions: A BEAST!,A decent all rounder.,All good but multiple pairing is awful,Good Product by BoAt,Good Product (but Not well-finished) at a Fair Price of 1599"
"B0846D5CBP","Casio FX-991ES Plus-2nd Edition Scientific Calculator, Black","OfficeProducts|OfficeElectronics|Calculators|Scientific",1295,1295,0,4.5,5760,"Nice,Good and light calculator,Cheap buttons,Good calculator,Good product thanks Amazon,Super dealing,Function,Ok"
"B00KXULGJQ","TP-Link AC750 Wifi Range Extender | Up to 750Mbps | Dual Band WiFi Extender, Repeater, Wifi Signal Booster, Access Point| Easy Set-Up | Extends Wifi to Smart Home & Alexa Devices (RE200)","Computers&Accessories|NetworkingDevices|Repeaters&Extenders",1870,5499,0.66,4.2,49551,"Works as advertised,Good product,good,The Product works as described and is super useful,Not good range,Goog item,Does increases range and speed of Internet,ONE TIME INVESTMENT"
"B08H9Z3XQW","boAt Bassheads 242 in Ear Wired Earphones with Mic(Blue)","Electronics|Headphones,Earbuds&Accessories|Headphones|In-Ear",462,1490,0.69,4.1,161677,"Good Sound,Not bad,Some what satisfied with the boat 242--- 4.5/5,Outstanding fantastic,Good purchase,Nice product,Good quality,Best gaming earphone"
"B08LPJZSSW","DIGITEK® (DTR 260 GT) Gorilla Tripod/Mini 33 cm (13 Inch) Tripod for Mobile Phone with Phone Mount & Remote, Flexible Gorilla Stand for DSLR & Action Cameras","Electronics|Cameras&Photography|Accessories|Tripods&Monopods|TripodLegs",398,995,0.6,3.9,21372,"Fantastic Cute Tripod, **Detailed Review**,Worth it purchase...,Good,Good But Could Be More Better.,Camera / phone holder is not stable  <U+0001F6D1> NOT VALUE FOR <U+0001F4B8><U+0001F4B0>,Good tripod for mobiles, cheap and beginner friendly.,Very good,Satisfactory"
"B09MT84WV5","Samsung EVO Plus 128GB microSDXC UHS-I U3 130MB/s Full HD & 4K UHD Memory Card with Adapter (MB-MC128KA), Blue","Electronics|Accessories|MemoryCards|MicroSD",1040,3999,0.74,4.3,140035,"Got less storage.,Good deal,Looking is fake product... Storage capacity 58gb.. Menstion64gb.,A nice gadget.,Nice and good,Trusted brand,with adapter!,I liked it's performance and quality.,Good quality"
"B08Y1TFSP6","pTron Solero TB301 3A Type-C Data and Fast Charging Cable, Made in India, 480Mbps Data Sync, Strong and Durable 1.5-Meter Nylon Braided USB Cable for Type-C Devices for Charging Adapter (Black)","Computers&Accessories|Accessories&Peripherals|Cables&Accessories|Cables|USBCables",150,1000,0.85,3.9,24870,"It's pretty good,Average quality,very good and useful usb cable,Good USB cable. My experience was very good it is long lasting,Good,Nice product and useful,-,Sturdy but does not support 33w charging"
"B08CYPB15D","HP 805 Black Original Ink Cartridge","Computers&Accessories|Printers,Inks&Accessories|Inks,Toners&Cartridges|InkjetInkCartridges",715,761,0.06,4,7199,"Best.,Price is high,Trusted and genuine HP ink cartridge.,SENT A PACKET WITH THE SEAL ALREADY OPENED.AND THE CARTRIDGE FOUND TO BE DUPLICATE/FAULTY/USED ONE.,Compatibility,Product is good  but price is to high,Good,Okay"
"B085HY1DGR","Sounce Spiral Charger Cable Protector Data Cable Saver Charging Cord Protective Cable Cover Headphone MacBook Laptop Earphone Cell Phone Set of 3 (Cable Protector (12 Units))","Computers&Accessories|Accessories&Peripherals|Cables&Accessories|CableConnectionProtectors",100,999,0.9,4,1396,"Nice and soft product,IN PICTURE SHOWS AS 16 NOS BUT IN COVER ONLY 8 NOS,Usefull! Bought 3 packs in Rs 99 each containing 4 pieces,Quality Product at affordable price,It helps to hold the joints. But not from the USB level,Very third grade quality,Only two packs came,Cool Product"
"B00MFPCY5C","GIZGA essentials Universal Silicone Keyboard Protector Skin for 15.6-inches Laptop (5 x 6 x 3 inches)","Computers&Accessories|Accessories&Peripherals|Keyboards,Mice&InputDevices|Keyboard&MiceAccessories|DustCovers",39,299,0.87,3.5,15233,"Good,Affordable and best,Check the size !,value for money,Reached too late,Not good for keyboard. Not transparent,Not bad but,Big size"
"B07JJFSG2B","SanDisk Ultra 128 GB USB 3.0 Pen Drive (Black)","Computers&Accessories|ExternalDevices&DataStorage|PenDrives",900,2500,0.64,4.3,55747,"Speed is not as expected.,SanDisk Ultra 128 GB USB 3.0 Pen Drive,Good,Good,Nice product,Good but....,Nice but slow,some glich happening otherwise good"
"B09NR6G588","Boult Audio ZCharge Bluetooth Wireless in Ear Earphones with Mic, 40H Playtime and Super Fast Charging, Environmental Noise Cancellation for Pro+ Calling and IPX5 Water Resistant (Black)","Electronics|Headphones,Earbuds&Accessories|Headphones|In-Ear",1200,4999,0.76,3.8,14961,"Worst Customer Support , Most Regretted Purchase,The product is a looking good but not a good sound quality, and then packaging is a very poor,Good,Missing Eartips disappointing but its a good headphone.,Connecting only one device,getting off after3 minute,WhatsApp incoming call not working proper,One side is not working in this,Good,Good"
"B07JPX9CR7","Dell WM118 Wireless Mouse, 2.4 Ghz with USB Nano Receiver, Optical Tracking, 12-Months Battery Life, Ambidextrous, Pc/Mac/Laptop - Black.","Computers&Accessories|Accessories&Peripherals|Keyboards,Mice&InputDevices|Mice",572,1299,0.56,4.4,9275,"It's is working is super,one of the most good product,A good prduct.,Scroller,Fully satisfaction thank you so much,Usage is easy,Good product,Overall the mouse is good."
"B08D11DZ2W","Boult Audio AirBass PowerBuds with Inbuilt Powerbank, 120H Total Playtime, IPX7 Fully Waterproof, Lightning Boult Type-C Fast Charging, Low Latency Gaming, TWS Earbuds with Pro+ Calling Mic (Black)","Electronics|Headphones,Earbuds&Accessories|Headphones|In-Ear",1530,8999,0.83,3.7,28324,"Really good for the price [6/8 months update], but with a late appearing issue,After 2 months,Right bud is not performing well,Good value for money!,Working as expected,Best at price,Good built quality, functions need improvement,Product is good but battery not as expected"
"B07Q7561HD","Eveready 1015 Carbon Zinc AA Battery - 10 Pieces","Electronics|GeneralPurposeBatteries&BatteryChargers|DisposableBatteries",149,180,0.17,4.4,644,"Value for Money,As usual,Good,Best deal,Very reasonable,Great n cheap,Awesome,Not for camera"
"B0819HZPXL","Zebronics Zeb-Transformer-M Optical USB Gaming Mouse with LED Effect(Black)","Computers&Accessories|Accessories&Peripherals|PCGamingPeripherals|GamingMice",401,549,0.27,4.4,18139,"Nad performance and no customer support. This model is not registered on zeb official web site,Good,Nice <U+2705>,very good product in this price range. Look is beautiful, it's like a small pet.,A Good mouse to have while Playing Doom Eternal.,Over all good mouse for this price,Good,A good mouse"
"B00LXTFMRS","PIDILITE Fevicryl Acrylic Colours Sunflower Kit (10 Colors x 15 ml) DIY Paint, Rich Pigment, Non-Craking Paint for Canvas, Wood, Leather, Earthenware, Metal, Diwali Gifts for Diwali","Home&Kitchen|CraftMaterials|PaintingMaterials|Paints",191,225,0.15,4.4,7203,"It's worth it,Very very nice product at this price.,Very good product,Good,Affordable,shouldnt keep it open for more than 15 minutes,Nice <U+0001F44D> product...,Good quality"
"B0B9LDCX89","STRIFF Mpad Mouse Mat 230X190X3mm Gaming Mouse Pad, Non-Slip Rubber Base, Waterproof Surface, Premium-Textured, Compatible with Laser and Optical Mice(Universe Black)","Computers&Accessories|Accessories&Peripherals|Keyboards,Mice&InputDevices|Keyboard&MiceAccessories|MousePads",130,999,0.87,4.2,491,"Decent quality,Good for the price,Value buy,It's good value,Ok ok quality,It have enough thickness. Good quality,Easy and smooth,Fine"
"B0765B3TH7","Gizga Essentials Hard Drive Case Shell, 6.35cm/2.5-inch, Portable Storage Organizer Bag for Earphone USB Cable Power Bank Mobile Charger Digital Gadget Hard Disk, Water Resistance Material, Black","Computers&Accessories|Accessories&Peripherals|HardDiskBags",198,599,0.67,4.5,13568,"Good.No Problem,Good Product,value for money purchase,Nice product,good product,Good,Ok ok product.,Go for it"
"B0B1F6GQPS","Boult Audio FXCharge with ENC, 32H Playtime, 5min=7H Type C Fast Charging, Zen ENC, 14.2 mm BoomX Rich Bass, IPX5, Bluetooth Wireless in Ear Earphones Neckband with mic (Black)","Electronics|Headphones,Earbuds&Accessories|Headphones|In-Ear",990,4499,0.78,3.8,3390,"Noise cancellation is just a hype,Okay,Sound,good quality of sound and battery backup is also good.,Ok,Good product on this prize range,Boult Audio,Ok"
"B07LG59NPV","Boult Audio Probass Curve Bluetooth Wireless in Ear Earphones with Mic with Ipx5 Water Resistant, 12H Battery Life & Extra Bass (Black)","Electronics|Headphones,Earbuds&Accessories|Headphones|In-Ear",900,4499,0.8,3.8,103052,"Superb headphone one of the best,!!!Amazing product!!!,Quality is so so good,No battery<U+0001F50B> backup and no flexible to use,Very good,A good low budget earphone,Obsem product but sound quality is not best,IT IS GOOD PRODUCT"
"B07RD611Z8","Ambrane 20000mAh Power Bank with 20W Fast Charging, Triple Output, Power Delivery, Type C Input, Made in India, Multi-Layer Protection, Li-Polymer + Type C Cable (Stylo-20k, Black)","Electronics|Mobiles&Accessories|MobileAccessories|Chargers|PowerBanks",1799,2499,0.28,4.1,18678,"Decent Product at about right price.,Seems good.,Good Quality & Durable Powerbank in 1k range | Review,This is the second power bank from Ambrane India, i am happy,It’s heavy but good,Good product,Good power bank,The power is bulkier"
"B08WRWPM22","boAt Micro USB 55 Tangle-free, Sturdy Micro USB Cable with 3A Fast Charging & 480mbps Data Transmission (Black)","Computers&Accessories|Accessories&Peripherals|Cables&Accessories|Cables|USBCables",175,499,0.65,4.1,15189,"Long durable.,good,Does not charge Lenovo m8 tab,Best charging cable,good,Boat,Product was good,1.5 m <U+0915><U+093E> <U+0915><U+0947><U+092C><U+0932> <U+092E><U+0947><U+0930><U+0947> <U+0932><U+093F><U+090F> <U+092C><U+0939><U+0941><U+0924> <U+0939><U+0940> <U+0932><U+093E><U+092D><U+0926><U+093E><U+092F><U+0915> <U+0939><U+0948> <U+0964>"
"B00AXHBBXU","Casio FX-82MS 2nd Gen Non-Programmable Scientific Calculator, 240 Functions and 2-line Display, Black","OfficeProducts|OfficeElectronics|Calculators|Scientific",522,550,0.05,4.4,12179,"Not bad,Good for engineers.,Good,its great !,Good,200,Good,Superb quality"
"B08MCD9JFY","Tygot 10 Inches Big LED Ring Light for Camera, Phone tiktok YouTube Video Shooting and Makeup, 10"" inch Ring Light with 7 Feet Long Foldable and Lightweight Tripod Stand","Electronics|Cameras&Photography|Flashes|Macro&RinglightFlashes",800,1999,0.6,3.8,12958,"Average:/ Works but light is not that attractive.,Photo graphy,Easy to use,Easy to handle,Easily portable,good,Quality and portability,Best Budget Ring Light"
"B083RCTXLL","HP X200 Wireless Mouse with 2.4 GHz Wireless connectivity, Adjustable DPI up to 1600, ambidextrous Design, and 18-Month Long Battery Life. 3-Years Warranty (6VY95AA)","Computers&Accessories|Accessories&Peripherals|Keyboards,Mice&InputDevices|Mice",683,1199,0.43,4.2,8258,"Wow,Good,Nice product with some issues with the battery port,Worthy,Good product,Ok but large size,Value for money,3 years warrenty vs 1 year"
"B08HLZ28QC","Oakter Mini UPS for 12V WiFi Router Broadband Modem | Backup Upto 4 Hours | WiFi Router UPS Power Backup During Power Cuts | UPS for 12V Router Broadband Modem | Current Surge & Deep Discharge Protection","Computers&Accessories|NetworkingDevices",1187,3490,0.66,4.1,11716,"Very useful product - but hardware is not so sturdy,Great Customer Support,Overall a good Indian product.,Really good to help internet running during power cuts,Good product and effective customer support,Value for money,Does Not support 4 hours as per the description,No backup at all"
"B07GVR9TG7","TP-Link Archer AC1200 Archer C6 Wi-Fi Speed Up to 867 Mbps/5 GHz + 400 Mbps/2.4 GHz, 5 Gigabit Ports, 4 External Antennas, MU-MIMO, Dual Band, WiFi Coverage with Access Point Mode, Black","Computers&Accessories|NetworkingDevices|Routers",2500,4999,0.5,4.4,35024,"Excellent offering from TP-Link,Signal disconnected,Bad packaging from Amazon,Good product for that money,The WiFi range got increased, compare to my old Router!,Very good router in this price segment,Good Product,Wifi router"
"B0856HY85J","boAt Rockerz 550 Over Ear Bluetooth Headphones with Upto 20 Hours Playback, 50MM Drivers, Soft Padded Ear Cushions and Physical Noise Isolation, Without Mic (Black)","Electronics|Headphones,Earbuds&Accessories|Headphones|Over-Ear",1800,4999,0.64,4.1,55192,"Good but check the below mentioned things,Going to buy it again,Decent headphone,Good quality headphones,waste of money,Best product in this prize range. And the colour looks fabulous.,Size,After 1 year of usage"
"B07CD2BN46","Xiaomi Mi Wired in Ear Earphones with Mic Basic with Ultra Deep Bass & Aluminum Alloy Sound Chamber (Black)","Electronics|Headphones,Earbuds&Accessories|Headphones|In-Ear",431,599,0.28,4.1,119466,"Best buy you will not regret,Fantastic product,Nice,Worth of money,It's working realy well and i am satisfied with the result,Good Earphones base and sound quality is good,Value for money,Very Good Product"
"B07PLHTTB4","Zodo 8. 5 inch LCD E-Writer Electronic Writing Pad/Tablet Drawing Board (Paperless Memo Digital Tablet)","Computers&Accessories|Accessories&Peripherals|Keyboards,Mice&InputDevices|GraphicTablets",100,499,0.8,3.5,9638,"Good,Kids love this,Simply superb,Happy,Good,Nice gift for toddlers..... Good for elders too, to mak notes,Nice,Useful"
"B077T3BG5L","Zebronics ZEB-KM2100 Multimedia USB Keyboard Comes with 114 Keys Including 12 Dedicated Multimedia Keys & with Rupee Key","Computers&Accessories|Accessories&Peripherals|Keyboards,Mice&InputDevices|Keyboards",327,399,0.18,3.6,33735,"Keys got hard after 2 months usage.,Temporary buy value for money daily use,Guys please don't buy cheap keyboards online,keys are clustered,Good,Good product,Don't buy these types of keyboards for typing purpose,Nice"
"B08DDRGWTJ","MI Usb Type-C Cable Smartphone (Black)","Computers&Accessories|Accessories&Peripherals|Cables&Accessories|Cables|USBCables",230,299,0.23,4.3,30411,"Worth for money - suitable for Android auto,Good Product,Length,Nice,Original,Very good quay Cable support fast charging.,Original MI cable for charging upto 33 watt,I am veri happy with this product as it provide turbo charging."
"B079Y6JZC8","ZEBRONICS Zeb-Comfort Wired USB Mouse, 3-Button, 1000 DPI Optical Sensor, Plug & Play, for Windows/Mac, Black","Computers&Accessories|Accessories&Peripherals|Keyboards,Mice&InputDevices|Mice",138,299,0.54,3.8,3044,"Nice,Value for money.,Compact and easy to use,Worth to buy,Clicks are hard but good allover,Good!,Avarage,Hard buttons and harder scroll wheel button"
"B0856HNMR7","boAt Rockerz 370 On Ear Bluetooth Headphones with Upto 12 Hours Playtime, Cozy Padded Earcups and Bluetooth v5.0, with Mic (Buoyant Black)","Electronics|Headphones,Earbuds&Accessories|Headphones|On-Ear",1200,2499,0.52,4,33584,"Best quality & value for money,Great sound quality,Atif,Value for money,Good one at this price range,Good Headset,Good for a year use the cousin covering will get torn with time,Good"
"B0B12K5BPM","ZEBRONICS Zeb-Astra 20 Wireless BT v5.0 Portable Speaker with 10W RMS Output, TWS, 10H Backup Approx, Built in Rechargeable Battery FM Radio, AUX, mSD, USB, Call Function and Dual 52mm Drivers Multi","Electronics|HomeAudio|Speakers|BluetoothSpeakers",1058,2299,0.54,3.9,1779,"Awesome sound, but FM is not clear,Good Product!,Guarantee Nahin de rahi hai kharabi hai,It's nice worth for rate,Good product,sufficient sound clarity and connectivity,Sound is best bass is best <U+0001F44D><U+0001F4AF>,Good <U+0001F44D>"
"B08MTCKDYN","Gizga Essentials Spiral Cable Protector Cord Saver for Mac Charger, iPhone Charger, Wire Protector, Lightweight Durable Flexible Wire Winder for Charging Cables, Data Cables, Earphones, Pack of 10","Electronics|Mobiles&Accessories|MobileAccessories|Décor",120,299,0.6,4.1,5999,"Awesome Product,Good product,Good quality,Good but overpriced,Gud quality but expansive,Not bad,Ok,Worth product"
"B08CF3D7QR","Portronics Konnect L POR-1081 Fast Charging 3A Type-C Cable 1.2Meter with Charge & Sync Function for All Type-C Devices (Grey)","Computers&Accessories|Accessories&Peripherals|Cables&Accessories|Cables|USBCables",153,339,0.55,4.3,13391,"Good for fast charge but not for data transfer,Good cable compares to local the brand.,good but doesnt last,Good product,Good Product,Good and worth it,very good material quality charging speed is 15 watt,Not a fast charger"
"B00LVMTA2A","Panasonic CR-2032/5BE Lithium Coin Battery - Pack of 5","Electronics|GeneralPurposeBatteries&BatteryChargers",225,250,0.1,4.4,26556,"Excellent Product,Good,<U+0001F44D>,Meets purpose,Nice battery,Good,Value for money,Works flawlessly"
"B07TR5HSR9","MemeHo® Smart Standard Multi-Purpose Laptop Table with Dock Stand/Study Table/Bed Table/Foldable and Portable/Ergonomic & Rounded Edges/Non-Slip Legs/Engineered Wood with Cup Holder (Black)","Computers&Accessories|Accessories&Peripherals|LaptopAccessories|Lapdesks",660,1499,0.56,4.3,25903,"Good quality but one defect,It fulfill its purpose,The laptop stand is good but could have been better with a grip in four sides!!,Height mentioned is wrong,Worth The Money, Good Quality, but wobbles only on bed,Damage in transportation,Good product.,Durability and easy to use"
"B0819ZZK5K","SanDisk Ultra Dual Drive Go USB Type C Pendrive for Mobile (Black, 128 GB, 5Y - SDDDC3-128G-I35)","Computers&Accessories|ExternalDevices&DataStorage|PenDrives",1120,2800,0.6,4.3,53464,"Fast, but heats up and throttles...,Its a Useful One.,Good product at this price range,It's looking good and fast,Storage issue,Worth,Good,Very good"
"B096VF5YYF","boAt Xtend Smartwatch with Alexa Built-in, 1.69” HD Display, Multiple Watch Faces, Stress Monitor, Heart & SpO2 Monitoring, 14 Sports Modes, Sleep Monitor, 5 ATM & 7 Days Battery(Pitch Black)","Electronics|WearableTechnology|SmartWatches",3036,7990,0.62,4.1,48448,"NOt worth the money,Good budget smart watch with Alexa,<U+0001F44D>,Good product,I don't have flashlight function and speaker is not working,Nice,It's little cost,Wach not working"
"B08QJJCY2Q","Tizum Mouse Pad/ Computer Mouse Mat with Anti-Slip Rubber Base | Smooth Mouse Control | Spill-Resistant Surface for Laptop, Notebook, MacBook, Gaming, Laser/ Optical Mouse, 9.4”x 7.9”, Multicolored","Computers&Accessories|Accessories&Peripherals|Keyboards,Mice&InputDevices|Keyboard&MiceAccessories|MousePads",170,299,0.43,4.4,5176,"Nice product,Size is not to big not to small,I liked it,Ok,Really good,Thinner but nice,Superb product as quality and comes at affordable price.,Costly mouse pad"
"B07L5L4GTB","Epson 003 65 ml for EcoTank L1110/L3100/L3101/L3110/L3115/L3116/L3150/L3151/L3152/L3156/L5190 Black Ink Bottle","Computers&Accessories|Printers,Inks&Accessories|Inks,Toners&Cartridges|InkjetInkCartridges",307,404,0.24,4.4,8614,"Got it for 280/309MRP in amazon sale,Easy Installation!,Original,Good,Orignal product,Ok,Excellent,Original"
"B07L8KNP5F","ZEBRONICS Zeb-Thunder Bluetooth Wireless Over Ear Headphone FM, mSD, 9 hrs Playback with Mic (Black)","Electronics|Headphones,Earbuds&Accessories|Headphones|On-Ear",602,1399,0.57,3.8,60026,"Note it before purchase headphone,Totally value for money, sound quality is good,Ear cuffs easily detachable,Decent for the Price,Best one in this Budget,Bluetooth is connecting should be improve.,Good Product.,Nice product"
"B08CF4SCNP","Quantum QHM-7406 Full-Sized Keyboard with (<U+20B9>) Rupee Symbol, Hotkeys and 3-pieces LED function for Desktop/Laptop/Smart TV Spill-Resistant Wired USB Keyboard with 10 million keystrokes lifespan (Black)","Computers&Accessories|Accessories&Peripherals|Keyboards,Mice&InputDevices|Keyboards",300,599,0.5,3.8,3066,"Comfortable keys and smooth typing,Good at this price,Good but space button very not working properly.. defect product..,Descent,Good product,as money as goods,good,Came with 2 keys not working"
"B09XX51X2G","STRIFF Laptop Tabletop Stand, Fold-Up, Adjustable, Ventilated, Portable Holder for Desk, Aluminum Foldable Laptop Ergonomic Compatibility with up to 15.6-inch Laptop, All Mac, Tab, and Mobile (Silver)","Computers&Accessories|Accessories&Peripherals|LaptopAccessories|Lapdesks",450,999,0.55,4,2102,"bit wobbly and too compact,Easy for the eye level,Not up to the mark,Good product,Nice,Serves the purpose,Best to buy,No"
"B01M72LILF","Logitech M221 Wireless Mouse, Silent Buttons, 2.4 GHz with USB Mini Receiver, 1000 DPI Optical Tracking, 18-Month Battery Life, Ambidextrous PC / Mac / Laptop - Charcoal Grey","Computers&Accessories|Accessories&Peripherals|Keyboards,Mice&InputDevices|Mice",803,1295,0.38,4.4,34852,"Worth buying it.,Nice,Good product,Good,Logitech is the best there - problem with the sroller,Very good product,Value for money product,Good quality"
"B07KSMBL2H","AmazonBasics Flexible Premium HDMI Cable (Black, 4K@60Hz, 18Gbps), 3-Foot","Electronics|HomeTheater,TV&Video|Accessories|Cables|HDMICables",217,700,0.69,4.4,426972,"It's quite good and value for money,Works well,Hdmi cable,Value for money,All good,Gets the job done,Delivery was good,This one was my need to purchase"
"B00LZLQ624","Classmate Soft Cover 6 Subject Spiral Binding Notebook, Single Line, 300 Pages","OfficeProducts|OfficePaperProducts|Paper|Stationery|Notebooks,WritingPads&Diaries|WireboundNotebooks",157,160,0.02,4.5,8618,"An Overall Good Product.,Great notebook, but..,Good,Awesome,Paper quality not nice,Very good copies,Design,Good product"
"B07DJLFMPS","HP 32GB Class 10 MicroSD Memory Card (U1 TF Card 32GB)","Electronics|Accessories|MemoryCards|MicroSD",368,1600,0.77,4,32625,"Best,genuine,Nice product,Good product,Value for money,Good,worth of purchase,Good <U+0001F44D>"
"B09GB5B4BK","HP 150 Wireless USB Mouse with Ergonomic and ambidextrous Design, 1600 DPI Optical Tracking, 2.4 GHz Wireless connectivity, Dual-Function Scroll Wheel and 12 Month Long Battery Life. 3-Years Warranty.","Computers&Accessories|Accessories&Peripherals|Keyboards,Mice&InputDevices|Mice",602,899,0.33,4,4018,"Nice,Scroll wheel is extremely small,Value for money <U+0001F4B0> during sale price become much lower than normal that is time to buy this.,Ok,It's a quality product...,Good product,Mouse OK but upper part Flimsy,Product is good"
"B015ZXUDD0","Duracell Rechargeable AA 1300mAh Batteries, 4Pcs","Electronics|GeneralPurposeBatteries&BatteryChargers|RechargeableBatteries",479,599,0.2,4.3,11687,"Decent Product,Very useful,Daljeet,***,Good,Working well but heated much while charging,Value For Money and Worthable,Good among all rechargable batree"
"B085DTN6R2","Portronics Konnect CL 20W POR-1067 Type-C to 8 Pin USB 1.2M Cable with Power Delivery & 3A Quick Charge Support, Nylon Braided for All Type-C and 8 Pin Devices, Green","Computers&Accessories|Accessories&Peripherals|Cables&Accessories|Cables|USBCables",351,899,0.61,4.2,2262,"Works,Nice Product,Fast Charging as original,Good for data transfer,Average. Cost effective,Good quality,Great Product,Nice"
"B09PL79D2X","boAt Airdopes 181 in-Ear True Wireless Earbuds with ENx  Tech, Beast  Mode(Low Latency Upto 60ms) for Gaming, with Mic, ASAP  Charge, 20H Playtime, Bluetooth v5.2, IPX4 & IWP (Cool Grey)","Electronics|Headphones,Earbuds&Accessories|Headphones|In-Ear",1585,2990,0.47,3.8,11015,"Works just fine,Nice earbuds, but not quite as advertised,The sound quality is good but not better than wired or neckband earphones.,Overall Good,Nice product,Good to buy, for compact ear pods with decent sound battery and sound quality,Good,<U+0001F44D> Good"
"B098K3H92Z","TP-Link USB Bluetooth Adapter for PC, 5.0 Bluetooth Dongle Receiver (UB500) Supports Windows 11/10/8.1/7 for Desktop, Laptop, Mouse, Keyboard, Printers, Headsets, Speakers, PS4/ Xbox Controllers","Computers&Accessories|NetworkingDevices|NetworkAdapters|BluetoothAdapters",602,899,0.33,4.3,95116,"**UPDATE MARCH2021**Decent for a USB 2.0 Device but don't expect anything above SBC *FALSE*aptX,Works very well, for Linux too,Using it to connect with ps5 controller on pc, no issues !,Not bad,Nice product with some cons,Overall good product <U+0001F44C>,Okay if on tight budget,Nice"
"B09KLVMZ3B","Portronics Konnect L 1.2M POR-1401 Fast Charging 3A 8 Pin USB Cable with Charge & Sync Function (White)","Computers&Accessories|Accessories&Peripherals|Cables&Accessories|Cables|USBCables",160,399,0.6,4.1,4768,"Great but,Worked well for 6 six months that’s it,Compatible with Apple iPad 2nd generation and charging very well.,CABLE,The product is good but the phone gets disconnected at multiple occasions.,Not a fast charging cable,Good item. Value,Amazing product and value for money"
"B084PJSSQ1","SanDisk Ultra Dual Drive Luxe USB Type C Flash Drive (Silver, 128 GB, 5Y - SDDDC4-128G-I35)","Computers&Accessories|ExternalDevices&DataStorage|PenDrives",1290,3000,0.57,4.3,23022,"Ya Nice..value for money..,Overall decent Product,Great deal for 1200,Good but heats up a little and error issues,Fast and efficient loved it,Does the job,Very good,superb"
"B097R25DP7","Noise ColorFit Pulse Smartwatch with 3.56 cm (1.4"") Full Touch HD Display, SpO2, Heart Rate, Sleep Monitors & 10-Day Battery - Jet Black","Electronics|WearableTechnology|SmartWatches",1600,4999,0.68,4,67951,"Noise smartwatch,The product is good overall,Good Battery backup,Okayish product,Watch not working,Satisfied.,It's great watch,Noise"
"B097C564GC","rts [2 Pack] Mini USB C Type C Adapter Plug, Type C Female to USB A Male Charger Charging Cable Adapter Converter compatible for iPhone, Samsung S20 ultra/S21/S10/S8/S9/MacBook Pro iPad Silver","Computers&Accessories|Accessories&Peripherals|Adapters|USBtoUSBAdapters",300,4999,0.94,4.3,4426,"Tiny helping hand,Good product,As a whole good product,It works,Used ,as of now satisfied with the product,beep sound while connected,Good product,USB to C adopter"
"B08CYNJ5KY","HP 682 Black Original Ink Cartridge","Computers&Accessories|Printers,Inks&Accessories|Inks,Toners&Cartridges|InkjetInkCartridges",827,861,0.04,4.2,4567,"On average is ok ok pricing,Good,Quality good.,Better,The original ink cartridges are always the best,Costly,Expensive but the product was good,Good"
"B00Y4ORQ46","Logitech H111 Wired On Ear Headphones With Mic Black","Electronics|Headphones,Earbuds&Accessories|Headphones|On-Ear",747,795,0.06,4,13797,"Good product but low quality at less price,I took for meetings and it working well.,Good but built quality ok,Problem with comfort for long hours calling,Headphone,It does the job well.,Noise cancellation is quite good in this price range.,Work with teams! perfect budget headphones."
"B074CWD7MS","Digitek DTR 550 LW (67 Inch) Tripod For DSLR, Camera |Operating Height: 5.57 Feet | Maximum Load Capacity up to 4.5kg | Portable Lightweight Aluminum Tripod with 360 Degree Ball Head | Carry Bag Included (Black) (DTR 550LW)","Electronics|Cameras&Photography|Accessories|Tripods&Monopods|CompleteTripodUnits",1547,2495,0.38,4.4,15137,"Worth a Purchase. Good Quality product,Strong, Mutiple channel, Durable.. Worth it ...,Robust, Durable (Phone Holder is added but not mentioned in Product details),Really Liked It!,Mast h,Nice amazing product,IS GOOD BUT NOT RECEIVED MOBILE HOLDER AND THIS PRODUCT BUY ONLY VIDEO REIVIEW,very handy and build quality is good at this price point"
"B083342NKJ","MI Braided USB Type-C Cable for Charging Adapter (Red)","Computers&Accessories|Accessories&Peripherals|Cables&Accessories|Cables|USBCables",347,399,0.13,4.4,18757,"Good product,using this product 8months It is done  I have not faced any problem so far, its build quality best,I really liked this one.,Very strong and support fast charging ,,Nice cable,Best data cable charging fast,Good job,Good but need some improvement"
"B09C6HXFC1","Duracell USB Lightning Apple Certified (Mfi) Braided Sync & Charge Cable For Iphone, Ipad And Ipod. Fast Charging Lightning Cable, 3.9 Feet (1.2M) - Black","Computers&Accessories|Accessories&Peripherals|Cables&Accessories|Cables|USBCables",971,1799,0.46,4.5,815,"Good cable for car,Good substitute for orginal,Better Value for money Product,Way better than the original,Absolutely amazing.,Namm hi kafi hai,Very good,As the names say Durable cell it a durable cable ;-)"
"B00A0VCJPI","TP-Link TL-WA850RE Single_Band 300Mbps RJ45 Wireless Range Extender, Broadband/Wi-Fi Extender, Wi-Fi Booster/Hotspot with 1 Ethernet Port, Plug and Play, Built-in Access Point Mode, White","Computers&Accessories|NetworkingDevices|Repeaters&Extenders",1474,2499,0.41,4.2,156638,"Okay to use,Worthy product ...!!!!<U+0001F44D>,Single band. 2.4 ghz only,Difficult,Valued for money,So far all is good,Ok,it’s for 2.4Ghz"
"B00UGZWM2I","COI Note Pad/Memo Book with Sticky Notes & Clip Holder with Pen for Gifting","OfficeProducts|OfficePaperProducts|Paper|Stationery|Notebooks,WritingPads&Diaries|Notepads&MemoBooks",200,800,0.75,4.1,9344,"Multipurpose and time-saving,Good notepad for travelers,Nice for the personal stuff,Super <U+0001F44D>,Most amazing product.,Too costly,Useful product,Good"
"B00R1P3B4O","Fujifilm Instax Mini Single Pack 10 Sheets Instant Film for Fuji Instant Cameras","Electronics|Cameras&Photography|Accessories|Film",549,549,0,4.5,4875,"The quality is surprisingly good! Happy with the purchase!!!,Perfect,Good,Good product! Original stuff with exp date 2024-05! Worth the money!,Could get used to it,Good,This product should not be played with fiddle with it or or open it roughly,Cool"
"B09Y5MP7C4","Noise Buds Vs104 Bluetooth Truly Wireless in Ear Earbuds with Mic, 30-Hours of Playtime, Instacharge, 13Mm Driver and Hyper Sync (Charcoal Black)","Electronics|Headphones,Earbuds&Accessories|Headphones|In-Ear",1295,3499,0.63,3.9,12452,"BUDGET TWS,Does its job,Bhomick bhasker,Noise is nice,Des Raj,Noise -Good one,It's sound quality,It's worth it"
"B01DJJVFPC","Duracell Ultra Alkaline AAA Battery, 8 Pcs","Electronics|GeneralPurposeBatteries&BatteryChargers|DisposableBatteries",268,315,0.15,4.5,17810,"Longevity isn’t as long as I thought it would be,Good,Value for money,the expiry date and price covered by an external sticker. Can't make out anything,Good,Excellent customer service..,Good product,Good"
"B07DFYJRQV","JBL C200SI, Premium in Ear Wired Earphones with Mic, Signature Sound, One Button Multi-Function Remote, Angled Earbuds for Comfort fit (Blue)","Electronics|Headphones,Earbuds&Accessories|Headphones|In-Ear",794,1499,0.47,4.1,53648,"The price should be less than 500, not a very great product.,Good earphones,Average,Good earphone,Good for common men.,Nice headphone,Good looks but bass is not good as aspected..,Nice product"
"B08TDJNM3G","E-COSMOS 5V 1.2W Portable Flexible USB LED Light (Colors May Vary, Small) - Set of 2 Pieces","Computers&Accessories|Accessories&Peripherals|USBGadgets|Lamps",59,59,0,3.8,5958,"Good,Product as described,Good for the price,Value for money,Good Product,Good product,Continue bright 3days no complaints,59 Rupees worth it"
"B06XSK3XL6","boAt Dual Port Rapid Car Charger (Qualcomm Certified) with Quick Charge 3.0 + Free Micro USB Cable - (Black)","Electronics|Mobiles&Accessories|MobileAccessories|Chargers|AutomobileChargers",569,999,0.43,4.3,38221,"Good product,Value for money,Car charger,Good product,A good product- must have accessory for car,Good charger,Good,<U+092C><U+0939><U+0941><U+0924> <U+0939><U+0940> <U+0905><U+091A><U+094D><U+091B><U+093E> <U+091A><U+093E><U+0930><U+094D><U+091C><U+0930> <U+0939><U+0948>"
"B07YNTJ8ZM","Zebronics ZEB-COUNTY 3W Wireless Bluetooth Portable Speaker With Supporting Carry Handle, USB, SD Card, AUX, FM & Call Function. (Green)","Electronics|HomeAudio|Speakers|BluetoothSpeakers",549,999,0.45,3.9,64705,"To good,Build material,Super,Good product,Budget bluetooth speaker which serves the purpose of low volume on a phone or laptop,best,It's OK to use in small room. But for Outdoor activities it will not meet our expectations.,Awesome product"
"B09KGV7WSV","KINGONE Upgraded Stylus Pen, iPad Pencil, Ultra High Precision & Sensitivity, Palm Rejection, Prevents False ON/Off Touch, Power Display, Tilt Sensitivity, Magnetic Adsorption for iPad 2018 and Later","Electronics|Mobiles&Accessories|MobileAccessories|StylusPens",2100,5999,0.65,4.3,17129,"Really Satisfied with purchase.,DO NOT BELIEVE ANSWERS FOR QUESTIONS SAYING IT WORKS ON iPad Pro 10.5 inch (A1701),Does all the necessary stuff,No Double Tap Gesture,5 star product at this price,Very good product,Automatically off's itself,Value for money pen"
"B07KR5P3YD","Zebronics Wired Keyboard and Mouse Combo with 104 Keys and a USB Mouse with 1200 DPI - JUDWAA 750","Computers&Accessories|Accessories&Peripherals|Keyboards,Mice&InputDevices|Keyboard&MouseSets",447,699,0.36,3.9,17348,"light weight okay in this price range,Value for money,Good,EASY TO USE,Value for money,this is no soft touch keyboard,Good product in this price range,Budget friendly"
"B08FB2LNSZ","JBL Tune 215BT, 16 Hrs Playtime with Quick Charge, in Ear Bluetooth Wireless Earphones with Mic, 12.5mm Premium Earbuds with Pure Bass, BT 5.0, Dual Pairing, Type C & Voice Assistant Support (Black)","Electronics|Headphones,Earbuds&Accessories|Headphones|In-Ear",1500,2999,0.5,3.7,87798,"Good headphones, the sound is good, not sure about comfort,Just Ok,Budget Entry Level Banger Headset,Good quality product,Good multipoint connectivity. Falls off the ear,Good quality, but battery draining,ANC very bad,Bluetooth not working after 4 month"
"B01IBRHE3E","Gizga Essentials Professional 3-in-1 Cleaning Kit for Camera, Lens, Binocular, Laptop, TV, Monitor, Smartphone, Tablet (Includes: Cleaning Liquid 100ml, Plush Microfiber Cloth, Dust Removal Brush)","Electronics|Cameras&Photography|Accessories|Cleaners|CleaningKits",299,499,0.4,4.2,24432,"Very fine product..,Good,Worth the money,Does what it says,Value for money product but brush is not good.,Easy to use,Good product,Worthable"
"B01N6LU1VF","SanDisk Ultra Dual 64 GB USB 3.0 OTG Pen Drive (Black)","Computers&Accessories|ExternalDevices&DataStorage|PenDrives",574,1400,0.59,4.3,189104,"It takes Forever - to transfer anything. Maybe I - misunderstood ""Ultra"" or somebody missed ""Ultra-Slow"" in the model tag line.,Comprehensive Review of Product, Company & Seller,Desigh and usage,Good purchase not best,Sd card,Good Quality product,Pendrive Quality to Aacchi H Par , Storage 64 Gb Ki jagah 61 Gb Hi Milta H 3Gb Kam Milta H,Good"
"B07XLML2YS","TP-Link Tapo 360° 2MP 1080p Full HD Pan/Tilt Home Security Wi-Fi Smart Camera| Alexa Enabled| 2-Way Audio| Night Vision| Motion Detection| Sound and Light Alarm| Indoor CCTV (Tapo C200) White","Electronics|Cameras&Photography|SecurityCameras|DomeCameras",2507,3299,0.24,4.2,93112,"VFM indoor use (living room/bedrrom) use and clear view upto 120sqft rooms,Best camera in its segment but the app lags,Best,You have to pay to avail all services,All good,I was sent a used product...,Good Product,Upto mark"
"B086WMSCN3","boAt Airdopes 171 in Ear Bluetooth True Wireless Earbuds with Upto 13 Hours Battery, IPX4, Bluetooth v5.0, Dual Tone Finish with Mic (Mysterious Blue)","Electronics|Headphones,Earbuds&Accessories|Headphones|In-Ear",1200,5999,0.8,3.9,47521,"Good,Bluetooth range coverage is poor,Good product,Below average product model,Good product.,Complaint,To be honest these ear buds are actually decent and legit,Nice Product"
"B003B00484","Duracell Plus AAA Rechargeable Batteries (750 mAh) Pack of 4","Electronics|GeneralPurposeBatteries&BatteryChargers|RechargeableBatteries",399,499,0.2,4.3,27201,"Works Good,Perfect replacement cell for trimmer,Wow,As they said in ad worth it,A good product,Fit for phillips trimmer.,Good,Good Product"
"B085194JFL","tizum HDMI to VGA Adapter Cable 1080P for Projector, Computer, Laptop, TV, Projectors & TV","Electronics|HomeTheater,TV&Video|Accessories|Cables|HDMICables",279,499,0.44,3.7,10962,"Good product ; Average Finishing,Save it purpose well without any issue. I am satisfied,No issues,NO NEED TO PUT AUX CABLE FOR CONNECTING AUDIO FROM SECONDARY MONITOR,Good product,Not so Bad,Good,Worked will for only 3-4 months."
"B003L62T7W","Logitech B100 Wired USB Mouse, 3 yr Warranty, 800 DPI Optical Tracking, Ambidextrous PC/Mac/Laptop - Black","Computers&Accessories|Accessories&Peripherals|Keyboards,Mice&InputDevices|Mice",278,375,0.26,4.3,31534,"Handy Mouse,Good quality mouse,Good one.,Good,Good cheap reliable,Gud quality mouse,Very comfortable,Quality + Less Price Makes it Best to buy."
"B09P18XVW6","Noise Pulse Buzz 1.69"" Bluetooth Calling Smart Watch with Call Function, 150 Watch Faces, 60 Sports Modes, Spo2 & Heart Rate Monitoring, Calling Smart Watch for Men & Women - Jet Black","Electronics|WearableTechnology|SmartWatches",2500,4999,0.5,3.9,7571,"Best for this price,Nice starter smartwatch,Work,Very light weight watch,Smart watch,Good looking,Super,Good"
"B00LZLPYHW","Classmate 2100117 Soft Cover 6 Subject Spiral Binding Notebook, Single Line, 300 Pages","OfficeProducts|OfficePaperProducts|Paper|Stationery|Notebooks,WritingPads&Diaries|WireboundNotebooks",138,160,0.14,4.4,6537,"Good,Boss of premium note books <U+0001F3C6>,Didn't expected single binding!,Good purchase,Good Quality but paper could be thicker...,Worth the Money!,Good quality,Nice products"
"B09NHVCHS9","Flix Micro Usb Cable For Smartphone (Black)","Computers&Accessories|Accessories&Peripherals|Cables&Accessories|Cables|USBCables",60,199,0.7,4,9377,"Worked on iPhone 7 and didn’t work on XR,Good one,Dull Physical Looks,Just Buy it,Go for it,About the product,Get charging cable at the price,Working well."
"B00NNQMYNE","AirCase Rugged Hard Drive Case for 2.5-inch Western Digital, Seagate, Toshiba, Portable Storage Shell for Gadget Hard Disk USB Cable Power Bank Mobile Charger Earphone, Waterproof (Black)","Computers&Accessories|Accessories&Peripherals|HardDiskBags",299,499,0.4,4.5,21010,"Super,Excellent structural rigidity,Durable and classy,Sturdy. Good quality,Good quality and durable.,Best,Good,Tough built quality and smooth movement of zip"
"B0B217Z5VK","Noise Buds VS402 Truly Wireless in Ear Earbuds, 35-Hours of Playtime, Instacharge, Quad Mic with ENC, Hyper Sync, Low Latency, 10mm Driver, Bluetooth v5.3 and Breathing LED Lights (Neon Black)","Electronics|Headphones,Earbuds&Accessories|Headphones|In-Ear",1800,3999,0.55,3.9,3517,"Clear voice,Nice,Good and recomended,It was a nice product,It's good.,Vishal Mandal,Value of Money,Bass quality was good"
"B07B88KQZ8","JBL Go 2, Wireless Portable Bluetooth Speaker with Mic, JBL Signature Sound, Vibrant Color Options with IPX7 Waterproof & AUX (Blue)","Electronics|HomeAudio|Speakers|BluetoothSpeakers",2009,2999,0.33,4.3,63899,"Don't believe the other reviews,Awesome sound and clarity for like name JBL,Bass is <U+2764><U+FE0F>,Quality,Excellent sound quality and bass,, gud battery life Best speaker for single room use,Sound is not protect,Good audio.,Not a significant upgrade from JBL Go"
"B01M4GGIVU","Tizum High Speed HDMI Cable with Ethernet | Supports 3D 4K | for All HDMI Devices Laptop Computer Gaming Console TV Set Top Box (1.5 Meter/ 5 Feet)","Electronics|HomeTheater,TV&Video|Accessories|Cables|HDMICables",196,699,0.72,4.2,12153,"Cheap product and same is the performance but does the job,Good,No Box!!!,Good,Value for money,A very good quality cable with rubust built, and it does the work.,Value money,Good product."
"B07Z3K96FR","Robustrion Tempered Glass Screen Protector for iPad 10.2 inch 9th Gen Generation 2021 8th Gen 2020 7th Gen 2019","Computers&Accessories|Accessories&Peripherals|TabletAccessories|ScreenProtectors",405,1499,0.73,4.1,5730,"Gud for the price, but adhesion quality is not very good,Nothing unique……,Attracts too much finger impressions,Perfect Fit (Almost),Easy to install,They provide tissues and wipes,Work well and easy to install,Gud product in budget"
"B0756CLQWL","Redgear Pro Wireless Gamepad with 2.4GHz Wireless Technology, Integrated Dual Intensity Motor, Illuminated Keys for PC(Compatible with Windows 7/8/8.1/10 only)","Computers&Accessories|Accessories&Peripherals|PCGamingPeripherals|Gamepads",1680,3999,0.58,4.2,25488,"Value for money,Very good.,Overall good but very fragile! KEYS STOPPED WORKING AFTER 3 MONTHS,Got what I wanted,good,Recommended I used wired version,slightly overpriced but worth it.,Product"
"B004IO5BMQ","Logitech M235 Wireless Mouse, 1000 DPI Optical Tracking, 12 Month Life Battery, Compatible with Windows, Mac, Chromebook/PC/Laptop","Computers&Accessories|Accessories&Peripherals|Keyboards,Mice&InputDevices|Mice",696,995,0.3,4.5,54405,"Good silent mouse,Too small to hold!,Reviewing after 8 months of with battery backup review,Its very small  do take note of that,** Nice product,Good product,Good Buy for normal use in office,Stylish mouse"
"B09Z6WH2N1","STRIFF 12 Pieces Highly Flexible Silicone Micro USB Protector, Mouse Cable Protector, Suit for All Cell Phones, Computers and Chargers (White)","Electronics|Mobiles&Accessories|MobileAccessories|Décor",95,499,0.81,4.2,1949,"Very useful,Very useful item to make your phone cables long lasting,Price can be reduced as this product is not worth for 80 rs,Value for money,It is useful,Good product,Good quality,Its good item in this money"
"B01HGCLUH6","TP-link N300 WiFi Wireless Router TL-WR845N | 300Mbps Wi-Fi Speed | Three 5dBi high gain Antennas | IPv6 Compatible | AP/RE/WISP Mode | Parental Control | Guest Network","Computers&Accessories|NetworkingDevices|Routers",1155,1699,0.32,4.2,122478,"Received defective item update: better now,Good product,Good connectivity,Good <U+0001F44D>,Go 4 it.....,Easy to Install,Nice product.,Works good"
"B01N4EV2TL","Logitech MK240 Nano Wireless USB Keyboard and Mouse Set, 12 Function Keys 2.4GHz Wireless, 1000DPI, Spill-Resistant Design, PC/Mac, Black/Chartreuse Yellow","Computers&Accessories|Accessories&Peripherals|Keyboards,Mice&InputDevices|Keyboard&MouseSets",1496,1995,0.25,4.3,7241,"Good for typing, compact,Good product but bad packing,liked it,No caps lock light,All good, except the tiny dongle which has high chances of loosing.,Amazing product incredibly bad packaging,GOOD <U+0001F44D>,Mouse light is not working but it’s working"
"B08MZQBFLN","Callas Multipurpose Foldable Laptop Table with Cup Holder | Drawer | Mac Holder | Table Holder Study Table, Breakfast Table, Foldable and Portable/Ergonomic & Rounded Edges/Non-Slip Legs (WA-27-Black)","Computers&Accessories|Accessories&Peripherals|LaptopAccessories|Lapdesks",850,4999,0.83,4,20457,"Nice but price should be reduced,WORTH FOR MONEY,Good meterial,Table is good,VALUE FOR MONEY,Good product,Please sell spare parts also,Good"
"B0752LL57V","Casio MJ-12D 150 Steps Check and Correct Desktop Calculator","OfficeProducts|OfficeElectronics|Calculators|Basic",440,440,0,4.5,8610,"Very easy to use,Easy to use .,Best calculator for CA students,good performanace,Nice,Best,Very nice and steardy,Good product"
"B08K4PSZ3V","Tukzer Capacitive Stylus Pen for Touch Screens Devices, Fine Point, Lightweight Metal Body with Magnetism Cover Cap for Smartphones/Tablets/iPad/iPad Pro/iPhone (Grey)","Electronics|Mobiles&Accessories|MobileAccessories|StylusPens",350,999,0.65,3.8,16557,"Only affordable Stylus that works with Apple,Product is good, but Spare disk is missing for me.,Best deal for this price,Good but improvement needed,Average, better option are available,very fast and smooth work,Precision & speedy,Amazing"
"B09Z28BQZT","Amazon Basics Multipurpose Foldable Laptop Table with Cup Holder, Brown","Computers&Accessories|Accessories&Peripherals|LaptopAccessories|Lapdesks",600,3999,0.85,3.9,1087,"Good product but little costly,Very sturdy and easy to handle and carry,Ok,Good one but not exactly like shown pictures,Good,good quality,Good quality product,Very strong but not stable at all"
"B094DQWV9B","Kanget [2 Pack] Type C Female to USB A Male Charger | Charging Cable Adapter Converter compatible for iPhone 14, 13, 12,11 Pro Max/Mini/XR/XS/X/SE, Samsung S20 ultra/S21/S10/S8/S9/MacBook Pro iPad (Grey)","Computers&Accessories|Accessories&Peripherals|Adapters|USBtoUSBAdapters",148,399,0.63,4,1540,"Good and does it’s work,Nice product working absolutely fine,Good,Good product,Value for Money,Okay overall,Value for money..,Good product for i phone users"
"B0BBMPH39N","Amazon Basics Magic Slate 8.5-inch LCD Writing Tablet with Stylus Pen, for Drawing, Playing, Noting by Kids & Adults, Black","Computers&Accessories|Accessories&Peripherals|Keyboards,Mice&InputDevices|GraphicTablets",290,999,0.71,4.1,401,"I like to draw on it,Best  writing pad,Great for Noting or Doodling,Good to go,The pen is too flowy and the strokes are coming out a bit thick,Magic Slate 15-inch LCD Writing Tablet,The quality and build seems good so far.,Very useful product"
"B097JQ1J5G","Zebronics ZEB-90HB USB Hub, 4 Ports, Pocket Sized, Plug & Play, for Laptop & Computers","Computers&Accessories|Accessories&Peripherals|USBHubs",180,499,0.64,3.4,9385,"Average usb hub,Inferior quality goods,its CHEAP,Built in quality is low,Ok,Finish is not very good,Recieved damage piece,Packaging was damaged and is not new piece"
"B07YY1BY5B","Noise ColorFit Pro 2 Full Touch Control Smart Watch with 35g Weight & Upgraded LCD Display,IP68 Waterproof,Heart Rate Monitor,Sleep & Step Tracker,Call & Message Alerts & Long Battery Life (Jet Black)","Electronics|WearableTechnology|SmartWatches",1500,4999,0.7,4,92588,"nice product,Great watch,Ok ok,Nice <U+0001F44D>,Thik thak,Avarage,Smart watch,They can improve more"
"B08VRMK55F","Zebronics Zeb Buds C2 in Ear Type C Wired Earphones with Mic, Braided 1.2 Metre Cable, Metallic Design, 10mm Drivers, in Line Mic & Volume Controller (Blue)","Electronics|Headphones,Earbuds&Accessories|Headphones|In-Ear",398,699,0.43,3.4,3454,"Dissapointed in the microphone,Overall Good product in budget,don't buy for calling purpose..,Gets the job done,Good,Value for money,One side stopped working in 2 months,Very average sounding earphones"
"B08CHZ3ZQ7","Redgear A-15 Wired Gaming Mouse with Upto 6400 DPI, RGB & Driver Customization for PC(Black)","Computers&Accessories|Accessories&Peripherals|PCGamingPeripherals|GamingMice",599,799,0.25,4.3,15790,"Very good mouse Under 500,pretty good gaming mouse,very good in this budget,Really comfortable,good mouse just plug and play,Good enough,Best budget gaming mouse,Too big too hold, but you will get around it."
"B08SCCG9D4","JBL Commercial CSLM20B Auxiliary Omnidirectional Lavalier Microphone with Battery for Content Creation, Voiceover/Dubbing, Recording (Black,Small)","Computers&Accessories|Accessories&Peripherals|Audio&VideoAccessories|PCMicrophones",940,2000,0.53,3.9,14969,"It's just good !,Good for WFH,Works according to needs,Great product for beginners,Good for beginners,Very nice product,Ambiance sound capture,JBL mic is best for Biginaers"
"B00ZRBWPA0","Eveready Red 1012 AAA Batteries - Pack of 10","Electronics|GeneralPurposeBatteries&BatteryChargers|DisposableBatteries",158,180,0.12,4.3,989,"Nice .,very good batteries received,Longtevity,Good product, Good seller,Reasonable pricing,I liked the package and product is very good,Good,Value for money"
"B0B2DD66GS","SanDisk Extreme microSD UHS I Card 128GB for 4K Video on Smartphones,Action Cams 190MB/s Read,90MB/s Write","Electronics|Accessories|MemoryCards|MicroSD",1334,2900,0.54,4.5,19624,"Good quality product, Best suitable storage for 4k videos,Perfect for nintendo switch oled,Best in the segmet...,Expensive,Product Is Good,Good,The delivered one was 90Mbps write property,Nice Write Speed But Read Speed Is not that much is giv..Read Speed goes to 90mbps Write 80to90mbps"
"B09M869Z5V","Portronics MPORT 31C 4-in-1 USB Hub (Type C to 4 USB-A Ports) with Fast Data Transfer","Computers&Accessories|Accessories&Peripherals|USBHubs",569,999,0.43,4.2,3201,"Value For Money But....,Compact and Budget friendly,Average,Nice product,Premium build but hoped it had more USB3.0,Decent product,Very useful for Mac users,Works fine with Macbook air M2"
"B07W6VWZ8C","Infinity (JBL Fuze Pint, Wireless Ultra Portable Mini Speaker with Mic, Deep Bass, Dual Equalizer, Bluetooth 5.0 with Voice Assistant Support for Mobiles (Black)","Electronics|HomeAudio|Speakers|OutdoorSpeakers",900,1999,0.55,4.1,30469,"Best Speaker at low price,Good quality,Very small compared to price.,Pocket dynamite,Cute one,LOUD AND GOOD BLUETOOTH SPEAKER,Portable and good one,Superb yet portable speaker"
"B07Z1X6VFC","AirCase Protective Laptop Bag Sleeve fits Upto 13.3"" Laptop/ MacBook, Wrinkle Free, Padded, Waterproof Light Neoprene case Cover Pouch, for Men & Women, Black- 6 Months Warranty","Computers&Accessories|Accessories&Peripherals|LaptopAccessories|Bags&Sleeves|LaptopSleeves&Slipcases",450,999,0.55,4.4,9940,"Quality is worth the price!,Good for holding,Packaging was not good,good product,Good Product,Built quality of product is excellent,Best in quality & look,BEST"
"B07YL54NVJ","Brand Conquer 6 in 1 with OTG, SD Card Reader, USB Type C, USB 3.0 and Micro USB, for Memory Card | Portable Card Reader | Compatible with TF, SD, Micro SD, SDHC, SDXC, MMC, RS-MMC, Micro SDXC","Computers&Accessories|ExternalDevices&DataStorage|ExternalMemoryCardReaders",549,999,0.45,4.3,7758,"Worth Buying,It's a very good product at these price range go for it.,Camera SD card reader,A very handy gadget for transferring data between various devices,Product is good and working properly,Nice product,Reveewing after 3 weeks.,Use full product"
"B0759QMF85","TP-Link AC750 Dual Band Wireless Cable Router, 4 10/100 LAN + 10/100 WAN Ports, Support Guest Network and Parental Control, 750Mbps Speed Wi-Fi, 3 Antennas (Archer C20) Blue, 2.4 GHz","Computers&Accessories|NetworkingDevices|Routers",1535,2399,0.36,4.3,68409,"Con = no bandwidth control,Setup is smooth and easy,Good coverage,as money as goods,The signal reach could be better,overall is ok,Product,Class product from TP-Link! A worthy investment."
"B00LM4X0KU","Parker Quink Ink Bottle, Blue","OfficeProducts|OfficePaperProducts|Paper|Stationery|Pens,Pencils&WritingSupplies|Pens&Refills|BottledInk",100,100,0,4.3,3095,"Clearly makes a difference,Good,Value for money,Good material,The ink of parker is very lite,Good,Good,Very good"
"B08PFSZ7FH","STRIFF Laptop Stand Adjustable Laptop Computer Stand Multi-Angle Stand Phone Stand Portable Foldable Laptop Riser Notebook Holder Stand Compatible for 9 to 15.6” Laptops Black(Black)","Computers&Accessories|Accessories&Peripherals|LaptopAccessories|NotebookComputerStands",300,1499,0.8,4.2,903,"Decent quality product for the price,Nice product,Sturdy,Nice companion,Need for those who has neck pain working on Laptops,Laptop stand,Good quality,Good product"
"B012MQS060","Logitech MK215 Wireless Keyboard and Mouse Combo for Windows, 2.4 GHz Wireless, Compact Design, 2-Year Battery Life(Keyboard),5 Month Battery Life(Mouse) PC/Laptop- Black","Computers&Accessories|Accessories&Peripherals|Keyboards,Mice&InputDevices|Keyboard&MouseSets",1292,1795,0.28,4.1,25771,"Early impression comparing MK215 with MK270  - bit underwhelmed,Lagging,It is working fine till now.,Does the job well,Excellent,Worth,To avoid lag, plug into USB port without neighboring connections,Good"
"B01MF8MB65","boAt Bassheads 225 in Ear Wired Earphones with Mic(Blue)","Electronics|Headphones,Earbuds&Accessories|Headphones|In-Ear",699,999,0.3,4.1,273189,"The best earphones you can find out there under 500 Bucks..??? Are they Comfortable..?? Let's find out.....,:( Not so good Not so bad :),Good but i don't recommend,Sexy,You can expect it to work for a year,Good buy but 1 side earphone stopped after 6-7 months,Vocals are good music is bit dizzy and there is a sound zzzzzzzzzz when everything is silent ..,Superb"
"B00LHZWD0C","Luxor 5 Subject Single Ruled Notebook - A4, 70 GSM, 300 pages","OfficeProducts|OfficePaperProducts|Paper|Stationery|Notebooks,WritingPads&Diaries|CompositionNotebooks",252,315,0.2,4.5,3785,"Good note book,Five Star Product,Nothing,Not bad, decent buy,Amazing  quality,Good quality paper/binder/separator ( Value for money),Great for writing notes,One minus star is for one defective piece.."
"B08QDPB1SL","Duracell Chhota Power AA Battery Set of 10 Pcs","Electronics|GeneralPurposeBatteries&BatteryChargers|DisposableBatteries",189,220,0.14,4.4,2866,"Does not fit the Duracell label,Very appropriate & long lasting cells,Uh should buy,Ok,Value for money,Great battery,Badhiya,Nice <U+0001F44D>"
"B07BRKK9JQ","Zebronics Zeb-Transformer Gaming Keyboard and Mouse Combo (USB, Braided Cable)","Computers&Accessories|Accessories&Peripherals|Keyboards,Mice&InputDevices|Keyboard&MouseSets",1295,1599,0.19,4.3,27223,"Click-Bet,The alphabet doesn't light up,It is good but sometimes button got stuck and ruin your game,dont get your hopes too hight up,Good and superb but the RGB modes are less but good u can go for it,Itz mouse is so smout,Good,Cool looking"
"B01EZ0X3L8","SanDisk Ultra 64 GB USB Pen Drives (SDDDC2-064G-I35, Black, Silver)","Computers&Accessories|ExternalDevices&DataStorage|PenDrives",726,1650,0.56,4.3,82356,"Average pendrive with mobile connectivity,2 in 1 type c and usb,Worth for money,Fine purchase,Great to store memories and notes,Nice,Value for Money.,Very good product"
"B00LM4W1N2","Parker Classic Gold Gold Trim Ball Pen","OfficeProducts|OfficePaperProducts|Paper|Stationery|Pens,Pencils&WritingSupplies|Pens&Refills|RetractableBallpointPens",480,600,0.2,4.3,5719,"So good ,nice looking,Value for money and a nice product,Awesome Product,overrated,Really good,Good,It is very good <U+0001F44D>,Good"
"B0949SBKMP","boAt Flash Edition Smart Watch with Activity Tracker, Multiple Sports Modes, 1.3"" Screen, 170+ Watch Faces, Sleep Monitor, Gesture, Camera & Music Control, IP68 & 7 Days Battery Life(Lightning Black)","Electronics|WearableTechnology|SmartWatches",1817,6990,0.74,4,26880,"It's pretty decent,Friendly product,I love its design btw it's a descent watch .,Excellent<U+0001F44D><U+0001F4AF>,The Blue color is worst. BUY RED ONE,Design very good,Its worth it,Very nice"
"B08YD264ZS","Tarkan Portable Folding Laptop Desk for Bed, Lapdesk with Handle, Drawer, Cup & Mobile/Tablet Holder for Study, Eating, Work (Black)","Computers&Accessories|Accessories&Peripherals|LaptopAccessories|Lapdesks",1000,2499,0.6,4.3,1690,"Good,Quite Good, just a little too costly, but worth it,Best in this budget segment,Table is good,, wood is hard, legs are strong, but plastic frame is broken at one corner,The product quality is good. The size is small. It is stable not bending while working on table.,Good <U+0001F44D>,Perfect for WFH !,Best buy"
"B094JNXNPV","Ambrane Unbreakable 3 in 1 Fast Charging Braided Multipurpose Cable for Speaker with 2.1 A Speed - 1.25 meter, Black","Computers&Accessories|Accessories&Peripherals|Cables&Accessories|Cables|USBCables",299,399,0.25,4,2766,"Ok cable,three pin with hybrid wire,Sturdy,Nice,Good.,So good,CarPlay Not supported,<U+092A><U+0948><U+0938><U+093E> <U+0935><U+0938><U+0942><U+0932> <U+0001F642>"
"B00GZLB57U","Quantum RJ45 Ethernet Patch Cable/LAN Router Cable with Heavy Duty Gold Plated Connectors Supports Hi-Speed Gigabit Upto 1000Mbps, Waterproof and Durable,1-Year Warranty-32.8 Feet (10 Meters)(White)","Computers&Accessories|Accessories&Peripherals|Cables&Accessories|Cables|EthernetCables",238,699,0.66,4.4,8372,"Good product,4 star overall,Good, nice worth it,Good cable,Good product,Reasonable price, good quality.,amazing,PERFECT!!"
"B07V82W5CN","HP USB Wireless Spill Resistance Keyboard and Mouse Set with 10m Working Range 2.4G Wireless Technology / 3 Years Warranty (4SC12PA), Black","Computers&Accessories|Accessories&Peripherals|Keyboards,Mice&InputDevices|Keyboard&MouseSets",1341,2198,0.39,4,7113,"Great for typing horrible for gaming.,Performance good and smooth. <U+0001F496><U+0001F496>,Value for money,Keyboard,good for the price,This is the best wireless keyboard,Worth it product.......,Nice one"
"B077Z65HSD","boAt A400 USB Type-C to USB-A 2.0 Male Data Cable, 2 Meter (Black)","Computers&Accessories|Accessories&Peripherals|Cables&Accessories|Cables|USBCables",300,999,0.7,4.3,20850,"Just buy it dont even 2nd guess it,Quality is good,Nylon braided quiet sturdy,Amazing,Feels like steel harnessed wire - strong,Sturdy and durable. Useful for charging Power Banks,good,Nice quality"
"B08HD7JQHX","HUMBLE Dynamic Lapel Collar Mic Voice Recording Filter Microphone for Singing Youtube SmartPhones, Black","Computers&Accessories|Accessories&Peripherals|Audio&VideoAccessories|PCMicrophones",200,499,0.6,3.3,2804,"No TRRS to TRS converter in the box,Not suitable for DSLR camera,Good for beginners,OK,Don't buy,For beginners it's good,Average product,It is a good and useful mic for YouTube content maker"
"B09Y14JLP3","STRIFF UPH2W Multi Angle Tablet/Mobile Stand. Holder for iPhone, Android, Samsung, OnePlus, Xiaomi. Portable,Foldable Stand.Perfect for Bed,Office, Home,Gift and Desktop (White)","Electronics|Mobiles&Accessories|MobileAccessories|Stands",100,499,0.8,4.1,2451,"Totally worth rs99,Best,Good,Valuable,Fulfil purpose, easy to carry,Good product,Good product,Good"
"B09ZHCJDP1","Amazon Basics Wireless Mouse | 2.4 GHz Connection, 1600 DPI | Type - C Adapter | Upto 12 Months of Battery Life | Ambidextrous Design | Suitable for PC/Mac/Laptop","Computers&Accessories|Accessories&Peripherals|Keyboards,Mice&InputDevices|Mice",500,1000,0.5,5,23,"Very responsive and stylish mouse,Simply Awesome,Satisfactory but OTG not working,Satisfied with this wireless mouse,Overall performance is good.,Overall very happy with the product,Strong build with silent click,Excellent mouse for the price"
"B08C4Z69LN","Crucial RAM 8GB DDR4 3200MHz CL22 (or 2933MHz or 2666MHz) Laptop Memory CT8G4SFRA32A","Computers&Accessories|Components|Memory",1785,3500,0.49,4.5,26194,"FPS increased in games after installing it <U+0001F60D>,Worst Experience turned great,Very good product,Really increase performance,8gb ram r*8,It Worked,Good ram at good price.,Good RAM"
"B016XVRKZM","APC Back-UPS BX600C-IN 600VA / 360W, 230V, UPS System, an Ideal Power Backup & Protection for Home Office, Desktop PC & Home Electronics","Computers&Accessories|Accessories&Peripherals|UninterruptedPowerSupplies",3280,4100,0.2,3.9,15783,"Most featured UPS,Not Sufficient for a 65"" Sony 4K TV,Easy to install,Kind of useless for a PC with a GPU,How to return,Value for money,Big,Good stuff for it's purpose, it is working"
"B00LHZW3XY","Luxor 5 Subject Single Ruled Notebook - A5 Size, 70 GSM, 300 Pages","OfficeProducts|OfficePaperProducts|Paper|Stationery|Notebooks,WritingPads&Diaries|CompositionNotebooks",124,180,0.31,4.4,8053,"Value for money,Small-sized Notebook,Worthy for money,Quality,I think it is a normal product,Value for money,Quality,Quality Product"
"B098JYT4SY","Zebronics Zeb-Jaguar Wireless Mouse, 2.4GHz with USB Nano Receiver, High Precision Optical Tracking, 4 Buttons, Plug & Play, Ambidextrous, for PC/Mac/Laptop (Black+Grey)","Computers&Accessories|Accessories&Peripherals|Keyboards,Mice&InputDevices|Mice",405,1190,0.66,4.1,2809,"Good work,super quality,Good mouse. Handy for work from home.,Good Mouse for Laptop,very nice to use and soundless,Good,At this price, it's definitely best. Good working and functioning.,Good"
"B08CFCK6CW","Boult Audio Truebuds with 30H Playtime, IPX7 Waterproof, Lightning Boult™ Type C Fast Charging (10 Min=100Mins), BoomX™ Tech Rich Bass, Pro+ Calling HD Mic, Touch Controls in Ear Earbuds TWS (Grey)","Electronics|Headphones,Earbuds&Accessories|Headphones|In-Ear",1200,7999,0.85,3.6,25910,"Worst product<U+0001F621>,Ok product,Good product <U+0001F44D>,Good. Does the Job,Fitting Issue and Charging issue,Not working.,Superb I love it,It's ok nice..but not up to the mark"
"B09P564ZTJ","Wembley LCD Writing Pad/Tab | Writing, Drawing, Reusable, Portable Pad with Colorful Letters | 9 Inch Graphic Tablet (Assorted)","Computers&Accessories|Accessories&Peripherals|Keyboards,Mice&InputDevices|GraphicTablets",240,1599,0.85,3.8,1173,"Brightness effect,Birthday Gift for my nephew...,Product damage,Very good !,Nice product,Very good product,Just Ok Ok type Quality and costly, Not a Standard Quality Product.,Good quality product"
"B07MSLTW8Z","Gizga Essentials Multi-Purpose Portable & Foldable Wooden Desk for Bed Tray, Laptop Table, Study Table (Black)","Computers&Accessories|Accessories&Peripherals|LaptopAccessories|Lapdesks",540,1999,0.73,3.6,6422,"No any specific,Ok, in this price !,Write karte samay vibrate hota hai,Good but little hard to use on bed because of curvy edge,Poorly designed product,All over good product,Poor Stability,Good"
"B09N6TTHT6","E-COSMOS Plug in LED Night Light Mini USB LED Light Flexible USB LED Ambient Light Mini USB LED Light, LED Portable car Bulb, Indoor, Outdoor, Reading, Sleep (4 pcs)","Computers&Accessories|Accessories&Peripherals|USBGadgets|Lamps",89,99,0.1,4.2,241,"Good & attractive,Very versatile,Good,Good Product....,Good night light at 5Volt.,Pretty good product,Good,Nice bt it should be in direct plug not in usb"
"B09W5XR9RT","Duracell USB C To Lightning Apple Certified (Mfi) Braided Sync & Charge Cable For Iphone, Ipad And Ipod. Fast Charging Lightning Cable, 3.9 Feet (1.2M) - Black","Computers&Accessories|Accessories&Peripherals|Cables&Accessories|Cables|USBCables",980,1999,0.51,4.4,184,"Very good product.,Using as a spare cable in car,Sturdy, Durable, Fast Charging!,Good brand,It’s like original apple cable,One of the best wire ..,Super well build. Quality product worth the money,Good product"
"B098R25TGC","Noise Buds VS201 V2 in-Ear Truly Wireless Earbuds with Dual Equalizer | with Mic | Total 14-Hour Playtime | Full Touch Control | IPX5 Water Resistance and Bluetooth v5.1 (Olive Green)","Electronics|Headphones,Earbuds&Accessories|Headphones|In-Ear",1290,2999,0.57,3.8,14629,"[Updated] decent tws for under 1k,Sound clarity.,Good Product,Buds are very good Quality.,Nothing,Budget Friendly,Amazing sound,Good product..."
"B0B2PQL5N3","Lapster Gel Mouse pad with Wrist Rest , Gaming Mouse Pad with Lycra Cloth Nonslip for Laptop , Computer, , Home & Office (Black)","Computers&Accessories|Accessories&Peripherals|Keyboards,Mice&InputDevices|Keyboard&MiceAccessories|MousePads",230,999,0.77,4.2,1528,"Worth the proce,Can't complain for the price,Good product,An Affordable Mouse Pad,Office only,Badiya,Worth it just for the cost to quality ratio.,Good.. But could've been excellent."
"B07DKZCZ89","Gizga Essentials Earphone Carrying Case, Multi-Purpose Pocket Storage Travel Organizer for Earphones, Headset, Pen Drives, SD Cards, Shock-Proof Ballistic Nylon, Soft Fabric, Mesh Pocket, Green","Electronics|Headphones,Earbuds&Accessories|Cases",120,499,0.76,4.3,15032,"Good quality,Good quality product,Must Go For It <U+0001F970>,Great case to carry charger or manage cabled products,Good,Rugged, compact. Would have been better with a loop to hold.,best for your earphones,Good"
"B08GYG6T12","SanDisk Ultra SDHC UHS-I Card 32GB 120MB/s R for DSLR Cameras, for Full HD Recording, 10Y Warranty","Electronics|Accessories|MemoryCards|SecureDigitalCards",448,800,0.44,4.4,69585,"Good Product But Spped Upto 30mbps,Nice,Regarding Card,Excellent SDCARD,Good,Fake product,Good,working fine read/write speed is good"
"B09BN2NPBD","DIGITEK® (DRL-14C) Professional (31cm) Dual Temperature LED Ring Light with Tripod Stand & Mini Tripod for YouTube, Photo-Shoot, Video Shoot, Live Stream, Makeup, Vlogging & More","Electronics|Mobiles&Accessories|MobileAccessories|Photo&VideoAccessories|Flashes&SelfieLights|SelfieLights",1713,3495,0.51,4.1,14371,"Worst Quality Stand,Very productive product and value for money.,Good,It is functioning good,Product is good but RGB is of no use - RECOMMENDED FOR WHITE LIGHT,Nice,Worth for money,Good product for it's price range"
"B00J4YG0PC","Classmate Long Notebook - 140 Pages, Single Line, 297mm x 210mm (Pack of 12)","OfficeProducts|OfficePaperProducts|Paper|Stationery|Notebooks,WritingPads&Diaries|CompositionNotebooks",562,720,0.22,4.4,3182,"Good <U+0001F44D>,Product is Good,VALUE FOR MONEY,Worth it,Notebook is good and paking in very bad,Very nice book and good packaging,Nice set of 12 Lovely <U+0001F60D> Books <U+0001F4DA>,The books are beautiful"
"B073BRXPZX","Lenovo 300 Wired Plug & Play USB Mouse, High Resolution 1600 DPI Optical Sensor, 3-Button Design with clickable Scroll Wheel, Ambidextrous, Ergonomic Mouse for Comfortable All-Day Grip (GX30M39704)","Computers&Accessories|Accessories&Peripherals|Keyboards,Mice&InputDevices|Mice",289,590,0.51,4.4,25886,"worth buying this mouse!,Good,Traditional mouse that does the job,nice,GOOD PRODUCT AND GOOD QUALITY,Worth the price money and amazing built quality,Compact mouse,super comfortable"
"B08LHTJTBB","Dyazo 6 Angles Adjustable Aluminum Ergonomic Foldable Portable Tabletop Laptop/Desktop Riser Stand Holder Compatible for MacBook, HP, Dell, Lenovo & All Other Notebook (Silver)","Computers&Accessories|Accessories&Peripherals|LaptopAccessories|NotebookComputerStands",600,1999,0.7,4.4,4736,"Price wise the best in Category,Laptop is not sitting properly on the stand.,Product Quality,A good product.,Awesome product,Not that good for heavy 17 inches laptops,Good product can be better,Value for money and compact"
"B07VTFN6HM","Western Digital WD 2TB My Passport Portable Hard Disk Drive, USB 3.0 with  Automatic Backup, 256 Bit AES Hardware Encryption,Password Protection,Compatible with Windows and Mac, External HDD-Black","Computers&Accessories|ExternalDevices&DataStorage|ExternalHardDisks",5586,7350,0.24,4.4,73005,"Good enough for now.. Could be better..,Amzon better then Flipcart & Others,Compact and Reliable 2TB External HDD: A Must-Have for Storing and Backing Up Your Data,<U+0001F49D><U+0001F44D>One of the best available mechanical external hard disks,Nice,Woth Money,Good product,Heating problem"
"B008QS9J6Y","Logitech C270 Digital HD Webcam with Widescreen HD Video Calling, HD Light Correction, Noise-Reducing Mic, for Skype, FaceTime, Hangouts, WebEx, PC/Mac/Laptop/MacBook/Tablet - (Black, HD 720p/30fps)","Computers&Accessories|Accessories&Peripherals|Audio&VideoAccessories|Webcams&VoIPEquipment|Webcams",1998,2595,0.23,4.3,20398,"Amazing Product!,Good product at in this range.,Thik thak photo aa jata hai.,Good product,Review,Nice hd webcam,Not all of Logitech's products are excellent.,Decent buy for the price."
"B09M8888DM","Portronics MPORT 31 4 Ports USB Hub (USB A to 4 USB-A Ports 4 in 1 Connector USB HUB(Grey)","Computers&Accessories|Accessories&Peripherals|USBHubs",495,799,0.38,4.3,2125,"Nice product,It works!,Indoor device, not for field use!,Does the job,Value for money product.,Good product,Till now...Using since 7 days..It's good,Useful USB multiplier"
"B07Z1YVP72","AirCase Protective Laptop Bag Sleeve fits Upto 15.6"" Laptop/ MacBook, Wrinkle Free, Padded, Waterproof Light Neoprene case Cover Pouch, for Men & Women, Black- 6 Months Warranty","Computers&Accessories|Accessories&Peripherals|LaptopAccessories|Bags&Sleeves|LaptopSleeves&Slipcases",450,999,0.55,4.3,11330,"Decent Prodyuct,Normal,Good product,Great product,Good product,perfect,Built quality of product is excellent,Excellent"
"B082FTPRSK","Zinq Five Fan Cooling Pad and Laptop Stand with Dual Height Adjustment and Dual USB Port Extension (Black)","Computers&Accessories|Accessories&Peripherals|LaptopAccessories|CoolingPads",1000,1999,0.5,4.2,27441,"Good for cooling,Not good for gaming,quality n performance,Good product,Nice performance,ABOVE AVERAGE,Good at this price (999),Works fine"
"B09RF2QXGX","Gizga Essentials Webcam Cover, Privacy Protector Webcam Cover Slide, Compatible with Laptop, Desktop, PC, Smartphone, Protect Your Privacy and Security, Strong Adhesive, Set of 3, Black","Computers&Accessories|Accessories&Peripherals|LaptopAccessories|CameraPrivacyCovers",69,299,0.77,4.3,255,"Good,Decent purchase,Awesome product,Worth,Does exactly what it meant to do !!!,Good product,Good,Worth buying"
"B01KK0HU3Y","HP Z3700 Wireless Optical Mouse with USB Receiver and 2.4GHz Wireless Connection/ 1200DPI / 16 Months Long Battery Life /Ambidextrous and Slim Design (Modern Gold)","Computers&Accessories|Accessories&Peripherals|Keyboards,Mice&InputDevices|Mice",899,1499,0.4,4.2,23174,"Could be better.,Nice for office use,Good,Nice but little small,Nice mouse for office work not for gaming.,Good,Performance i good...,sleek n smooth"
"B07JF9B592","MAONO AU-400 Lavalier Auxiliary Omnidirectional Microphone (Black)","MusicalInstruments|Microphones|Condenser",475,699,0.32,3.8,20218,"loud & clear,Avrage in budget range,Best for beginners,Good for price,Very nice mic in this price range,In budget,Product Good, Packaging damaged.,Gzzzbbbbb mic <U+0001F3A4>"
"B086394NY5","TABLE MAGIC Multipurpose Laptop Table Mat Finish Top Work at Home Study Table (TM Regular- Black) (Alloy Steel)","Computers&Accessories|Accessories&Peripherals|LaptopAccessories",1394,2490,0.44,4.3,11074,"Not sturdy enough but good.,Product looks good for the price,Good One,Good quality in this range....,Budget buy,Good,2 problems i noticed,Incorrect steps order"
"B00NH11PEY","AmazonBasics USB 2.0 - A-Male to A-Female Extension Cable for Personal Computer, Printer (Black, 9.8 Feet/3 Meters)","Computers&Accessories|Accessories&Peripherals|Cables&Accessories|Cables|USBCables",202,750,0.73,4.5,74976,"Nice,good,Paisa vassol,Sturdy and long.,Good for the price and great quality.,Works as expected,Good,Good"
"B017PDR9N0","GIZGA Essentials Portable Tabletop Tablet Stand Mobile Holder, Desktop Stand, Cradle, Dock for iPad, Smartphone, Kindle, E-Reader, Fully Foldable, Adjustable Angle, Anti-Slip Pads, Black","Computers&Accessories|Accessories&Peripherals|TabletAccessories|Stands",150,499,0.7,4.1,25607,"Okay product in picture,Good for students,Nice product,Portability,Great product at this price,Just working,Nice,Good"
"B07NC12T2R","boAt Stone 650 10W Bluetooth Speaker with Upto 7 Hours Playback, IPX5 and Integrated Controls (Blue)","Electronics|HomeAudio|Speakers|BluetoothSpeakers",1796,4990,0.64,4.2,41226,"Sound Quality : Boat Stone 650 vs Nakamichi Speck vs Boat Stone 200,It's just a speaker with less sound,Okay to buy,Sound is not much loud in maximum volume,Boat rocks always,Excellent <U+0001F44C>,VFM PRODUCT BUT THERE'S MORE TO IT. READ ON!,Excellent sound quality, i like this speaker sooooooo much <U+0001F44C><U+0001F44C><U+0001F44C>"
"B07WKBD37W","ESnipe Mart Worldwide Travel Adapter with Build in Dual USB Charger Ports with 125V 6A, 250V Protected Electrical Plug for Laptops, Cameras (White)","HomeImprovement|Electrical|Adapters&Multi-Outlets",430,999,0.57,4,2581,"Material not worth,Stable for use,Overall product is good,Durable, travel friendly,Adapter,Useful product for international travellers,Doubtful for Durability and sturdiness,very good product"
"B08JMC1988","boAt Stone 180 5W Bluetooth Speaker with Upto 10 Hours Playback, 1.75"" Driver, IPX7 & TWS Feature(Black)","Electronics|HomeAudio|Speakers|OutdoorSpeakers",996,2490,0.6,4.1,18331,"Stone 180 is good as a portable speaker.,Good but not that much ok sound,Nice,Battery life,Poor battery life,Not have loud sound,Value for money...,Average"
"B09GFN8WZL","Portronics Ruffpad 8.5M Multicolor LCD Writing Pad with Screen 21.5cm (8.5-inch) for Drawing, Playing, Handwriting Gifts for Kids & Adults, India's first notepad to save and share your child's first creatives via Ruffpad app on your Smartphone(Black)","Computers&Accessories|Accessories&Peripherals|Keyboards,Mice&InputDevices|GraphicTablets",380,999,0.62,4.1,1779,"Average,Value for money product,Nice product,very nice product... screen should be little bit more bright,Product looks Good,Nice product, easy to use and perfect delivery,Overall nice,Good"
"B095X38CJS","BRUSTRO Copytinta Coloured Craft Paper A4 Size 80 GSM Mixed Bright Colour 40 Sheets Pack (10 cols X 4 Sheets) Double Side Color for Office Printing, Art and Craft.","OfficeProducts|OfficePaperProducts|Paper|Copy&PrintingPaper|ColouredPaper",99,99,0,4.3,388,"Good,Heads up,Good product,Bright in color  good product <U+0001F44D><U+0001F3FB>,Nice dark colors...,black  and dark blue paper not supplied  as it should be also there making it 4x12,Quality is too good,Nice bright colour"
"B07ZKD8T1Q","Cuzor 12V Mini ups for WiFi Router | Power Backup up to 4 Hours | Replaceable Battery | Ups for Wi-Fi Router and Modem | Ups for Router up to 2A | ups for uninterrupted wi-fi","Computers&Accessories|NetworkingDevices|Routers",1500,2999,0.5,4.5,8656,"Cute one,Received today and installed.Observing performance.,Provides 1-30 to 2 hours backup,Perfect modem and router UPS,Nice product with some drawbacks,Shandaar Jabardast Zindaabad,As expected,Excellent product for apartments with DG backup."
"B07G3YNLJB","Crucial BX500 240GB 3D NAND SATA 6.35 cm (2.5-inch) SSD (CT240BX500SSD1)","Computers&Accessories|Components|InternalSolidStateDrives",1829,3100,0.41,4.5,92925,"Absolutely worth the price,Best product on low value, definitely gofor this,Works the way it says,Economical. Very light. Quite sleak. No good robust packing.,Good one!,The Best,As expected quality from a company like crucial. 4.5 Star Rating,Best in class ssd"
"B00P93X2H6","Classmate Pulse Spiral Notebook - 240 mm x 180 mm, Soft Cover, 200 Pages, Unruled","OfficeProducts|OfficePaperProducts|Paper|Stationery|Notebooks,WritingPads&Diaries|CompositionNotebooks",67,75,0.11,4.1,1269,"it's nice. simple and easy.,It's good but I ordered avengers printing I got other one,Not A4 size,Nice product but not value for money,Money not wasted.,Good For Day-To-Day use,medium size notebook,Good for note"
"B0798PJPCL","Portronics My buddy plus Adjustable Laptop cooling Table (Brown)","Computers&Accessories|Accessories&Peripherals|LaptopAccessories|Lapdesks",1889,2699,0.3,4.3,17394,"Nice Product,Good one,Nice to have!,5 star (i gave 4 btw) just 1 con and its huge for me,Good table to work from bed,Laptop Table.,Best stand available,Like it"
"B09GFWJDY1","ZEBRONICS Zeb-Evolve Wireless in Ear Neckband Earphone with Supporting Bluetooth v5.0, Voice Assistant, Rapid Charge, Call Function & Magnetic Earpiece, with mic (Metallic Blue)","Electronics|Headphones,Earbuds&Accessories|Headphones|In-Ear",495,1499,0.67,3.6,9169,"Best at this price range.,Value for money,Value for money,Little bit compromise with make & connectivity, rest all perfect <U+0001F44C>,Nice,Nice,Good,Good product"
"B09MZ6WZ6V","INOVERA World Map Extended Anti Slip Rubber Gaming Stitched Mouse Pad Desk Mat for Computer Laptop (Black, 900L x 400B x 2H mm)","Computers&Accessories|Accessories&Peripherals|Keyboards,Mice&InputDevices|Keyboard&MiceAccessories|MousePads",500,999,0.5,4.4,1030,"nice design.,Worth the buy,Pretty good,Nice product.,Jordaar,The product is an averagely good product,Good enough,Awesome"
"B094QZLJQ6","Seagate One Touch 2TB External HDD with Password Protection – Black, for Windows and Mac, with 3 yr Data Recovery Services, and 4 Months Adobe CC Photography (STKY2000400)","Computers&Accessories|ExternalDevices&DataStorage|ExternalHardDisks",5759,7999,0.28,4.5,50273,"sometimes writes are little slow, otherwise fine,great product,Worth 100%,The only thing I was being deprived of was it's color.Instead of blue,I got a grey one.,Good product,Good product,Not with password and mailio softwares  this product not work properly,In the what u expect go for it ...."
"B07L3NDN24","ZEBRONICS Zeb-Fame 5watts 2.0 Multi Media Speakers with AUX, USB and Volume Control (Black)","Electronics|HomeAudio|Speakers|MultimediaSpeakerSystems",495,799,0.38,3.9,6742,"Thik thak he,wired,Sound boss,cheap and best temporary speakers,So loud,Bass,BEST QUALITY SPEAKER,Very nice"
"B08WD18LJZ","TVARA LCD Writing Tablet 8.5 Inch E-Note Pad LCD Writing Tablet, Kids Drawing Pad 8.5 Inch Doodle Board, Toddler Boy and Girl Learning Gift for 3 4 5 6 Years Old, Black","Computers&Accessories|Accessories&Peripherals|Keyboards,Mice&InputDevices|GraphicTablets",246,600,0.59,4,1208,"Product is good,Lots of fun for the price,Good to use,Handy,Concept is good,Lightweight,Good for children,a best device for your child to make them intrested to study and practice."
"B09CMM3VGK","Ambrane 60W / 3A Type C Fast Charging Unbreakable 1.5m L Shaped Braided Cable, PD Technology, 480Mbps Data Transfer for Smartphones, Tablet, Laptops & other type c devices (ABLC10, Black)","Computers&Accessories|Accessories&Peripherals|Cables&Accessories|Cables|USBCables",180,499,0.64,4,1933,"Good product,Good for charging, bad for data transfer,Wait  to get mexmum discount.,The cable quality is best and charging pin is at right position to stand <U+0001F44D><U+0001F3FB>,So far super,Good,Good but issues with design,Maine <U+20B9>99 me liya hai offer me or ye worth hai."
"B06XDKWLJH","Western Digital WD 1.5TB Elements Portable Hard Disk Drive, USB 3.0, Compatible with PC, PS4 and Xbox, External HDD (WDBU6Y0015BBK-WESN)","Computers&Accessories|ExternalDevices&DataStorage|ExternalHardDisks",4473,5734,0.22,4.4,25006,"Good for my work,Worth it,Hard disc is not detecting,Good hdd with a 1.5 tb storage.....really cool and fast,Faster data transfer,Nice,Reasonable price,Sleek design"
"B01J1CFO5I","Redgear MP35 Speed-Type Gaming Mousepad (Black/Red)","Computers&Accessories|Accessories&Peripherals|PCGamingPeripherals|Gamepads",297,550,0.46,4.6,33434,"Good product,Good quality,Good,Great mouse pad,Good worth the money.,Works flawlessly for many years,Nice mouse pad,Quality"
"B07J2NGB69","Lenovo 400 Wireless Mouse, 1200DPI Optical Sensor, 2.4GHz Wireless Nano USB, 3-Button (Left,Right,Scroll) Upto 8M Left/Right & 100K Scroll clicks & 1yr Battery, Ambidextrous, Ergonomic GY50R91293","Computers&Accessories|Accessories&Peripherals|Keyboards,Mice&InputDevices|Mice",625,1390,0.55,4.4,6301,"Not to the mark.,Ok.,Good Product,Good but lack some features,Best quility,Nice,Good for money,Just as expected."
"B00MUTWLW4","Logitech K480 Wireless Multi-Device Keyboard for Windows, macOS, iPadOS, Android or Chrome OS, Bluetooth, Compact, Compatible with PC, Mac, Laptop, Smartphone, Tablet - Black","Computers&Accessories|Accessories&Peripherals|Keyboards,Mice&InputDevices|Keyboards",2603,3295,0.21,4.4,22618,"Very very very good in terms of ergonomic,Good keyboard but have some cons,Good For Daily Use,Easy to use, hard to carry,nice,Excellent, Durable and connects to any gadgets including IPhone,Not suitable for all,Absolute Rubbish -> Moderately Good Product"
"B08QSC1XY8","Zoul USB C 60W Fast Charging 3A 6ft/2M Long Type C Nylon Braided Data Cable Quick Charger Cable QC 3.0 for Samsung Galaxy M31S M30 S10 S9 S20 Plus, Note 10 9 8, A20e A40 A50 A70 (2M, Grey)","Computers&Accessories|Accessories&Peripherals|Cables&Accessories|Cables|USBCables",385,1099,0.65,4.3,974,"Great Cable, Charging Speeds Could Be Better,Good,A good cable.,One of the best type c cable,Works as intended.,A good buy. The extra length helps a lot.,Good,Ok"
"B017NC2IPM","RESONATE RouterUPS CRU12V2A | Zero Drop | UPS for WiFi Router | Mini UPS | Up to 4 Hours PowerBackup | Battery Replacement Program | Router UPS Compatible with 12V <2A Routers, FTTH, Modem, Set Top Box, Alexa, Mini Camera","Computers&Accessories|NetworkingDevices|Routers",1805,2911,0.38,4.3,20342,"12V2A RouterUPS,Decent Product,Product quality,Effective and functional,Works with jio 12v 2.5A,Good product but not supported for my Wifi,Amazing product very helpful at times off power cut.,Good one to buy"
"B00N1U7JXM","3M Post-it Sticky Note Cube, 200 Sheets (4 Colors x 50 Sheets) | 3"" x 3"" Size | For notes, reminders, study, school and organizing","OfficeProducts|OfficePaperProducts|Paper|Stationery|Notebooks,WritingPads&Diaries|Notepads&MemoBooks",89,175,0.49,4.4,7429,"Adhesion,Good product,Does not stick,Nice sticky note,good,Not up to the mark,Worth to sticky,GREAT...."
"B08HQL67D6","OFIXO Multi-Purpose Laptop Table/Study Table/Bed Table/Foldable and Portable Wooden/Writing Desk (Wooden)","Computers&Accessories|Accessories&Peripherals|LaptopAccessories|Lapdesks",599,599,0,4,26423,"Value for money,Good,Everything is good but prize is higher side,It's good product, easy to use, but not for kids,Very good,Good product at this price,Very good product in very cheap price,good product,  i am satisfied"
"B09RKFBCV7","Fire-Boltt Ninja Calling 1.69"" Bluetooth Calling Smart Watch, Dial Pad, Speaker, AI Voice Assistant with 450 NITS Peak Brightness, Wrist Gaming & 100+ Watch Faces with SpO2, HR, Multiple Sports Mode","Electronics|WearableTechnology|SmartWatches",2000,7999,0.75,4.2,31305,"Value for money Product,Watch start button,VALUE FOR MONEY,Budget smartwatch,Watch is good,Good watch.Lekin jab recive Kia,watch on tha.Alarm pm me set nhi hota hai,Only am me hota he,Good watch,Amazing watch amazing colour! Just bought yesterday, will share feedback again after the usage."
"B08KHM9VBJ","Airtel AMF-311WW Data Card (Black), 4g Hotspot Support with 2300 Mah Battery","Computers&Accessories|NetworkingDevices|DataCards&Dongles",2112,3250,0.35,3.8,11213,"Missing Cable, User Manual and Weak Network,Good,Nice,Home use product only,Good,Not usable for office work,Easy to use.,Bad experience"
"B01IOZUHRS","Gizga Essentials Laptop Power Cable Cord- 3 Pin Adapter Isi Certified(1 Meter/3.3 Feet)","Computers&Accessories|Accessories&Peripherals|LaptopAccessories|LaptopChargers&PowerSupplies",180,499,0.64,4.1,10174,"Good product, Cheap and works well,good one,Nice charging power.,Nice,Good,It's a cable,Durable,Laptop cord"
"B00CEQEGPI","Logitech MK270r USB Wireless Keyboard and Mouse Set for Windows, 2.4 GHz Wireless, Spill-resistant Design, 8 Multimedia & Shortcut Keys, 2-Year Battery Life, PC/Laptop- Black","Computers&Accessories|Accessories&Peripherals|Keyboards,Mice&InputDevices|Keyboard&MouseSets",1354,2295,0.41,4.2,17413,"Great keyboard, average mouse.,Good for daily use,Mouse is too small in size to use and getting pain,Must buy this for normal use,Noisy and not Ergonomic,Great Product,Well suited for ordinary and official usage.,Nice Product"
"B08B6XWQ1C","DIGITEK® (DTR-200MT) (18 CM) Portable & Flexible Mini Tripod with Mobile Holder & 360 Degree Ball Head, For Smart Phones, Compact Cameras, GoPro, Maximum Operating Height: 7.87 Inch, Maximum Load Upto: 1 kgs","Electronics|Cameras&Photography|Accessories|Tripods&Monopods|TripodLegs",348,995,0.65,4.2,6676,"Good for office and watching movie,Product review,It's worthy to buy,It's fine,nice item,Overall Good,Best for Beginners,Small size but still sturdy strong . Useful for bigeners."
"B01DGVKBC6","FEDUS Cat6 Ethernet Cable, 10 Meter High Speed 550MHZ / 10 Gigabit Speed UTP LAN Cable, Network Cable Internet Cable RJ45 Cable LAN Wire, Patch Computer Cord Gigabit Category 6 Wires for Modem, Router","Computers&Accessories|Accessories&Peripherals|Cables&Accessories|Cables|EthernetCables",289,499,0.42,4.4,8076,"Very good performance,It's been more than a month and it's been working good till now,good quality,Good,Nice one,Excellent,Cable outer surface is oily based,Genuine and good cable<U+0001F44D>"
"B008FWZGSG","Samsung Original Type C to C Cable - 3.28 Feet (1 Meter), White","Computers&Accessories|Accessories&Peripherals|Cables&Accessories|Cables|USBCables",599,599,0,4.3,355,"Good,Genuine product,Not first charge this cabil,,Nice cable but known durability,Got a used type c to c cable and the xable was damaged,The product is Genuine and Good,Abdul kadir,Good"
"B08JD36C6H","Kingston DataTraveler Exodia DTX/32 GB Pen Drive USB 3.2 Gen 1 (Multicolor)","Computers&Accessories|ExternalDevices&DataStorage|PenDrives",351,450,0.22,4.1,18656,"BEST VALUE,Good product,Good,Good,Very good product by Kingston. But size of pen drive may reduce.,Nice product with 5 years warranty in 250 rupees,Good product,Not up to the it's Specs"
"B00E3DVQFS","Duracell Rechargeable AA 2500mAh Batteries, 4 Pcs","Electronics|GeneralPurposeBatteries&BatteryChargers|DisposableBatteries",876,1109,0.21,4.4,31599,"Good performance,Good backup,Good,Slightly larger than ordinary AA,Good product,Good product,Less durable,2 Year Old Product Delivered.."
"B0B4HJNPV4","pTron Solero T351 3.5Amps Fast Charging Type-C to Type-C PD Data & Charging USB Cable, Made in India, 480Mbps Data Sync, Durable 1 Meter Long Cable for Type-C Smartphones, Tablets & Laptops (Black)","Computers&Accessories|Accessories&Peripherals|Cables&Accessories|Cables|USBCables",200,999,0.8,3.9,1075,"The metal pin is losing it's strength,Sahi h bs 44 rupe ki and dilivery charge 40,Good Charging cable,Good sturdy micro usb cable with good charging speeds,Cheapest micro USB cable in the market,boat is better than this,I bought this for 199rs best charging cable for all mobiles,Good"
"B00BN5SNF0","ENVIE® (AA10004PLNi-CD) AA Rechargeable Batteries, Low Self Discharge, AA 1000mAh Ni-CD (Pack of 4)","Electronics|GeneralPurposeBatteries&BatteryChargers|RechargeableBatteries",250,250,0,3.9,13971,"<U+0915><U+0941><U+091B> <U+0916><U+093E><U+0938> <U+0928><U+0939><U+0940><U+0902> <U+092C><U+0938> <U+0920><U+0940><U+0915> <U+0920><U+093E><U+0915> <U+0939><U+0948>,Not good for regular use,pathetic battery back up,good,Does as it should,Very pathetic battery - never buy,Worth buy,Good, but 1.2 v please check when buying"
"B09SGGRKV8","ZEBRONICS Zeb-Buds 30 3.5Mm Stereo Wired in Ear Earphones with Mic for Calling, Volume Control, Multifunction Button, 14Mm Drivers, Stylish Eartip,1.2 Meter Durable Cable and Lightweight Design(Red)","Electronics|Headphones,Earbuds&Accessories|Headphones|In-Ear",200,499,0.6,3.6,2492,"You want to buy an apple-like earpods w/o having to pay the apple price.,Fragile!,Nice auido quality but poor build quality,LOW BUDGET PERFECT CHOICE,It's good,decent purchase,Worth it,Good for the price."
"B07XLCFSSN","Amazonbasics Nylon Braided Usb-C To Lightning Cable, Fast Charging Mfi Certified Smartphone, Iphone Charger (6-Foot, Dark Grey)","Computers&Accessories|Accessories&Peripherals|Cables&Accessories|Cables|USBCables",893,1900,0.53,4.4,13552,"Good,Worth to buy,Great value for price,Good product,Nice product.,Reliable and worth it!,Much more sturdy and durable than Apple cable,Good"
"B09RZS1NQT","Sounce 65W OnePlus Dash Warp Charge Cable, 6.5A Type-C to USB C PD Data Sync Fast Charging Cable Compatible with One Plus 8T/ 9/ 9R/ 9 pro/ 9RT/ 10R/ Nord & for All Type C Devices – Red, 1 Meter","Computers&Accessories|Accessories&Peripherals|Cables&Accessories|Cables|USBCables",200,999,0.8,4,575,"Worth it!,Good one,Robust and effective.,Good,Good,It's a good product under 199 rupees It's neatly packed and has good quality built,Nice product,Worth the price"
"B084BR3QX8","LAPSTER Accessories Power Cable Cord 2 Pin Laptop Adapter and Tape Recorder 1.5M","Computers&Accessories|Accessories&Peripherals|LaptopAccessories|LaptopChargers&PowerSupplies",150,999,0.85,3.5,2523,"very good product,The replaced item is fine and working good,Nice experience,Good Product For PlayStation,Poor insulation,Nice,Serves the purpose,One of the pins were broken"
"B09VC2D2WG","Portronics Ruffpad 12E Re-Writable LCD Writing Pad with 30.4cm (12 inch) Writing Area, Single Tap Erase, Smart Lock, Long Battery Life, India's first notepad to save and share your child's first creatives via Ruffpad app on your Smartphone(Black)","Computers&Accessories|Accessories&Peripherals|Keyboards,Mice&InputDevices|GraphicTablets",465,1499,0.69,4.1,352,"Fine for beginners but brightness is low ...increase brightness ..,Good,Size and brightness,It is good for rough work,Very nice & satisfactory,Very low brightness,Na,Nice product for this price"
"B09163Q5CD","Verilux® USB C Hub Multiport Adapter- 6 in 1 Portable Aluminum Type C Hub with 4K HDMI Output, USB 2.0/3.0 Ports, SD/Micro SD Card Reader Compatible for MacBook Pro 2016-2020, MacBook Air 2018-2020, Type-C Devices","Computers&Accessories|Accessories&Peripherals|USBHubs",1196,1929,0.38,4.1,1662,"Value for money.,Value for money,Price could be lesser,Ideal for new MacBooks,Average and overpriced,Meet the expectations,So I got the product on 11th August 2022. This is the initial impression of the product.,Ok ok product"
"B08K9PX15C","Zebronics Zeb Wonderbar 10 USB Powered 2.0 Computer Speaker with RGB Lights","Computers&Accessories|Accessories&Peripherals|Audio&VideoAccessories|PCSpeakers",854,1499,0.43,4,7352,"Nice product from Zebronics... Using for laptop,Gr8 product need more sound quality,Sound,Best Product <U+0001F44D>,Sound bass,Value for money. Wired and aux quality is poor,Compact speakers for PC/Laptop,Worthy for our money"
"B083RD1J99","HP Wired Mouse 100 with 1600 DPI Optical Sensor, USB Plug-and -Play,ambidextrous Design, Built-in Scrolling and 3 Handy Buttons. 3-Years Warranty (6VY96AA)","Computers&Accessories|Accessories&Peripherals|Keyboards,Mice&InputDevices|Mice",327,399,0.18,4.1,3441,"Good Quality Mouse,good,Good product for its price and warranty.,Not the best but does the job,Okayish,Go for it,really a good mouse in 250,not proper size ,it should be Littel big"
"B09Z7YGV3R","Anjaney Enterprise Smart Multipurpose Foldable Laptop Table with Cup Holder, Study Table, Bed Table, Breakfast Table, Foldable and Portable/Ergonomic & Rounded Edges/Non-Slip (Black)","Computers&Accessories|Accessories&Peripherals|LaptopAccessories|Lapdesks",266,699,0.62,4,93,"Honest review,Cushion grip is coming out,Mast h ! Jaisi dikh rhi same ayi ,majboot bhi h,PHONE HOLDER IS USELESS,product quality is good as per price u can buy it,Go for it!!!,This bed table is very good. Go for it.,Not sturdy on the bed. Cheap material used"
"B00N3XLDW0","ENVIE ECR-20 Charger for AA & AAA Rechargeable Batteries","Electronics|Cameras&Photography|Accessories|Batteries&Chargers|BatteryChargers",300,400,0.25,3.8,40895,"Not as per Description,It's not a 2800mAh battery. It's 1800mAh. They are fooling you with the name,Design problem of getting overheated,It is good medium speed charger,Good,Ok Chinese?,Good,Fast Charging"
"B07Z53L5QL","ProElite Faux Leather Smart Flip Case Cover for Apple iPad 10.2"" 9th Gen (2021) / 8th Gen / 7th Gen with Stylus Pen, Black","Computers&Accessories|Accessories&Peripherals|TabletAccessories|Bags,Cases&Sleeves|Cases",555,1499,0.63,4.3,11006,"Nice cover,Value for money product.,Good,Worthy,Snug fit <U+0001F603>,Fits perfectly | Looks stylish | Lightweight,Nice flip case,Beautiful product received"
"B00P93X0VO","Classmate Pulse 6 Subject Notebook - Unruled, 300 Pages, Spiral Binding, 240mm*180mm","OfficeProducts|OfficePaperProducts|Paper|Stationery|Notebooks,WritingPads&Diaries|WireboundNotebooks",114,120,0.05,4.2,8938,"Great Build Quality!,Great condition,Nice,Good experience,Good purchase,Just not A4.,GOOD ONE,It useful but buy it only when the price is under 100. Then u will get the profit."
"B07SBGFDX9","Pentonic Multicolor Ball Point Pen, Pack of 10","OfficeProducts|OfficePaperProducts|Paper|Stationery|Pens,Pencils&WritingSupplies|Pens&Refills|StickBallpointPens",120,120,0,4.1,4308,"Average,I like the 'Pentonic' pens,which is why I had made the purchase.,Useful,Liked it,Nice,Penatoni pen is good work,worth it,Useful"
"B09C6HWG18","Duracell Type C To Type C 5A (100W) Braided Sync & Fast Charging Cable, 3.9 Feet (1.2M). USB C to C Cable, Supports PD & QC 3.0 Charging, 5 GBPS Data Transmission – Black","Computers&Accessories|Accessories&Peripherals|Cables&Accessories|Cables|USBCables",980,1999,0.51,4.2,462,"Product is as expected,Cable has problem with samsung galaxy s8 ultra tablet,Quality and service is good.,It's perfect, definitely what i needed,Worth buying this cable,Just awesome <U+0001F44C>,fast charge, sturdy build quality, absolute value for money product, 2yrs warranty, just go for it,Good"
"B00NH11KIK","AmazonBasics USB 2.0 Cable - A-Male to B-Male - for Personal Computer, Printer- 6 Feet (1.8 Meters), Black","Computers&Accessories|Accessories&Peripherals|Cables&Accessories|Cables|USBCables",209,695,0.7,4.5,107686,"Functionality as described,Working,Great USB in budget,Good,Good,It just works,Works with my Casio ct-x700 well,Still working after 3 months"
"B07X2L5Z8C","Logitech Pebble M350 Wireless Mouse with Bluetooth or USB - Silent, Slim Computer Mouse with Quiet Click for Laptop, Notebook, PC and Mac - Graphite","Computers&Accessories|Accessories&Peripherals|Keyboards,Mice&InputDevices|Mice",1492,2295,0.35,4.6,10652,"Sleek and battery efficient!,It's made for ergonomic and lighter use and a silent one.,Good one.,Great product,Cute, but colour mismatcg,Best for Daily use,Good product,This Pebble mouse is just mesmerising to use"
"B00VA7YYUO","Apsara Platinum Pencils Value Pack - Pack of 20","Home&Kitchen|CraftMaterials|DrawingMaterials|DrawingMedia|Pencils|WoodenPencils",99,99,0,4.3,5036,"Great,Don't but space pencil,Ok,Best pencil,Nice pencil,It is ok,MRP on the box is 95,Best in its class!"
"B07L9FW9GF","Zebronics Zeb-Power Wired USB Mouse, 3-Button, 1200 DPI Optical Sensor, Plug & Play, for Windows/Mac","Computers&Accessories|Accessories&Peripherals|Keyboards,Mice&InputDevices|Mice",149,249,0.4,4,5057,"Good product with less money,At this price ok ok.,Good product,Good mouse at this price range,Good,Good for daily use ke liye,Good,Good"
"B08D64C9FN","Ant Esports GM320 RGB Optical Wired Gaming Mouse | 8 Programmable Buttons | 12800 DPI","Computers&Accessories|Accessories&Peripherals|PCGamingPeripherals|GamingMice",588,2799,0.79,4.2,8537,"It is kinda heavy and i suggest u should use an mouse pad,I'm not a pro gamer but this mouse does the job well,Valuable mouse,Value for Money,Don't buy if you are planning to buy this for FPS Games,Good according to price and specification,Super looking and more featured mouse,Perfect Product"
"B07XJYYH7L","Wecool Nylon Braided Multifunction Fast Charging Cable For Android Smartphone, Ios And Type C Usb Devices, 3 In 1 Charging Cable, 3A, (3 Feet) (Black)","Computers&Accessories|Accessories&Peripherals|Cables&Accessories|Cables|USBCables",330,999,0.67,3.3,9792,"Its slow in charging,Ok product,Looks good, but charges slow,very slow charing.,Poor quality, iPhone part will last for two months only, other two are ok,Charger,Product ok,Slow charging"
"B00LOD70SC","Pilot V7 Liquid Ink Roller Ball Pen (2 Blue + 1 Black)","OfficeProducts|OfficePaperProducts|Paper|Stationery|Pens,Pencils&WritingSupplies|Pens&Refills|RetractableBallpointPens",178,210,0.15,4.3,2450,"It's good,Good,One of the few items on amazon that are original,Awesome!,Nice quality products <U+0001F44D>,Best price,Nice pen,Good pen"
"B09X76VL5L","boAt Airdopes 191G True Wireless Earbuds with ENx™ Tech Equipped Quad Mics, Beast™ Mode(Low Latency- 65ms) for Gaming, 2x6mm Dual Drivers, 30H Playtime, IPX5, IWP™, Appealing Case LEDs(Sport Blue)","Electronics|Headphones,Earbuds&Accessories|Headphones|In-Ear",1605,3490,0.54,3.7,676,"Good for gaming.,Worst earbuds,Not upto Expectation mark,Good enough,Worth it,Not suitable for long use,Ear pain,Sound quality and build quality is good 2022 its a best choise"
"B091JF2TFD","Boult Audio BassBuds Oak in-Ear Wired Earphones with 10mm Extra Bass Driver and HD Sound with mic(Brown)","Electronics|Headphones,Earbuds&Accessories|Headphones|In-Ear",494,1299,0.62,3.9,1173,"Does its job for the price,Not for music but calling,Good product - value for money,Not for Music Lovers, good otherwise,It not working now,Great look and light weight,Good earphones,Average performance"
"B07S7DCJKS","IT2M Designer Mouse Pad for Laptop/Computer (9.2 X 7.6 Inches, 12788)","Computers&Accessories|Accessories&Peripherals|Keyboards,Mice&InputDevices|Keyboard&MiceAccessories|MousePads",200,499,0.6,4.3,9998,"Very nice quality,Good one for office use,Good,Try na cool.,avearage,Nicee,<U+0905><U+091A><U+094D><U+091B><U+093E> <U+0939><U+0948>,ABC"
"B09NC2TY11","Noise ColorFit Ultra Buzz Bluetooth Calling Smart Watch with 1.75"" HD Display, 320x385 px Resolution, 100 Sports Modes, Stock Market Info Smartwatch for Men & Women (Olive Green)","Electronics|WearableTechnology|SmartWatches",2520,5999,0.58,4.1,5852,"Good quality,Bindaas watch,Good,Must buy,The LCD display is much better than shown in images or videos,Love to Noise Brand,Good product battery backup good,Nice one"
"B0BDS8MY8J","Lapster Caddy for ssd and HDD, Optical Bay 2nd Hard Drive Caddy, Caddy 9.5mm for Laptop","Computers&Accessories|Components|InternalHardDrives",200,999,0.8,4.2,362,"<U+0001F31F><U+0001F31F><U+0001F31F><U+0001F31F>,Good product,Nice product,Product quality is good and price is also very good,Easy to install,Nice product at this rate,Not gona regret after buying it,Best caddy in the market"
"B09X7DY7Q4","SanDisk Extreme SD UHS I 64GB Card for 4K Video for DSLR and Mirrorless Cameras 170MB/s Read & 80MB/s Write","Electronics|Accessories|MemoryCards|MicroSD",936,1800,0.48,4.5,205052,"Just gets the job done. Not so fast as it says,Ok ok for value for money,Good product,Good quality at this price range,Good product,Good value for money.,Good product,Similar performance to Ultra series card"
"B08LW31NQ6","Lenovo 600 Bluetooth 5.0 Silent Mouse: Compact, Portable, Dongle-Free Multi-Device connectivity with Microsoft Swift Pair | 3-Level Adjustable DPI up to 2400 | Battery Life: up to 1 yr","Computers&Accessories|Accessories&Peripherals|Keyboards,Mice&InputDevices|Mice",1445,2890,0.5,4.5,4099,"Must have product,silent but not fully.,Good product,great product,Best value for money,Sleek & Smooth,Good buy,Just buy it !!!"
"B09ND94ZRG","Boult Audio Airbass Propods X TWS Bluetooth Truly Wireless in Ear Earbuds with Mic, 32H Playtime, Fast Charging Type-C, Ipx5 Water Resistant, Touch Controls and Voice Assistant (Red)","Electronics|Headphones,Earbuds&Accessories|Headphones|In-Ear",1080,5999,0.82,3.5,12966,"Great at this price range,This propods are overall good .,Avarege but call facility bad,sometimes not working properly,Not worth it,Nice product,Good for music but not for calls,Awesome Quality TWS <U+270C><U+FE0F>"
"B00P93X6EK","Classmate Soft Cover 6 Subject Spiral Binding Notebook, Unruled, 300 Pages","OfficeProducts|OfficePaperProducts|Paper|Stationery|Notebooks,WritingPads&Diaries|WireboundNotebooks",157,160,0.02,4.5,4428,"minimum order quantity should be done away,Worthy,You can buy,300 pages = 150 sheets,Nothing,Awesome product,Nice product,It is a very nice notebook and worth buying and a very unique size(A5)"
"B07KRCW6LZ","TP-Link Nano AC600 USB Wi-Fi Adapter(Archer T2U Nano)- 2.4G/5G Dual Band Wireless Network Adapter for PC Desktop Laptop, Mini Travel Size, Supports Windows 11,10, 8.1, 8, 7, XP/Mac OS 10.9-10.15","Computers&Accessories|NetworkingDevices|NetworkAdapters|WirelessUSBAdapters",991,1599,0.38,4.3,12093,"Dual Bandwidth,It's good,Simple and effective,Easy plug and play,Only 200mbps support,Great Device for Old Laptops,Good device but be careful for a defective one.,Excellent Speeds and Coverage!"
"B0994GP1CX","LS LAPSTER Quality Assured Universal Silicone 15.6"" Keyboard Protector Skin|| Keyboard Dust Cover|| Keyboard Skin for 15.6"" Laptop| 15.6"" Keyguard| (3.93 x 11.81 x 0.39 inches)","Computers&Accessories|Accessories&Peripherals|Keyboards,Mice&InputDevices|Keyboard&MiceAccessories|DustCovers",120,999,0.88,3.3,5692,"Quality,It's not fitting on keyboard,Transparency is not too good,Cost worthy,Just okay,Good quality,Workable,Durability and Quality"
"B07H8W9PB6","KLAM LCD Writing Tablet Screenwriting Toys Board Smart Digital E-Note Pad 8.5 Inch Light Weight Magic Slate for Drawing Playing Noting by Kids and Adults Best Birthday Gift Girls Boys, Multicolor","Computers&Accessories|Accessories&Peripherals|Keyboards,Mice&InputDevices|GraphicTablets",175,499,0.65,4.1,21,"Fine<U+0001F918><U+0001F3FB><U+0001F64F><U+0001F3FB>,Good,Best for kids,Easy clean and use,Nice product,bahut accha,Really liked this product,Erase button not working <U+0001F92C>"
"B09NNHFSSF","CP PLUS 2MP Full HD Smart Wi-fi CCTV Security Camera | 360° with Pan Tilt | Two Way Talk | Cloud Monitor | Motion Detect | Night Vision | Supports SD Card (Up to 128 GB) | Alexa & Ok Google | CP-E21A","Electronics|Cameras&Photography|SecurityCameras|DomeCameras",2021,4700,0.57,3.8,1880,"Great product,Excellent,Good one,Nice product,Its worth money,2 month,Good produot,Awesome"
"B08D9NDZ1Y","HP Deskjet 2331 Colour Printer, Scanner and Copier for Home/Small Office, Compact Size, Reliable, Easy Set-Up Through Smart App On Your Pc Connected Through USB, Ideal for Home.","Computers&Accessories|Printers,Inks&Accessories|Printers",3986,4332.96,0.08,3.5,21762,"Good Product,Average,Average Printer,Package is good,Very poor quality after 1 month used printer printer print only 7-10 print on 1 refile.,Does the job, but it's damn slow. Have to wait for ages,Super,Best product at low price"
"B0085IATT6","D-Link DIR-615 Wi-fi Ethernet-N300 Single_band 300Mbps Router, Mobile App Support, Router | AP | Repeater | Client Modes(Black)","Computers&Accessories|NetworkingDevices|Routers",900,1800,0.5,4.1,22375,"Very good,It does what it's supposed to do,Affordable,Not a original pakage,Good,Less speed,No issues,Not too much good"
"B08WJ86PV2","RPM Euro Games Gaming Mousepad Speed Type Extended Large (Size - 800 mm x 300 mm x 3 mm)","Computers&Accessories|Accessories&Peripherals|Keyboards,Mice&InputDevices|Keyboard&MiceAccessories|MousePads",297,990,0.7,4.5,2453,"Good,The smell....,fair enough looking at reasonable price,Amazing,value for money,For starter,Best as a buyer its pretty reliable,Smooth experience"
"B078HRR1XV","Wacom One by CTL-472/K0-CX Digital Drawing Graphics Pen Tablet (Red & Black) Small (6-inch x 3.5-inch)(15x8cm) | Battery Free Cordless Pen with 2048 Pressure Level","Computers&Accessories|Accessories&Peripherals|Keyboards,Mice&InputDevices|GraphicTablets",3289,4699,0.3,4.4,13544,"Very nice product,Damaged within 4 months,Wacom review,Value for Money,Nice,Recommend,Perfect to draw, sketch and doodle.,Nice product."
"B09P22HXH6","Lenovo 300 FHD Webcam with Full Stereo Dual Built-in mics | FHD 1080P 2.1 Megapixel CMOS Camera |Privacy Shutter | Ultra-Wide 95 Lens | 360 Rotation | Flexible Mount, Plug-n-Play | Cloud Grey","Computers&Accessories|Accessories&Peripherals|Audio&VideoAccessories|Webcams&VoIPEquipment|Webcams",1867,5490,0.66,4.1,10976,"Nice product ..,Lenovo 300 camera,Very nice in the pricecrange and in budget.,Not able to connect with android TV , can you please help me out.,Good for 4 group calling fot have focusing function,Good one..,Amazing,Good product"
"B00LM4X3XE","Parker Quink Ink Bottle (Black)","OfficeProducts|OfficePaperProducts|Paper|Stationery|Pens,Pencils&WritingSupplies|Pens&Refills|BottledInk",90,100,0.1,4.3,3061,"Good,Best Quality product you should go for,Prince Mondal,Very good product,Good quality!,Very dark,It's dark!,Received Black quink in bottle without plastic cover at bottle neck"
"B09YLFHFDW","Sony WI-C100 Wireless Headphones with Customizable Equalizer for Deep Bass & 25 Hrs Battery, DSEE-Upscale, Splash Proof, 360RA, Fast Pair, in-Ear Bluetooth Headset with mic for Phone Calls (Black)","Electronics|Headphones,Earbuds&Accessories|Headphones|In-Ear",1590,2790,0.43,3.6,2272,"A well designed product,Rich Quality Music But Comes with compromise on Features,Grip to the ear need to improve,Good,This is for new mobile with Bluetooth 5.0 v or apple phones - don't purchase for old phones,Good sound quality,Value for money,Good quality and sound but not the best."
"B07YWS9SP9","Zebronics, ZEB-NC3300 USB Powered Laptop Cooling Pad with Dual Fan, Dual USB Port and Blue LED Lights","Computers&Accessories|Accessories&Peripherals|LaptopAccessories|CoolingPads",599,999,0.4,4,7601,"So far so good,Good,Keeps Laptop Super Cool and is worth the price,GOOD,Good product..but fan speed is little slow,No difference in gaming laptop temperatures,Value for money,A good product for day to day work and for regular laptops ."
"B002PD61Y4","D-Link DWA-131 300 Mbps Wireless Nano USB Adapter (Black)","Computers&Accessories|NetworkingDevices|NetworkAdapters|WirelessUSBAdapters",507,1208,0.58,4.1,8131,"good tool to use for,Brand is always good,Overall good and a better experience,It is useful to me.,Works well with cpplus dvr,Good,Its not plug an play u need to install the driver and will support till 2.4 Ghz not above that,Surveillance Camera In My House"
"B08WLY8V9S","Tukzer Gel Mouse Pad Wrist Rest Memory-Foam Ergonomic Mousepad| Cushion Wrist Support & Pain Relief| Suitable for Gaming, Computer, Laptop, Home & Office Non-Slip Rubber Base (Blue)","Computers&Accessories|Accessories&Peripherals|Keyboards,Mice&InputDevices|Keyboard&MiceAccessories|MousePads",423,899,0.53,4.5,4219,"Decent product for the price mentioned,Will recommend for gaming too.,Jakkas mouse pad,Ergonomically designed!,Premium Product !,Great to use,good product,Very comfortable"
"B0873L7J6X","Infinity (JBL Glide 510, 72 Hrs Playtime with Quick Charge, Wireless On Ear Headphone with Mic, Deep Bass, Dual Equalizer, Bluetooth 5.0 with Voice Assistant Support (Black)","Electronics|Headphones,Earbuds&Accessories|Headphones|On-Ear",1480,3999,0.63,4.2,42775,"Far better then expected,Dual Connectivity Not Present,Good One,good,Good product this price,Nice sound,best for bass,good"
"B07YNHCW6N","Robustrion Smart Trifold Hard Back Flip Stand Case Cover for Apple iPad 10.2 Cover iPad 9th Generation Cover 2021 8th Gen 2020 7th Gen 2019 Generation Case - Black","Computers&Accessories|Accessories&Peripherals|TabletAccessories|Bags,Cases&Sleeves|Cases",550,2499,0.78,4.3,5556,"Sleek case,Perfect fit for iPad,Waluable product,Good quality,Go for it!,Its definitely worth it,Am glad I bought this.,Quality is good"
"B07232M876","Amazonbasics Micro Usb Fast Charging Cable For Android Smartphone,Personal Computer,Printer With Gold Plated Connectors (6 Feet, Black)","Computers&Accessories|Accessories&Peripherals|Cables&Accessories|Cables|USBCables",198,395,0.5,4.2,92595,"Using it with my QC 3 Charger .So far- So good.A Quality cable with a sturdy construction & troublefree performance.,Awesome product go for buy it <U+0001F44D>,Execellent,Sturdy micro USB cable for Old phones,Super,Product description says 3 feet it's hardly a foot length wire.,Good,Excellent quality cable"
"B01MQ2A86A","Logitech M331 Silent Plus Wireless Mouse, 2.4GHz with USB Nano Receiver, 1000 DPI Optical Tracking, 3 Buttons, 24 Month Life Battery, PC/Mac/Laptop - Black","Computers&Accessories|Accessories&Peripherals|Keyboards,Mice&InputDevices|Mice",1300,1645,0.21,4.6,12375,"Good but the scroll is now damaged,Nice,Noiseless...,It's a good one,Good.,Satisfied,Simply Superb !,Scroll wheel stopped working in 3 months"
"B00KIE28X0","Camel Artist Acrylic Color Box - 9ml Tubes, 12 Shades","Home&Kitchen|CraftMaterials|PaintingMaterials|Paints",310,310,0,4.5,5882,"Noice,Love these.!,Good,Nice product,Good items,Drawing ke liye Maine mangvaya tha,Nice acrylic paint tubes. Good one,Smooth paste nice product"
"B08BQ947H3","LIRAMARK Webcam Cover Slide, Ultra Thin Laptop Camera Cover Slide Blocker for Computer MacBook Pro iMac PC Tablet (Pack of 3)","Computers&Accessories|Accessories&Peripherals|LaptopAccessories|CameraPrivacyCovers",149,149,0,4.3,10833,"Merges with the device, Ultra Thin, Smooth Sliding,Good for Privacy Concerns,Good product,RESEARCH PROPERLY BEFORE BUYING! NOT SUITABLE FOR MACBOOKS!"
"B0BHYJ8CVF","Portronics Key2 Combo Multimedia USB Wireless Keyboard and Mouse Set with 2.4 GHz Wireless Technology, Soft & Silent Button, Compact Size (Grey)","Computers&Accessories|Accessories&Peripherals|Keyboards,Mice&InputDevices|Keyboard&MouseSets",1154,1499,0.23,4.1,10443,"Affordable product but poor design,Amazing,Just barely serves the purpose of the wireless keyboard and mouse.,If your budget 1K - best of best,Good comfurt,Very useful <U+0001F44D>,very compact easy to carry,It's really good"
"B0BCVJ3PVP","SupCares Laptop Stand 7 Height Adjustable, Aluminium, Ventilated, Foldable, Portable Laptop Holder for Desk & Table Mount Upto 15.6 inch Laptop with Carry Pouch (Silver)","Computers&Accessories|Accessories&Peripherals|LaptopAccessories|Lapdesks",494,1299,0.62,4.5,434,"This is not suitable for 5.6 laptop,Laptop Stand,Very useful and worth product to buy,Nice good quality for laptop use upto 10-14 kg,Very good product at a reasonable price.,I believe that this will help my work better ergonomically.,Good and Comfortable stand,Satisfy"
"B0B2931FCV","ZEBRONICS Zeb-Sound Bomb N1 True Wireless in Ear Earbuds with Mic ENC, Gaming Mode (up to 50ms), up to 18H Playback, BT V5.2, Fidget Case, Voice Assistant, Splash Proof, Type C (Midnight Black)","Electronics|Headphones,Earbuds&Accessories|Headphones|In-Ear",1008,4199,0.76,3.5,1913,"Good price good quality,Good for Music, Bad for calls,Calling experience is bad. Person on other end don't get clear voice,Ok for music,Decent quality !,Good quality and sound average bit expensive,Ok product,Not bad"
"B09TMZ1MF8","Western Digital WD Green SATA 240GB Internal SSD Solid State Drive - SATA 6Gb/s 2.5 inches - WDS240G3G0A","Computers&Accessories|Components|InternalSolidStateDrives",1720,4000,0.57,4.4,3029,"WD not interrupt,good,Lightening fast,Package was good yet working fine. Need to check some more time,SDD for laptop,SSD + WD + attractive price,best product ,I personally recommend use best product.,Affordable price"
"B07VV37FT4","Classmate Octane Neon- 25 Blue Gel Pens | Smooth Writing Pens| Water-proof Ink For Smudge-free Writing| Preferred By Students For Exam & Class Notes| Study At Home Essential","OfficeProducts|OfficePaperProducts|Paper|Stationery|Pens,Pencils&WritingSupplies|Pens&Refills|GelInkRollerballPens",250,250,0,4.2,2628,"Good product,Best gel pens,<U+0001F44D><U+0001F44D><U+0001F44D>,Decent,Feels cheated,Nice product,Good,Only 20 pens"
"B07P681N66","TP-Link AC600 600 Mbps WiFi Wireless Network USB Adapter for Desktop PC with 2.4GHz/5GHz High Gain Dual Band 5dBi Antenna Wi-Fi, Supports Windows 11/10/8.1/8/7/XP, Mac OS 10.15 and earlier (Archer T2U Plus)","Computers&Accessories|NetworkingDevices|NetworkAdapters|WirelessUSBAdapters",1209,2199,0.45,4.4,24780,"Works flawlessly on Ubuntu 22.04 (if installed correctly),Best for kali. Do not read another review.,Nice product,From 0 to 70 …,Good External Wifi Signal Provider,Superb,Awesome and easy to use,Good product"
"B07JB2Y4SR","Classmate Octane Colour Burst-Multicolour Gel Pens (Pack of 10) | Gold & Silver Glitter Sparkle Pens|10 colour ink shades for art lovers and kids|Fun at home essentials","Home&Kitchen|CraftMaterials|DrawingMaterials|DrawingMedia|Pens",90,100,0.1,4.4,10718,"Very good,WORTH TO BUY.,Writes neat but smells bad,Like ok ok,Nice,<U+0001F44D>,Amajin!,One pen is missing. Silver colour pen is missing"
"B08KRMK9LZ","Tukzer Stylus Pen, iPad Pencil with Palm Rejection Tilt Sensor| 2nd Gen for 2018-2022 iPad 6/7/8/9th Gen; iPad 10.2"", Pro 12.9/11"", Mini 6/5th, Air 5/4/3rd, Precise for Writing/Drawing (3 Spare Tips)","Electronics|Mobiles&Accessories|MobileAccessories|StylusPens",2040,5999,0.66,4.2,6233,"Good,Its a good alternative apple pencil,Good,Value for money,Ok,Good performance,perfect fit for AMAZON BASICS (Pencil),Functional for casual use"
"B08LT9BMPP","Logitech G102 USB Light Sync Gaming Mouse with Customizable RGB Lighting, 6 Programmable Buttons, Gaming Grade Sensor, 8K DPI Tracking, 16.8mn Color, Light Weight - Black","Computers&Accessories|Accessories&Peripherals|PCGamingPeripherals|GamingMice",1496,1995,0.25,4.5,10541,"Go for it, but there can be issues!,Amazing mouse but not for gaming.,Comfortable, precise & liggt weight,in 1499/- just perfect,Nice,One of the best mouse you can buy at this price range,Good mouse with bad wire,It’s little big"
"B082T6V3DT","AmazonBasics New Release Nylon USB-A to Lightning Cable Cord, Fast Charging MFi Certified Charger for Apple iPhone, iPad (6-Ft, Rose Gold)","Computers&Accessories|Accessories&Peripherals|Cables&Accessories|Cables|USBCables",798,2100,0.62,4.3,8188,"Good product but costly,It’s really long n sturdy no homo <U+0001F525>,Takes longer to charge than the regular cable,Quality is really good,iPhone X pink charging cable long one <U+261D><U+FE0F>,A good purchase,It charges fine for me,Absolutely fantastic USB<U+0001F44D><U+0001F44D><U+0001F44D>"
"B0814ZY6FP","Zebronics ZEB-VITA Wireless Bluetooth 10W Portable Bar Speaker With Supporting USB, SD Card, AUX, FM, TWS & Call Function","Electronics|HomeAudio|Speakers|BluetoothSpeakers",899,1199,0.25,3.8,10751,"Saunde quality is assumed,Value for money,Charging Point Has Some Problem Like Loose Connection.,Sounds like very good<U+0001F44D>,Sound Quality is good but not louder with 10 w Speaker.,Quality of product is okay..,Good one with less budget,Actually its a good effective speaker"
"B09F3PDDRF","Lapster USB 3.0 sata Cable for 2.5 inch SSD and HDD , USB 3.0 to SATA III Hard Driver Adapter , sata to USB Cable-(Blue)","Computers&Accessories|Accessories&Peripherals|Cables&Accessories|Cables|SATACables",350,999,0.65,3.9,817,"Compatible with laptop SSD,Good to connect say SSD or SATA drives to computer via USB,You get what you pay,Working good,Nice product,Works, But Very Flimsy,Its working fine with old Seagate hard disk,Not Bad!"
"B07X963JNS","URBN 10000 mAh Lithium Power Bank UPR10K with 12 Watt Fast Charging, Blue","Electronics|Mobiles&Accessories|MobileAccessories|Chargers|PowerBanks",900,2499,0.64,4,36384,"Worth the price,It is good,Not Bad,BATTERY LIFE,It melts the smart watch charger,Very good light weight,Achha laga,Can’t be repaired"
"B09LD3116F","Qubo Smart Cam 360 from Hero Group | Made in India | 2MP 1080p Full HD | CCTV Wi-Fi Camera | 360 Degree Coverage| Two Way Talk | Mobile App Connectivity | Night Vision | Cloud & SD Card Recording","Electronics|Cameras&Photography|SecurityCameras|DomeCameras",2474,3990,0.38,4.1,3606,"Excellent CCTV WiFi Camera made in India,Great Camera for keeping an eye on pets...,Working Perfectly,Great product,Decent indoor camera!!,It is a good product in all,Face detection is not so good,Great product"
"B08Y5QJTVK","Duracell CR2025 3V Lithium Coin Battery, 5 pcs, 2025 Coin Button Cell Battery, DL2025","Electronics|GeneralPurposeBatteries&BatteryChargers",116,200,0.42,4.4,357,"Very good,Worth the Buy,Good,manufacturing date is old,Great,Good, but not Great,Genuine product,Cr2025"
"B00LY1FN1K","Camel Fabrica Acrylic Ultra Color - 15ml each, 10 Shades","Home&Kitchen|CraftMaterials|PaintingMaterials|Paints",200,230,0.13,4.4,10170,"Very good product,Good product.,Good quality,Excellent,Good quality,Good,fine,Lovely"
"B07DJ5KYDZ","Lenovo GX20L29764 65W Laptop Adapter/Charger with Power Cord for Select Models of Lenovo (Round pin) (Black)","Computers&Accessories|Accessories&Peripherals|LaptopAccessories|LaptopChargers&PowerSupplies",1258,2796,0.55,4.4,4598,"value for money,Great Product,Best charger,Genuine charger at a low price,Genuine and Good,It's Orginal Lenovo charger.. Should buy it,Same as original,Amazing charger , giving good charging in limited time. It really worth and nice product."
"B009LJ2BXA","Hp Wired On Ear Headphones With Mic With 3.5 Mm Drivers, In-Built Noise Cancelling, Foldable And Adjustable For Laptop/Pc/Office/Home/ 1 Year Warranty (B4B09Pa)","Computers&Accessories|Accessories&Peripherals|Audio&VideoAccessories|PCHeadsets",649,999,0.35,3.5,7222,"Headset,Overall a good product. Sound quality and mic quality is quite satisfactory,An ordinary headphone, though its from HP,hp headphone,Sound quality is good.,It’s okay,It is Good product,Issuebin incomming voice"
"B09BVCVTBC","Redragon K617 Fizz 60% Wired RGB Gaming Keyboard, 61 Keys Compact Mechanical Keyboard w/White and Grey Color Keycaps, Linear Red Switch, Pro Driver/Software Supported","Computers&Accessories|Accessories&Peripherals|PCGamingPeripherals|GamingKeyboards",2659,3499,0.24,4.5,1271,"Best Budget Mechanical Gaming Keyboard Period!,AMAZING KEYBOARD! Premium, Affordable and neat layout.,Pretty good for basics,Value for money,  not very fancy but subtle!,Good keyboard but,My first mechanical keyboard!,Best mechanical keyboard,Modding is So easy!!"
"B0BFWGBX61","Ambrane Unbreakable 3A Fast Charging Braided Type C Cable    1.5 Meter (RCT15, Blue) Supports QC 2.0/3.0 Charging","Computers&Accessories|Accessories&Peripherals|Cables&Accessories|Cables|USBCables",199,349,0.43,4.1,314,"Good product,Strong and powerful,Useful product.,Very nice <U+0001F44C> <U+0001F44D> product,Good <U+0001F44D><U+0001F3FB>,Good,USB,Strong buid , study design , charging speed <U+2639><U+FE0F>"
"B07SY4C3TD","HP GT 53 XL Cartridge Ink","Computers&Accessories|Printers,Inks&Accessories|Inks,Toners&Cartridges|InkjetInkCartridges",593,723,0.18,4.4,3219,"Gets the job done <U+0001F44D><U+0001F44D><U+0001F44D>,Original product,Good,THe ink is not full to the brim,Original cartridges,Nice,Excellent refill ink - original quality,Low quantity"
"B094JB13XL","Noise ColorFit Ultra Smart Watch with 1.75"" HD Display, Aluminium Alloy Body, 60 Sports Modes, Spo2, Lightweight, Stock Market Info, Calls & SMS Reply (Space Blue)","Electronics|WearableTechnology|SmartWatches",2520,5999,0.58,4.1,38879,"Budget friendly watch,Good product at this price range,Ok,Satisfied,Watch <U+231A><U+FE0F> Review,Nice,Display touch was good but screen bazales is too much,Nice watch under 2000"
"B08MTLLSL8","boAt Bassheads 102 Wired in Ear Earphones with Mic (Mint Green)","Electronics|Headphones,Earbuds&Accessories|Headphones|In-Ear",400,1290,0.69,4.2,76042,"Sound and Bass,It's very nice,Good quality earphones,Best <U+0001F44D>,Super,Good,Good quality at that price,Sounds good and looks good"
"B08Y57TPDM","Duracell CR2016 3V Lithium Coin Battery, 5 pcs, 2016 Coin Button Cell Battery, DL2016","Electronics|GeneralPurposeBatteries&BatteryChargers",116,200,0.42,4.3,485,"Good product <U+0001F44C>,5 bati,Charge seems to be very low.,Good batteries.,working fine with my car remote,Original Duracell,Great,SANTOSH PRASAD"
"B09CYTJV3N","MI 360° Home Security Wireless Camera 2K Pro with Bluetooth Gateway BLE 4.2 l Dual Band Wi-fi Connection l 3 Million 1296p| Full Color in Low-Light | AI Human Detection, White","Electronics|Cameras&Photography|SecurityCameras|DomeCameras",4499,5999,0.25,4.3,44696,"Pathetic amazon delivery service,Decent Indoor Security Camera,Camera used by me,Other than initial hiccups, some (Mi Home app) software bugs, it is good for monitoring!,Works well,Nice camera but motion censor doesn't work,Good,Not up to mark"
"B07GLNJC25","ZEBRONICS Zeb-100HB 4 Ports USB Hub for Laptop, PC Computers, Plug & Play, Backward Compatible - Black","Computers&Accessories|Accessories&Peripherals|USBHubs",329,499,0.34,3.7,8566,"Good,Quality and compatibility are justified the price,Okay product,Zeb 100 4ports,Not used at all,Value for money,Good,Worth full"
"B08FY4FG5X","Boult Audio Bass Buds Q2 Lightweight Stereo Wired Over Ear Headphones Set with Mic with Deep Bass, Comfortable Ear Cushions, & Long Cord (Black)","Electronics|Headphones,Earbuds&Accessories|Headphones|Over-Ear",650,2499,0.74,3.9,13049,"Waste of money,Best in this price range,Detailed Review & Pros and Cons !!!,badhiya,Best Wired Headphones For Watching Movies And Online Classes,Very noise,Average quality,Nice experience in this headphone"
"B07TMCXRFV","ESR Screen Protector Compatible with iPad Pro 11 Inch (2022/2021/2020/2018) and iPad Air 5/4 (2022/2020, 10.9 Inch), Tempered-Glass Film with Alignment Frame, Scratch Resistant, HD Clarity, 2 Pack","Computers&Accessories|Accessories&Peripherals|TabletAccessories|ScreenProtectors",1231,1599,0.23,4.5,16680,"Good product, set quickly on screen.,Go for it,Quality is Awesome,Seems okay,Good product,fingerprint magnet, great value for money though,Good,Simple to install and you get 2 of them, making it affordable price"
"B01FSYQ2A4","boAt Rockerz 400 Bluetooth On Ear Headphones With Mic With Upto 8 Hours Playback & Soft Padded Ear Cushions(Grey/Green)","Electronics|Headphones,Earbuds&Accessories|Headphones|On-Ear",1405,2990,0.53,4.1,97174,"Worth Every Square Inch.,VFM, Plastic build. Must buy,3 years of extensive usage , delivered the perfomance to its price,Still working after 2 years,Low in price but sound was high,Super head phone under 1300 rs,Wow nice this headphone Just like fall in love<U+0001F970> ye kuchh jyada hi ho gya<U+0001F61C>,Good quality"
"B00LZPQVMK","Parker Vector Standard Chrome Trim Ball Pen (Ink - Black)","OfficeProducts|OfficePaperProducts|Paper|Stationery|Pens,Pencils&WritingSupplies|Pens&Refills|StickBallpointPens",272,320,0.15,4,3686,"Ok,Like all other ball pens,Regular pen over priced,Nice,It is fine.,Awful blue ink,Nice and my Favorite Pen,Reasonable price"
"B08X77LM8C","Silicone Rubber Earbuds Tips, Eartips, Earpads, Earplugs, for Replacement in Earphones and Bluetooth Medium Size (10 Pcs Black)","Electronics|Headphones,Earbuds&Accessories|Earpads",100,999,0.9,3.8,594,"If this is M what is S,Only Better for neckband, earphones not for TWSs!,Nice value for money,Snug fit for Oppo Enco M31,Restored my old Jabra Headset with this new caps,Does what's intended,Gets The Job Done!!,Value for money."
"B01EJ5MM5M","Canon PIXMA MG2577s All-in-One Inkjet Colour Printer with 1 Additional Colour Cartridge","Computers&Accessories|Printers,Inks&Accessories|Printers|InkjetPrinters",3488,3875,0.1,3.4,12185,"not sure if this is a new product or a used one that was delivered to me,Good product,Ink issue,Overall good product , need to wait and watch on the ink consumption rate,Very Nice <U+0001F642><U+0001F44D>,Good,Printer is good, but inkjets become dry too fast,Good product"
"B07Z1Z77ZZ","AirCase Protective Laptop Bag Sleeve fits Upto 14.1"" Laptop/ MacBook, Wrinkle Free, Padded, Waterproof Light Neoprene case Cover Pouch, for Men & Women, Black- 6 Months Warranty","Computers&Accessories|Accessories&Peripherals|LaptopAccessories|Bags&Sleeves|LaptopSleeves&Slipcases",450,999,0.55,4.3,9701,"Quality is too good,My laptop feels protected <U+0001F923>,Quality is Good but should cheaper as per matirial,Nice color and material, confirm the fit you want,Good product,AWESOME PRODUCT AT 2H,Warning - This sleeve is NOT WATERPROOF!!,Good choice under 400"
"B00DJ5N9VK","Faber-Castell Connector Pen Set - Pack of 25 (Assorted)","Toys&Games|Arts&Crafts|Drawing&PaintingSupplies|ColouringPens&Markers",150,150,0,4.3,15867,"As this was my 2nd order for same product.2nd time jo product aaya uski packing bahut hi kharab thi.,Looks cool and variety of colors.,Good product,very colourfull,Budget friendly,Good one,The are easy to use and are comfortable,Good buy during sale"
"B0B4DT8MKT","Wecool Unbreakable 3 in 1 Charging Cable with 3A Speed, Fast Charging Multi Purpose Cable 1.25 Mtr Long, Type C cable, Micro Usb Cable and Cable for iPhone, White","Computers&Accessories|Accessories&Peripherals|Cables&Accessories|Cables|USBCables",345,1499,0.77,4.2,656,"Nice,Awesome,Quick not charger<U+0001F90F>,Expensive at this price,Multiple mobile can’t be charged at a time,THIS IS FAST CHARGING ON BOTH MY SAMSUNG PHONES AND IPHONE TOO. Go for it !!,Excellent quality!,CHARGING CABLE"
"B08FGNPQ9X","Zinq UPS for Router, Mini UPS for 12V WiFi Router Broadband Modem with Upto 4 Hours Power Backup, Upto 2Amp, Works with Existing Adapter, Also Works with Set-top Box, Smart Camera, CCTV (Black)","Computers&Accessories|NetworkingDevices|Routers",1200,2999,0.6,4.1,10725,"not perfect,Impressed,1 Major Problem,Good one.,Value for money product for short power cutoffs,Good products,Review,Great choice if you want a wi-fi UPS with good battery backup"
"B07NTKGW45","SaleOn™ Portable Storage Organizer Bag for Earphone USB Cable Power Bank Mobile Charger Digital Gadget Hard Disk, Water Resistance Material - Dark Grey","Computers&Accessories|Accessories&Peripherals|HardDiskBags",396,899,0.56,4,3025,"Good at this price,Good product to organize your things,HOLDING CAPACITY,Not a lot of volume inside. Only for cables and tiny objects,Pretty good product for the price (under <U+20B9>500),It does it's job , worth the buy at this price,It served my purpose,Quality is not good"
"B08CDKQ8T6","Portronics Konnect L 1.2Mtr, Fast Charging 3A Micro USB Cable with Charge & Sync Function (Grey)","Computers&Accessories|Accessories&Peripherals|Cables&Accessories|Cables|USBCables",154,349,0.56,4.3,7064,"It's working,It's gud <U+0001F633>,Cable quality is good.,Durable and Works Well,Good data cable same as shown in pic,Portronics knonnect L 1.2 mtr Micro USB cable,Ok,Great quality"
"B08J4PL1Z3","RPM Euro Games Laptop/PC Controller Wired for Windows - 7, 8, 8.1, 10 and XP, Ps3(Upgraded with XYAB Buttons)","Computers&Accessories|Accessories&Peripherals|PCGamingPeripherals|Gamepads",700,1490,0.53,4,5736,"Overall it's good. But some keys are hard to press,Good product in this price range,The start button of the controller and select button became defective and stopped working,Decent,Good,Just what I needed!,Great but.,Best controller under 1000"
"B07XJWTYM2","realme Buds Wireless in Ear Bluetooth Earphones with mic, 11.2mm Bass Boost Driver, Magnetic Fast Pair, Fast Charging and 12 Hrs Playtime (Yellow)","Electronics|Headphones,Earbuds&Accessories|Headphones|In-Ear",1679,1999,0.16,4.1,72563,"Original review <U+0001F44D>realme buds<U+0001F3A7>,Please Read The Whole Review For All the Details & Decide Yourself...,Good,Ful HIGHHHHHHHHHHHHHHHH BASE,Amazing,Good"
"B09939XJX8","TVARA LCD Writing Tablet, 8.5"" Inch Colorful Toddler Doodle Board Drawing Tablet, Erasable Reusable Electronic Drawing Pads, Educational and Learning Tool for 3-6 Years Old Boy and Girls Mix Colors","Computers&Accessories|Accessories&Peripherals|Keyboards,Mice&InputDevices|GraphicTablets",360,1500,0.76,4,1026,"A good buy!,Good item fun to play , Brightness is good if used in proper light,very useful,Average,Good product at this price <U+0001F44C>,Nice,Good quality product,Very good product"
"B09MDCZJXS","Wings Phantom Pro Earphones Gaming Earbuds with LED Battery Indicator, 50ms Low Latency, Bluetooth 5.3, 40 Hours Playtime, MEMs Mic, IPX4 Resist, 12mm Driver, 500mah case, Headphones, (Black TWS)","Computers&Accessories|Accessories&Peripherals|PCGamingPeripherals|Headsets",1210,5499,0.78,3.8,2043,"U should really go for it if are using for gaming or songs but for calls it not that good,Best in the range,ENC missing.,Vry Vry nice. ..<U+0001F44D>,Nice product. It is very nice product in this price range <U+0001F60A>. I like it:),Battery backup is too good sounds quality is Very deep base,Best at this range,No review"
"B08CTQP51L","Robustrion [Anti-Scratch] & [Smudge Proof] [S Pen Compatible] Premium Tempered Glass Screen Protector for Samsung Tab S6 Lite 10.4 inch SM-P610/615 [Bubble Free]","Computers&Accessories|Accessories&Peripherals|TabletAccessories|ScreenProtectors",375,1499,0.75,4.2,4149,"Fantastic,Spen works, will protect the screen.,Good,Not smudge proof at all!! But apart from that it's good.,Smooth surface, good protection, easy application.,Good,Goodbye for the tablet but not for the s pen stylus.,1 year of use"
"B0BG62HMDJ","Cablet 2.5 Inch SATA USB 3.0 HDD/SSD Portable External Enclosure for 7mm and 9.5mm, Tool-Free Design, Supports UASP Max 6TB","Computers&Accessories|ExternalDevices&DataStorage|ExternalHardDisks",496,775,0.36,4.3,74,"awesome,Good product,Product reviews ...,Best in budget,Very good according to price,Nice product data transmission  rate is 80 to 85MB/s,Works well. East to install HDD in this. Will recommend,Very nice product and easy install & use"
"B08SBH499M","ZEBRONICS Zeb-Warrior II 10 watts 2.0 Multimedia Speaker with RGB Lights, USB Powered, AUX Input, Volume Control Pod for PC, Laptops, Desktop","Computers&Accessories|Accessories&Peripherals|Audio&VideoAccessories|PCSpeakers",650,1300,0.5,4.1,5195,"A beautiful experience in your budget. The volume controller was new for me but it works as a charm.,USB speakers,Nice for the price,Worth the money,Good product,No disable light feature,Please improve sound quality and more,Better at Price"
"B08FYB5HHK","TP-Link UE300C USB Type-C to RJ45 Gigabit Ethernet Network Adapter/RJ45 LAN Wired Adapter for Ultrabook, Chromebook, Laptop, Desktop, Plug & Play, USB 3.0, Foldable and Portable Design","Computers&Accessories|NetworkingDevices|NetworkAdapters|PowerLANAdapters",1199,1999,0.4,4.5,22420,"Easy to use,Working fine - but errors while using USB and Ethernet adapter together.,Speed is just awesome go for it,Best price to buy,Awesome product,Overall good,Drains battery if you use on smartphones,Excellent product but it has 1 major and 1 minor inconvenience"
"B0994GFWBH","Lapster 1.5 mtr USB 2.0 Type A Male to USB A Male Cable for computer and laptop","Computers&Accessories|Accessories&Peripherals|Cables&Accessories|Cables|USBCables",140,999,0.86,4,1313,"A well-priced product.,Lenthy cord.,Product is working as expected.,Lengthy cable, works for car dashcam,Product is okay but they give 50rs for giving 5 stars.,Misleading length (1.2m), rest fine,Good Product,Good"
"B0B5GJRTHB","Wecool Moonwalk M1 ENC True Wireless in Ear Earbuds with Mic, Titanium Drivers for Rich Bass Experience, 40+ Hours Play Time, Type C Fast Charging, Low Latency, BT 5.3, IPX5, Deep Bass (Black)","Electronics|Headphones,Earbuds&Accessories|Headphones|In-Ear",880,1999,0.56,4.2,2284,"Great Customer care experience..!!,Best in budget earbuds with some quality,Extremely high value for money,Worth for money and great listening experience.,Battery backup,A valuable product,So so,Great buy!"
"B09GBBJV72","HP 330 Wireless Black Keyboard and Mouse Set with Numeric Keypad, 2.4GHz Wireless Connection and 1600 DPI, USB Receiver, LED Indicators , Black(2V9E6AA)","Computers&Accessories|Accessories&Peripherals|Keyboards,Mice&InputDevices|Keyboard&MouseSets",1407,2199,0.36,3.9,427,"Good,Excellent quality but mouse is small for my average hand,Very good product,Good combo,Not bad,Okay for this price range,Easy to connect, good looking, value for money, easy to type and click,Good"
"B07P434WJY","RC PRINT GI 790 Ink Refill for Canon G1000, G1010, G1100, G2000, G2002, G2010, G2012, G2100, G3000, G3010, G3012, G3100, G4000, G4010","Computers&Accessories|Printers,Inks&Accessories|Inks,Toners&Cartridges|InkjetInkRefills&Kits",540,1999,0.73,4.3,1367,"Value for money,Ink,Great,Best in the Market,Value for money,It's Awesome,Very good ink as expected <U+0001F60A>,Very good product"
"B07T9FV9YP","Redgear Cloak Wired RGB Wired Over Ear Gaming Headphones with Mic for PC","Computers&Accessories|Accessories&Peripherals|PCGamingPeripherals|Headsets",756,1799,0.58,4,13199,"Worthful if offered under 800 INR,Good budget headphone,Excellent headset,Value for money,Not satisfied,The Economical HeadSet,Good Product in Low price,Overall good but not upto the mark"
"B01GGKZ0V6","AmazonBasics USB Type-C to USB Type-C 2.0 Cable - 3 Feet Laptop (0.9 Meters) - White","Computers&Accessories|Accessories&Peripherals|Cables&Accessories|Cables|USBCables",330,845,0.61,4.2,29746,"Its ok product not too good not bad,Cheap and best,Performance,Works well,Not working with Fast Charger,This Type-C cable is awesome<U+0001F60D>.,Does not support display,Good"
"B08WKFSN84","Wayona Type C To Type C 65W/3.25A Nylon Braided Fast Charging Cable Compatible For Laptop, Macbook, Samsung Galaxy M33 M53 M51 S20 Ultra, A71, A53, A51, Ipad Pro 2018 (1M, Grey)","Computers&Accessories|Accessories&Peripherals|Cables&Accessories|Cables|USBCables",374,1099,0.66,4.3,2806,"Good material, fast charging,Costly but good product,Support type c super fast charging,Good quality,Sturdy cable & has decent charging capabilities.,Good buy.,Gud product.,Very good product"
"B09TBCVJS3","Amazfit GTS2 Mini (New Version) Smart Watch with Always-on AMOLED Display, Alexa Built-in, SpO2, 14 Days' Battery Life, 68 Sports Modes, GPS, HR, Sleep & Stress Monitoring (Meteor Black)","Electronics|WearableTechnology|SmartWatches",5999,7999,0.25,4.2,30355,"Not a disappointment, but can be better,IT IS NOT A BAD IDEA TO SPEND YOUR MONEY ON THIS SMART WATCH,Nice quality,Display is awsome,Sleep tracking"
"B08TR61BVK","Tabelito® Polyester Foam, Nylon Hybrid laptopss Bag Sleeve Case Cover Pouch for laptopss Apple/Dell/Lenovo/ Asus/ Hp/Samsung/Mi/MacBook/Ultrabook/Thinkpad/Ideapad/Surfacepro (15.6 inches /39.6cm, Blue) laptopsss","Computers&Accessories|Accessories&Peripherals|LaptopAccessories|Bags&Sleeves|LaptopSleeves&Slipcases",300,1499,0.8,4.2,2868,"Ha,Good product,Expensive,Good for price,This is a nice product !!,best quality,Laptop Cover bag,Unbelievable product in this Price Range"
"B0B2CPVXHX","Robustrion Anti-Scratch & Smudge Proof Tempered Glass Screen Protector for Xiaomi Mi Pad 5 11 inch","Computers&Accessories|Accessories&Peripherals|TabletAccessories|ScreenProtectors",375,1499,0.75,4.1,670,"Loved it.,Not smudge proof,Nice,Good purchase.,Good screen protector for MI 5 Tab.,glass,Ok for its price but the fitting is just perfect,Poor product and poor resolution to complaint"
"B08XNL93PL","Portronics Ruffpad 15 Re-Writable LCD Screen 38.1cm (15-inch) Writing Pad for Drawing, Playing, Handwriting Gifts for Kids & Adults (Grey)","OfficeProducts|OfficePaperProducts|Paper|Stationery|Notebooks,WritingPads&Diaries",1410,2999,0.53,4.3,3530,"Helpful product for students,Nice Product,Very good to write and erased,quite bright but have an excessive thick pointer which makes screen to fill up quick,Good product, struggling with erase button,it takes pressure also,Value for money,Its validity"
"B088GXTJM3","DIGITEK® (DLS-9FT) Lightweight & Portable Aluminum Alloy Light Stand for Ring Light, Reflector, Flash Units, Diffuser, Portrait, Softbox, Studio Lighting & More Ideal for Outdoor & Indoor Shoots","Electronics|Cameras&Photography|Accessories|PhotoStudio&Lighting|PhotoBackgroundAccessories|BackgroundSupports",701,1299,0.46,4.3,6183,"Good,Good stand in this price,Stability,Product is good quality but it has scratchs on it.,Strong durability,nice product,Fantastic,Best light stand"
"B099S26HWG","Classmate Pulse 1 Subject Notebook - 240mm x 180mm , Soft Cover, 180 Pages, Single Line, Pack of 4","OfficeProducts|OfficePaperProducts|Paper|Stationery|Notebooks,WritingPads&Diaries|CompositionNotebooks",300,300,0,4.2,419,"Pages size is small but good quality,Okay,Quality,Best,Classmate pulse,Best paper,Good,I loved it..."
"B08461VC1Z","Scarters Mouse Pad, Desk Mat Extended for Work from Home/Office/Gaming | Vegan PU Leather | Anti-Skid, Anti-Slip, Reversible Splash-Proof – Deskspread ~ Navy Blue & Yellow","Computers&Accessories|Accessories&Peripherals|Keyboards,Mice&InputDevices|Keyboard&MiceAccessories|MousePads",998,1995,0.5,4.5,7317,"Nice looking and good finish deskmat,Premium product compared to other desk mats,Nice deal! Go for it,Good desk mat,Feels good,Best mat,Worth every penny,pretty good"
"B00K32PEW4","Casio MJ-120D 150 Steps Check and Correct Desktop Calculator with Tax Keys, Black","OfficeProducts|OfficeElectronics|Calculators|Financial&Business",535,535,0,4.4,4426,"Utilitarian,Excellent product,Good features,Good product with reasonable price,Super,Nice one,Average product,Value for money"
"B07LFWP97N","Gizga Essentials Laptop Bag Sleeve Case Cover Pouch with Handle for 14.1 Inch Laptop for Men & Women, Padded Laptop Compartment, Premium Zipper Closure, Water Repellent Nylon Fabric, Grey","Computers&Accessories|Accessories&Peripherals|LaptopAccessories|Bags&Sleeves|LaptopSleeves&Slipcases",264,1099,0.76,4.1,1092,"Nice product,Not bad,good sleev,Very Good Product At Rs 290,Good purchase,Ok,Good product,Good"
"B0746N6WML","Parker Vector Camouflage Gift Set - Roller Ball Pen & Parker Logo Keychain (Black Body, Blue Ink), 2 Piece Set","OfficeProducts|OfficePaperProducts|Paper|Stationery|Pens,Pencils&WritingSupplies|Pens&Refills|StickBallpointPens",342,450,0.24,4.3,2493,"Good,Made for special ones,Good Product,Awesome,Gift given in birthday and other,Good,good,Pen is Best Gift for Everyone."
"B07W9KYT62","TP-Link AC1200 Archer A6 Smart WiFi, 5GHz Gigabit Dual Band MU-MIMO Wireless Internet Router, Long Range Coverage by 4 Antennas, Qualcomm Chipset","Computers&Accessories|NetworkingDevices|Routers",2479,3999,0.38,4.4,12679,"<U+0001F44E>Disappointed <U+0001F44E>Review after 1 year 3 months of usage,Good product and received latest V4,Good Budget Gigabit Router with Beamforming and multiple options in firmware,Range is issue for 5g every where,Value For Money,Go for it,Super <U+0001F44D>,Signal, support, install"
"B0B5ZF3NRK","CEDO 65W OnePlus Dash Warp Charge Cable, USB A to Type C Data Sync Fast Charging Cable Compatible with One Plus 3 /3T /5 /5T /6 /6T /7 /7T /7 pro & for All Type C Devices - 1 Meter, Red","Computers&Accessories|Accessories&Peripherals|Cables&Accessories|Cables|USBCables",347,599,0.42,4.1,210,"Good.,Good product,Ultimate product,Good Product,Not that good. But ok for the price.,Fast cable,Fast charging <U+0001F44D>,Best Alternative to Original Cable"
"B08D9MNH4B","HP Deskjet 2723 AIO Printer, Copy, Scan, WiFi, Bluetooth, USB, Simple Setup Smart App, Ideal for Home.","Computers&Accessories|Printers,Inks&Accessories|Printers",5884,7005,0.16,3.6,4199,"Worth it for the price,Ink goes very fast,Best print Quality.,Not everything looks right.,It's nice,Good one,Good for home printing and school assigmntsnment,After every 100 copy cartridge has to be replaced"
"B078G6ZF5Z","Oraimo 18W USB & Type-C Dual Output Super Fast Charger Wall Adapter PE2.0&Quick Charge 3.0 & Power Delivery 3.0 Compatible for iPhone 13/13 Mini/13 Pro Max/12/12 Pro Max, iPad Mini/Pro, Pixel, Galaxy, Airpods Pro","Electronics|Mobiles&Accessories|MobileAccessories|Chargers|WallChargers",695,1199,0.42,4,14403,"Good,NICE <U+0001F44D> IN VALUE.PARACASED ON TWO OLY,Working fine,Good product,Good one,Good one,Very good product,Decent product, worth every penny"
"B09MKG4ZCM","Xiaomi Mi 4A Dual_Band Ethernet 1200Mbps Speed Router| 2.4GHz & 5GHz Frequency|128MB RAM | DualCore 4 Thread CPU|4 Omni Directional Antenna|Mi Wi-Fi app-Parental Control & Anti Hacking|Repeater, White","Computers&Accessories|NetworkingDevices|Routers",1559,2999,0.48,4,11113,"Awesome,Good,Product is good but Amazon packaging was worst .,Good,Fufills my need,Good,Nies,Cheap and best WiFi 5 gigabit router"
"B07RZZ1QSW","SLOVIC® Tripod Mount Adapter| Tripod Mobile Holder|Tripod Phone Mount(Made in India)| Smartphone Clip Clipper 360 Degree for Taking Magic Video Shots & Pictures.","Electronics|Cameras&Photography|Accessories|Tripods&Monopods|Tabletop&TravelTripods",328,799,0.59,4.4,10773,"Good product! But price is high,It's good but not bad.,Just Go For it,,It was good and strong and easy to use,RELIABLE, STRONG DESIGN,10/10,Good,It does the job. Better than the one we get with the tripod."
"B08BCKN299","Sounce Gold Plated 3.5 mm Headphone Splitter for Computer 2 Male to 1 Female 3.5mm Headphone Mic Audio Y Splitter Cable Smartphone Headset to PC Adapter – (Black,20cm)","Electronics|Headphones,Earbuds&Accessories|Adapters",120,999,0.88,3.9,6491,"Recommended !,Good product,Please wire quality improve karo,Value for money product.,Amazing Performance & Great Quality,A lot of noise when mic is plugged in.,Great product,Good"
"B07222HQKP","Orico 2.5""(6.3cm) USB 3.0 HDD Enclosure Case Cover for SATA SSD HDD | SATA SSD HDD Enclosure High Speed USB 3.0 | Tool Free Installation | Black","Computers&Accessories|ExternalDevices&DataStorage|ExternalHardDisks",659,999,0.34,4.3,13944,"Grand price good product,Good quality, but not the best,Very good product.,Easy assembly, Easy Installation, PLUG N PLAY.,Good case with less sturdy body,An awesome product!,Good Product, My doubt is with the sturdiness,Great product"
"B00NFD0ETQ","Logitech G402 Hyperion Fury USB Wired Gaming Mouse, 4,000 DPI, Lightweight, 8 Programmable Buttons, Compatible for PC/Mac - Black","Computers&Accessories|Accessories&Peripherals|PCGamingPeripherals|GamingMice",1998,2895,0.31,4.6,10760,"very nice design and long lasting,Good mouse,Long time user. This mouse is built like a tank,GAMING MASTERPIECE? *REVIEW AFTER 1 WEEK*,Amazing mouse, bad cable,Too Heavy for anything,Best gaming mouse on a budget,Amazing Mouse"
"B075DB1F13","Panasonic Eneloop BQ-CC55N Advanced, Smart and Quick Charger for AA & AAA Rechargeable Batteries, White","Electronics|GeneralPurposeBatteries&BatteryChargers",1500,1500,0,4.4,25996,"Good rechargeable battery,Seems to be good,Nice,Build quality,Good,Met expectations,Good,Good charger"
"B0148NPH9I","Logitech K380 Wireless Multi-Device Keyboard for Windows, Apple iOS, Apple TV Android or Chrome, Bluetooth, Compact Space-Saving Design, PC/Mac/Laptop/Smartphone/Tablet (Dark Grey)","Computers&Accessories|Accessories&Peripherals|Keyboards,Mice&InputDevices|Keyboards",2652,3195,0.17,4.5,16146,"Convenience product,K380 & M350 Lavender,Excellent keybaord,Very handy andneasy to use .. the quality is as expected from logitech,Cool keyboard,Not worth the hype, but manageable,A Robust, High-Quality, Ergonomic Keyboard.,The best Keyboard for a Mac Environment"
"B01JOFKL0A","Canon PIXMA E477 All-in-One Wireless Ink Efficient Colour Printer (White/Blue)","Computers&Accessories|Printers,Inks&Accessories|Printers",5275,6355,0.17,3.9,8280,"Good printer but challenging setup,Use friendly,Printer is good for home usage,Good,Its a nice product,Canon PIXMA E477 All-in-One Wireless Ink Efficient Colour Printer (White/Blue),Photos ar not clear,Perfect printer for home purpose"
"B09Q8HMKZX","Portronics Konnect L 20W PD Quick Charge Type-C to 8-Pin USB Mobile Charging Cable, 1.2M, Tangle Resistant, Fast Data Sync(Grey)","Computers&Accessories|Accessories&Peripherals|Cables&Accessories|Cables|USBCables",266,699,0.62,4.1,450,"Iphone User,Overall good,Perfect price, perfect fit,Good,Worth,Perfect replacement for Apple cable,At this price it's a steal.,Good cable with decent price"
"B079S811J3","Redgear Cosmo 7,1 Usb Gaming Wired Over Ear Headphones With Mic With Virtual Surround Sound,50Mm Driver, Rgb Leds & Remote Control(Black)","Computers&Accessories|Accessories&Peripherals|PCGamingPeripherals|Headsets",1979,2999,0.34,4.3,14237,"product one time replace worthy product i got,Great,Works decently. Does have some issues,Best In Budget,Heavy and a bit easy to heat up.,No compromise,Super in low budget,Paisa Vasool product as per budget."
"B0083T231O","Belkin Essential Series 4-Socket Surge Protector Universal Socket with 5ft Heavy Duty Cable (Grey)","Electronics|PowerAccessories|SurgeProtectors",1289,1499,0.14,4.5,20668,"Good product with bad resellers,Works great,Best in Class.,Best quality surge protector,Sturdy and Safe Surge Protector!,Good,Perfect product.,Best quality"
"B086PXQ2R4","Classmate Long Book - Unruled, 160 Pages, 314 mm x 194 mm - Pack Of 3","OfficeProducts|OfficePaperProducts|Paper|Stationery|Notebooks,WritingPads&Diaries|CompositionNotebooks",165,165,0,4.5,1674,"Pretty good,I m happy <U+0001F60A>got 3 at 121rs.,Product is good, packaging is worst,Ok,Great product,Smooth pages.,Value for Money,Good"
"B07L1N3TJX","Artis AR-45W-MG2 45 Watts MG2 Laptop Adapter/Charger Compatible with MB Air 13” & MB Air 11” (14.5 V, 3.1 A) Connector: MG2 (T Tip Connector)","Computers&Accessories|Accessories&Peripherals|LaptopAccessories|LaptopChargers&PowerSupplies",1715,3499,0.51,3.6,7689,"Excellent product. vlue for money,Decent product,<U+092F><U+0939> <U+0905><U+091A><U+094D><U+091B><U+093E> <U+092A><U+094D><U+0930><U+094B><U+0921><U+0915><U+094D><U+091F> <U+0939><U+0948> <U+0964><U+092A><U+0948><U+0938><U+093E> <U+0935><U+0938><U+0942><U+0932>,It’s good product,it does the job,Works for a year, then stops.,Good product,So far so good"
"B07YFWVRCM","Imou 360° 1080P Full HD Security Camera, Human Detection, Motion Tracking, 2-Way Audio, Night Vision, Dome Camera with WiFi & Ethernet Connection, Alexa Google Assistant, Up to 256GB SD Card Support","Electronics|Cameras&Photography|SecurityCameras|DomeCameras",2325,7500,0.69,4.1,5554,"It's a good product but it could have been better,OK ok,nice choice,Imou Ranger 2 WFi Camera,Very good,Two side communications are appreciated. Mobile app quite complicated to understand and control cam,Ordered grey , received white colour camera,Nice"
"B01GGKYKQM","Amazon Basics USB Type-C to USB-A 2.0 Male Fast Charging Cable for Laptop - 3 Feet (0.9 Meters), Black","Computers&Accessories|Accessories&Peripherals|Cables&Accessories|Cables|USBCables",217,700,0.69,4.3,20053,"You can trust on this one,The best usb cable,Wel build just like original .,Nice!!,Working perfectly,Basic,Good,No issues"
"B08TDJ5BVF","E-COSMOS 5V 1.2W Portable Flexible USB LED Light (Colours May Vary, Small, EC-POF1)","Computers&Accessories|Accessories&Peripherals|USBGadgets|Lamps",39,39,0,3.8,3344,"Lighting,TINY & USEFUL.,Fair product,Worth for money, but for my case usb pin got broken after 1 month usage,Good,Small but Handy,Good product,Worth buying"
"B083T5G5PM","Sennheiser CX 80S in-Ear Wired Headphones with in-line One-Button Smart Remote with Microphone Black","Electronics|Headphones,Earbuds&Accessories|Headphones|In-Ear",1492,1990,0.25,4.1,98250,"A Quality Sound-Signature but leaves craving for a decent bass.Quite fragile too.Compared with Senn.HD 202 II & Sony MDR XB50AP.,boAt 225 vs JBL CS100 vs Sennheisers cx180 | DETAILED Comparison after 1 YEAR of USE."
"B0BHVPTM2C","HB Plus Folding Height Adjustable Aluminum Foldable Portable Adjustment Desktop Laptop Holder Riser Stand","Computers&Accessories|Accessories&Peripherals|LaptopAccessories|Lapdesks",390,1949,0.8,4,75,"Good product but one-leg-rubber missing,Stong and sturdy,Good,Height Adjustable,Superb,Value for money,fabulous,A valuable purchase, good one"
"B0B86CDHL1","oraimo 65W Type C to C Fast Charging Cable USB C to USB C Cable High Speed Syncing, Nylon Braided 1M length with LED Indicator Compatible For Laptop, Macbook, Samsung Galaxy S22 S20 S10 S20Fe S21 S21 Ultra A70 A51 A71 A50S M31 M51 M31S M53 5G","Computers&Accessories|Accessories&Peripherals|Cables&Accessories|Cables|USBCables",351,899,0.61,4.5,149,"It worked well for some days later it is not working , I want it to replace.,Extremely fine,Superb product,This is very decent, quality is super good!,Good,Awesome Product Quantity & Value For Money,Go for it..,Be(a)st in the market."
"B01NBX5RSB","HP 65W AC Laptops Charger Adapter 4.5mm for HP Pavilion Black (Without Power Cable)","Computers&Accessories|Accessories&Peripherals|LaptopAccessories|LaptopChargers&PowerSupplies",774,1547,0.5,4.3,2585,"Decent product.,Good,Good quality,It is original hp 65w chrger,Right product,100% authentic,Good Quality,Decent"
"B08MWJTST6","Tukzer Fully Foldable Tabletop Desktop Tablet Mobile Stand Holder - Angle & Height Adjustable for Desk, Cradle, Dock, Compatible with Smartphones & Tablets (White)","Electronics|Mobiles&Accessories|MobileAccessories|Stands",273,1299,0.79,4,5072,"Good product,Good,Decent product,Good stand as per the price,Good ,not great,Not so good, not so bad,No provision to tight top up-down part. It gots loose in 3-4 days and leaning downward.,good product"
"B07R99NBVB","Gizga Essentials Cable Organiser, Cord Management System for PC, TV, Home Theater, Speaker & Cables, Reusable Cable Organizer for Desk, WFH Accessories, Organizer Tape Roll, Reusable Cable Ties Strap","HomeImprovement|Electrical|CordManagement",252,599,0.58,4.5,5985,"Very useful product to organize cable,Great, but a piece missing,Must Have for WFH Setup,Value,Exactly what I expected,Great product with a neat finish,Love it . Little Expensive but can't complain,Very useful product"
"B08R69VDHT","Pinnaclz Original Combo of 2 Micro USB Fast Charging Cable, USB Charging Cable for Data Transfer Perfect for Android Smart Phones White 1.2 Meter Made in India (Pack of 2)","Computers&Accessories|Accessories&Peripherals|Cables&Accessories|Cables|USBCables",115,499,0.77,4,7732,"Very good product and met my need.  Thanks,Decent value,Nice quality… trustable…,Just well in this price.,supports 2.4 amps fast charging,Nice,Nice.,Value for money"
"B00LY12TH6","Camel Oil Pastel with Reusable Plastic Box - 50 Shades","Home&Kitchen|CraftMaterials|PaintingMaterials",230,230,0,4.5,9427,"Good product,Decent,Highly recommended,Kids love colour,Most awesome choice for your little artist and you,Good product excellent quality,Good product,This give happiness to my students"
"B09RWZRCP1","boAt Type C A750 Stress Resistant, Tangle-free, Sturdy Flat Cable with 6.5A Fast Charging & 480Mbps Data Transmission, 10000+ Bends Lifespan and Extended 1.5m Length(Rebellious Black)","Computers&Accessories|Accessories&Peripherals|Cables&Accessories|Cables|USBCables",400,999,0.6,4.1,1780,"Better..!!,Charging speed is not guaranteed!,Exactly as advertised,Excellent warp charge cable,Nice,Amazing cable,Best fast charging cable,Really a good cable, Recommend"
"B08497Z1MQ","HP M270 Backlit USB Wired Gaming Mouse with 6 Buttons, 4-Speed Customizable 2400 DPI, Ergonomic Design, Breathing LED Lighting, Metal Scroll Wheel, Lightweighted / 3 Years Warranty (7ZZ87AA), Black","Computers&Accessories|Accessories&Peripherals|PCGamingPeripherals|GamingMice",602,700,0.14,4.3,2301,"mast mouse hain,Awesome and cheap for gaming mouse,sensitive as I expected,Mouse gaming,Build quality is very worst,awesome design from HP,Best Buy,Perfect <U+0001F44D>"
"B07KNM95JK","Foxin FTC 12A / Q2612A Black Laser Toner Cartridge Compatible with Laserjet 1020,M1005,1018,1010,1012,1015,1020 Plus,1022,3015,3020,3030,3050, 3050Z, 3052,3055 (Black)","Computers&Accessories|Printers,Inks&Accessories|Inks,Toners&Cartridges|TonerCartridges",598,1150,0.48,4.1,2535,"It is value for money,No problem,Nice,Quality,GOOD QUALITY,Nice product,Good,SATISFACTORY"
"B09Q3M3WLJ","Robustrion [Anti-Scratch] & [Smudge Proof] [Bubble Free] Premium Tempered Glass Screen Protector Guard for Samsung Galaxy Tab A8 10.5 inch [SM-X200/X205/X207] 2022","Computers&Accessories|Accessories&Peripherals|TabletAccessories|ScreenProtectors",405,1499,0.73,4,691,"Good,No guide stickers provided,Value for money,Ok,Packaging was best actually great,Alignments are not proper,Screen guard,Good"
"B09B9SPC7F","PC SQUARE Laptop Tabletop Stand/ Computer Tablet Stand 6 Angles Adjustable Aluminum Ergonomic Foldable Portable Desktop Holder Compatible with MacBook, HP, Dell, Lenovo & All Other Notebook (Silver)","Computers&Accessories|Accessories&Peripherals|LaptopAccessories|Lapdesks",494,1299,0.62,4.1,2740,"Good product,Metal but still the hinges can be made little stronger,Need to have slot to keep the stand more steady,Decent product,Good product,Just fine.,Nice,Costly but as per product description. You might get very cheaper in local market"
"B09CMP1SC8","Ambrane 2 in 1 Type-C & Micro USB Cable with 60W / 3A Fast Charging, 480 mbps High Data, PD Technology & Quick Charge 3.0, Compatible with All Type-C & Micro USB Devices (ABDC-10, Black)","Computers&Accessories|Accessories&Peripherals|Cables&Accessories|Cables|USBCables",200,499,0.6,4.1,602,"Good product,Its good, but micro usb doesn't fit my phone.,Good and useful item,It is very best cable,good,2 in 1 Charging Cable.,Sturdy cable overall,Nice & Best Charger Cabel"
"B099SD8PRP","Lenovo 130 Wireless Compact Mouse, 1K DPI Optical sensor, 2.4GHz Wireless NanoUSB, 10m range, 3button(left,right,scroll) upto 3M left/right clicks, 10 month battery, Ambidextrous, Ergonomic GY51C12380","Computers&Accessories|Accessories&Peripherals|Keyboards,Mice&InputDevices|Mice",578,1090,0.47,4.4,3482,"Best product,So good,Nice,Worth it,Used it for more than 3 months. No complaints so far,Working as expected,Battery use more,Overall satisfied"
"B09YLXYP7Y","Ambrane 60W / 3A Fast Charging Output Cable with Type-C to USB for Mobile, Neckband, True Wireless Earphone Charging, 480mbps Data Sync Speed, 1m Length (ACT - AZ10, Black)","Computers&Accessories|Accessories&Peripherals|Cables&Accessories|Cables|USBCables",180,399,0.55,4,1423,"GOOD,Thank you  Amazon very good charging cable,Good,Very good product,good quality,Very Good Product,This is fast charging USB!,Simply perfect at the price of below 100"
"B00S2SEV7K","Pilot Frixion Clicker Roller Pen (Blue), (9000019529)","OfficeProducts|OfficePaperProducts|Paper|Stationery|Pens,Pencils&WritingSupplies|Pens&Refills|LiquidInkRollerballPens",90,100,0.1,4.1,6199,"Good... <U+0001F60A>,Nice pen but it has some problems.,A great buy,Good pen but finished really quick,It's ink gets finished after using it only for 2 or 3 times,Very nice pen,Best for neat homework.,It's help me earn my bread butter"
"B08WKCTFF3","ZEBRONICS Aluminium Alloy Laptop Stand, Compatible with 9-15.6 inch Laptops, 7 Angles Adjustable, Anti Slip Silicon Rubber Pads, Foldable, Velvet Pouch Inside, Zeb-NS2000 (Dark Grey)","Computers&Accessories|Accessories&Peripherals|LaptopAccessories|Lapdesks",900,1999,0.55,4.4,1667,"Overall good product,Perfect,Amazing product for Laptop,Good product,Very good, can be better,Good product,Good product,Not worth the money!"
"B08498D67S","HP K500F Backlit Membrane Wired Gaming Keyboard with Mixed Color Lighting, Metal Panel with Logo Lighting, 26 Anti-Ghosting Keys, and Windows Lock Key / 3 Years Warranty(7ZZ97AA)","Computers&Accessories|Accessories&Peripherals|PCGamingPeripherals|GamingKeyboards",1152,1800,0.36,4.3,4723,"Good keyboard with some cons,Wrist pain,Worth buying....!,Acceptable,Value for money,The silver coating came off after 3days of using,Awesome keyboard,Budget friendly keyboard with 3years of warranty."
"B00C3GBCIS","GIZGA Club-laptop Neoprene Reversible for 15.6-inches Laptop Sleeve - Black-Red","Computers&Accessories|Accessories&Peripherals|LaptopAccessories|Bags&Sleeves|LaptopSleeves&Slipcases",250,499,0.5,4.2,22860,"quality is awesome trust me guys <U+0001F44D>,Nice to purchase,Aesthetic look but not sure about the reverse side,worth the money,Zipless and logoless but great product,Value for money product,Looks good,Size"
"B00URH5E34","Inventis 5V 1.2W Portable Flexible USB LED Light Lamp (Colors may vary)","Computers&Accessories|Accessories&Peripherals|USBGadgets|Lamps",39,39,0,3.6,13572,"it worked properly for almost one year,ok,USB lamp,Value for money.,For defective I guess. One or two LED not illuminating properly.,Just ok,Very short,Ultimate nice products"
"B00EYW1U68","TP-Link TL-WA855RE 300 Mbps Wi-Fi Range Extender (White)","Computers&Accessories|NetworkingDevices|Repeaters&Extenders",1584,3599,0.56,4.2,16182,"Good wifi extender,Value for money!,Nice Product,very satisfied,Does the job,The product seems to be decent and good.,Good for home use,Extender is good but no 5G"
"B08SMJT55F","boAt Stone 250 Portable Wireless Speaker with 5W RMS Immersive Audio, RGB LEDs, Up to 8HRS Playtime, IPX7 Water Resistance, Multi-Compatibility Modes(Black)","Electronics|HomeAudio|Speakers|BluetoothSpeakers",1197,3990,0.7,4.2,2908,"Strudy, Awesome connectivity........but bass is NOT upto the mark,Good for home,Superb Product but no memory card slot,Good box as per range,Good,Good but battery drain fast...,Good,Very good"
"B0B2DJDCPX","SWAPKART Fast Charging Cable and Data Sync USB Cable Compatible for iPhone 6/6S/7/7+/8/8+/10/11, 12, 13 Pro max iPad Air/Mini, iPod and iOS Devices (White)","Computers&Accessories|Accessories&Peripherals|Cables&Accessories|Cables|USBCables",210,499,0.58,3.9,536,"Value for money,Nice product,timely delivered with good packeging,Good in quality,Quite nice cable,  Go for it,Good product , value for money,Worth buying,Nice"
"B08Y7MXFMK","Offbeat® - DASH 2.4GHz Wireless + Bluetooth 5.1 Mouse, Multi-Device Dual Mode Slim Rechargeable Silent Click Buttons Wireless Bluetooth Mouse, 3 Adjustable DPI, Works on 2 devices at the same time with a switch button for Windows/Mac/Android/Ipad/Smart TV","Computers&Accessories|Accessories&Peripherals|Keyboards,Mice&InputDevices|Mice",1094,1499,0.27,4.2,2375,"Android & IOS,About Mouse,Broke after two weeks - Update: Product replaced twice and it works now,Good,A perfect one,A decent device for daily use,Overall a good product,So far so good!"
"B086Q3QMFS","Classmate Drawing Book - Unruled, 40 Pages, 210 mm x 297 mm - Pack Of 4","OfficeProducts|OfficePaperProducts|Paper|Stationery|Notebooks,WritingPads&Diaries|CompositionNotebooks",120,120,0,4.5,4951,"Good product for beginners,Wonderful,Good,Rate is affordable,Nice will order again,Very good deal,Super,Drawing books"
"B08498H13H","HP GK320 Wired Full Size RGB Backlight Mechanical Gaming Keyboard, 4 LED Indicators, Mechanical Switches, Double Injection Key Caps, and Windows Lock Key(4QN01AA)","Computers&Accessories|Accessories&Peripherals|PCGamingPeripherals|GamingKeyboards",1505,3499,0.57,4.3,408,"I was skeptical at the beginning but now love it.,It is mechanical keyboard,Very Good Build quality, price of Rs.1500/- is justified.,Amazing,Great budget keyboard,Value for money,Very good performance,It is good if you get it under 2000 otherwise don't buy it"
"B07LFQLKFZ","Parker Moments Vector Timecheck Gold Trim Roller Ball Pen (Black)","OfficeProducts|OfficePaperProducts|Paper|Stationery|Pens,Pencils&WritingSupplies|Pens&Refills|LiquidInkRollerballPens",420,420,0,4.2,1926,"Nice but few Cons (*that you must read*),Smooth,Nice,Somewhat good.,Its ok,Very nice pen,Nice product,Best parker pen with very cool design"
"B00LY17RHI","Camlin Elegante Fountain Pen - Black/Blue/Red","OfficeProducts|OfficePaperProducts|Paper|Stationery|Pens,Pencils&WritingSupplies|Pens&Refills|FountainPens",225,225,0,4.1,4798,"Good Pen at Low Cost,... have been reading about this pen which I would like to answer,Decent (at this price),Very nice.,Not for speedy write...,Nice pen good quality could be more smoother,Smooth,Superb Fountain Pen for all types of users"
"B07W14CHV8","CARECASE® Optical Bay 2nd Hard Drive Caddy, 9.5 mm CD/DVD Drive Slot for SSD and HDD","Computers&Accessories|Accessories&Peripherals|HardDriveAccessories|Caddies",200,799,0.75,4.1,7333,"Perfect For HP Laptop,Okay,Good,Worst Product by Seller,Above average,Product achha laga,Working fine,Worth the Price - Front Panel cover not included as shown in product description"
"B0B9BXKBC7","WeCool S5 Long Selfie Stick, with Large Reinforced Tripod Stand up to 61 Inch / 156 Cms, Ultra Long Multi Function Bluetooth Selfie Stick with 1/4 Screw Compatible with Gopro, Camera, and Ring Light","Electronics|Mobiles&Accessories|MobileAccessories|Photo&VideoAccessories|SelfieSticks",1800,3999,0.55,4.6,245,"Good,Good Product but Little expensive.,Happy with the purchase,Good buy in price range,Best travel companion,For instagram reels zoom in and zoom out switch is not available,MUST BUY FOR EVERY ONE WHO OWNS A MOBILE PHONE !!!,A good selfie stick"
"B0B25LQQPC","Crucial P3 500GB PCIe 3.0 3D NAND NVMe M.2 SSD, up to 3500MB/s - CT500P3SSD8","Computers&Accessories|Components|InternalSolidStateDrives",3294,6100,0.46,4.3,2515,"Good P3 Nvme for entry level,Awesome,Sometime not showing in laptop,Great product at good price,Unable to detect SSD? Funny but use ""mdsched.exe"".,Fantastic performance and reduced boot time with my Lenovo S145,Crucial SSD's are ""Bang for the Buck"" but it does not come with a screwdriver, hear me out.,Good product at this price point."
"B07GVGTSLN","Wayona Usb Type C Fast Charger Cable Fast Charging Usb C Cable/Cord Compatible For Samsung Galaxy S10E S10 S9 S8 Plus S10+,Note 10 Note 9 Note 8,S20,M31S,M40,Realme X3,Pixel 2 Xl (3 Ft Pack Of 1,Grey)","Computers&Accessories|Accessories&Peripherals|Cables&Accessories|Cables|USBCables",325,1299,0.75,4.2,10576,"Nice product .,Good quality Braided cable, VFM,Good cord, but has Earthing issue,Ok,Good product. Little bit fast charger for phones like redmi.,Fast charging is working properly,Money value product <U+0001F44C>,Cable a Nice product"
"B01LYLJ99X","HP v222w 64GB USB 2.0 Pen Drive (Silver)","Computers&Accessories|ExternalDevices&DataStorage|PenDrives",455,1300,0.65,4.2,4959,"Unhappy with storage.. actual storage is 57Gb,Most amazing sound , Really unbeatable better than any  another similar products  .,Nice,Esy to use,Pendrive,Nice and small,Value for money,Good"
"B014SZPBM4","Duracell Ultra Alkaline D Battery, 2 Pcs","Electronics|GeneralPurposeBatteries&BatteryChargers|DisposableBatteries",380,400,0.05,4.4,2111,"Battery,Good buy,Bigger than expected,Best Battery for cooking stove,Great batteries,Good,GOOD,Wrong size"
"B08CZHGHKH","BESTOR® LCD Writing Tablet/pad 12 inches | Electronic Writing Scribble Board for Kids | Kids Learning Toy | Portable Ruff for LCD Paperless Memo Digital Tablet Notepad E-Writer/Writing/Drawing Pad Home/School/Office (Black)","Computers&Accessories|Accessories&Peripherals|Keyboards,Mice&InputDevices|GraphicTablets",504,1399,0.64,3.9,1462,"Kids will love it,Good,Good product <U+0001F44D>,bestor is best,Nice Product for kids,Very costly than others,Good,Most sophisticated product for our mother earth."
"B078W65FJ7","boAt BassHeads 900 On-Ear Wired Headphones with Mic (White)","Electronics|Headphones,Earbuds&Accessories|Headphones|On-Ear",847,2490,0.66,4.2,91188,"Definitely good but wire is too short,Never expected an easy on pocket brand like BoAt winning heart the way apple does! Good product,Good headfone on budget,Nice,Quality is promised.,simply awesome,Value for money,Sound and mic quality good but not comfortable"
"B08S74GTBT","Zebronics Astra 10 Portable Wireless BT v5.0 Speaker, 10W RMS Power, 15* Hours Backup, 2.25"" Drive Size, up to 6.4"" Mobile Holder Support, Carry Handle, USB, mSD, AUX Input and FM Radio with Antenna","Electronics|HomeAudio|Speakers|OutdoorSpeakers",800,1999,0.6,3.7,418,"Super product,Worst antenna.... It came out while adjusting...wastage of money,Nice product,Good,A Must Have product.,Poor sound,Wothy,Useful product if you watch movies in mobile."
"B0B9BD2YL4","KINGONE Wireless Charging Pencil (2nd Generation) for iPad with Magnetic and Tilt Sensitive, Palm Rejection, Compatible with Apple iPad Pro 11 inch 1/2/3/4, iPad Pro 12.9 Inch 3/4/5/6, iPad Air 4/5, mini6","Electronics|Mobiles&Accessories|MobileAccessories|StylusPens",2590,6999,0.63,4.5,1526,"Quite Good,good pencil,Value for money,Brilliant,Value for moeny product,Must to buy this pencil,Problemsolver,It works as advertised"
"B0BMXMLSMM","Lapster 65W compatible for OnePlus Dash Warp Charge Cable , type c to c cable fast charging Data Sync Cable Compatible with One Plus 10R / 9RT/ 9 pro/ 9R/ 8T/ 9/ Nord & for All Type C Devices – Red, 1 Meter","Computers&Accessories|Accessories&Peripherals|Cables&Accessories|Cables|USBCables",200,999,0.8,4.5,127,"Super charger in lapster,Best among the rest,Classy product and authentic one,Excellent product,Worked fine ,thank you,Stylish and flexible cable,Amazing,Value for money product"
"B0141EZMAI","Gizga Essentials USB WiFi Adapter for PC, 150 Mbps Wireless Network Adapter for Desktop - Nano Size WiFi Dongle Compatible with Windows, Mac OS & Linux Kernel | WPA/WPA2 Encryption Standards| Black","Computers&Accessories|NetworkingDevices|NetworkAdapters|WirelessUSBAdapters",272,800,0.66,3.6,10134,"Will not work with new system,Veri good,Ok product,Access wifi signal.,<U+0001F44D>,very good,Good Product,8139EU based okayish but low reception"
"B07QMRHWJD","SWAPKART Portable Flexible Adjustable Eye Protection USB LED Desk Light Table Lamp for Reading, Working on PC, Laptop, Power Bank, Bedroom ( Multicolour )","Computers&Accessories|Accessories&Peripherals|USBGadgets|Lamps",300,999,0.7,4.3,1552,"Can be use as table lamp or emergency light for room,Very flexible <U+0001F44D>,Working perfect great,Value of the product,good product as per price,Good enough but no controls to dim,Excellent,Nice product"
"B07W7Z6DVL","Infinity (JBL Fuze 100, Wireless Portable Bluetooth Speaker with Mic, Deep Bass, Dual Equalizer, IPX7 Waterproof, Rugged Fabric Design (Black)","Electronics|HomeAudio|Speakers|OutdoorSpeakers",1500,2999,0.5,4.1,25262,"Good Handy Bluetooth Speaker,Very Nice,Medium,Worth to the money,4.5,Good,Value for money,Value for money is good...."
"B07WMS7TWB","Pigeon by Stovekraft Amaze Plus Electric Kettle (14289) with Stainless Steel Body, 1.5 litre, used for boiling Water, making tea and coffee, instant noodles, soup etc. 1500 Watt (Silver)","Home&Kitchen|Kitchen&HomeAppliances|SmallKitchenAppliances|Kettles&HotWaterDispensers|ElectricKettles",647,1245,0.48,3.9,123365,"All your questions answered in this review,Just fine for the price,Its okay okay according to price.,Good for winter times to boil the water,Bass fitting loose,Good product, no issue after using 2months,Good matereal,Only disadvantage is the cord length."
"B00H47GVGY","USHA Quartz Room Heater with Overheating Protection (3002, Ivory, 800 Watts)","Home&Kitchen|Heating,Cooling&AirQuality|RoomHeaters|ElectricHeaters",1203,1695,0.29,3.6,13300,"Good and affordable room heater,Good for tight spaces,Short shelf life,Niceeee,Very good product,It's good,Heating capacity,Good"
"B07VX71FZP","Amazon Brand - Solimo 2000/1000 Watts Room Heater with Adjustable Thermostat (ISI certified, White colour, Ideal for small to medium room/area)","Home&Kitchen|Heating,Cooling&AirQuality|RoomHeaters|FanHeaters",1200,2000,0.4,4,18543,"Compact and easy to you,Good work <U+0001F44D>,Good,Good product,Good product,Lovable and nice product,Nice product,Compact and easy to use. Suitable for a room"
"B07NCKMXVZ","StyleHouse Lint Remover for Woolen Clothes, Electric Lint Remover, Best Lint Shaver for Clothes","Home&Kitchen|Kitchen&HomeAppliances|Vacuum,Cleaning&Ironing|Irons,Steamers&Accessories|LintShavers",460,999,0.54,4.1,3578,"Good Product,Nice product,Good product,Good,I made my sweaters look like brand new.,Nice product,Perfect to clean lints easily,Good Product"
"B0B61DSF17","beatXP Kitchen Scale Multipurpose Portable Electronic Digital Weighing Scale | Weight Machine With Back light LCD Display | White |10 kg | 2 Year Warranty |","Home&Kitchen|Kitchen&HomeAppliances|SmallKitchenAppliances|DigitalKitchenScales",200,1999,0.9,3.7,2031,"Value for money and accurate,Nice,Very reasonable price, product was nice,Good,Nice product.. Value for spending,Light weight,Super,JUST WOW <U+0001F929><U+0001F973>"
"B07VQGVL68","Glun Multipurpose Portable Electronic Digital Weighing Scale Weight Machine (10 Kg - with Back Light)","Home&Kitchen|Kitchen&HomeAppliances|SmallKitchenAppliances|DigitalKitchenScales",294,499,0.41,3.9,44994,"If it had charching support.,Worth product,Cost effective,Good,Good for the price,Accurate,You can use it for everyday purposes,Good"
"B01LWYDEQ7","Pigeon Polypropylene Mini Handy and Compact Chopper with 3 Blades for Effortlessly Chopping Vegetables and Fruits for Your Kitchen (12420, Green, 400 ml)","Home&Kitchen|Kitchen&Dining|KitchenTools|ManualChoppers&Chippers|Choppers",198,495,0.6,4.1,270563,"Nice chopper,Small easy use n clean,Not good,Good,Good,Probably the best purchase for my mom!,String issues,Good product."
"B07VNFP3C2","Prestige 1.5 Litre Kettle 1500-watts, Red","Home&Kitchen|Kitchen&HomeAppliances|SmallKitchenAppliances|Kettles&HotWaterDispensers|ElectricKettles",747,1245,0.4,3.9,31783,"Good Product Worst Delivery,Overall is ok but outer steel kafi hot <U+0001F525> ho jata he,jo kids k liye kafi harmful he,Nice product,Lovely Product, but filtering holes are big for Ants to get in,Don't buy prestige water kettle product,best product,Medium,Heats up on handle and sides."
"B00LUGTJGO","Bajaj RHX-2 800-Watt Room Heater (White)","Home&Kitchen|Heating,Cooling&AirQuality|RoomHeaters|ElectricHeaters",1394,1549,0.1,3.9,2602,"Quality is fine,Good,Minimum electricity maximum heat.,Light weight portable and easy to operate,Nice product,Don't buy it,Value for Money,It's average product"
"B01MQZ7J8K","Prestige Electric Kettle PKOSS - 1500watts, Steel (1.5Ltr), Black","Home&Kitchen|Kitchen&HomeAppliances|SmallKitchenAppliances|Kettles&HotWaterDispensers|ElectricKettles",751,1445,0.48,3.9,63350,"Very nice,Good product,Packaging,Good , quick hot water suite,Good product,A plus kettle,It’s ok,Good product <U+0001F44D><U+0001F3FC>"
"B01GFTEV5Y","Pigeon by Stovekraft Cruise 1800 watt Induction Cooktop (Black)","Home&Kitchen|Kitchen&HomeAppliances|SmallKitchenAppliances|InductionCooktop",1692,3193,0.47,3.8,54032,"It helps to know about what it can and can't do while purchasing.,Good but slightly slow,Product good but its take long time to cooldown,<U+0932><U+093E><U+091C><U+0935><U+093E><U+092C> <U+0939><U+0947>,Good,Value for Money,Piegon induction stove,Good"
"B00NW4UWN6","Prestige PKGSS 1.7L 1500W Electric Kettle (Stainless Steel)","Home&Kitchen|Kitchen&HomeAppliances|SmallKitchenAppliances|Kettles&HotWaterDispensers|ElectricKettles",1049,1345,0.22,3.8,15592,"Recommended but not Best,Good,Good product but due to glass lid take care with children,Not <U+0001F6AB> suitable to boil milk and eggs,It is a nice product,Not worthy of investing,Not good. prestige brand name only,Its difficult to clean and and also from handle leakage takaes place."
"B01NCVJMKX","SHOPTOSHOP Electric Lint Remover, Best Lint Shaver for Clothes,Lint Remover for Woolen Clothes ,Lint Remover for Sweaters","Home&Kitchen|Kitchen&HomeAppliances|Vacuum,Cleaning&Ironing|Irons,Steamers&Accessories|LintShavers",500,999,0.5,4.1,4859,"Serves the Purpose,GOOD TO USE but price is high,Does the job well,Go for it.,Good product,Very good product and life saver in winters,Easy to use,Solve the problem of lint on woollen fabrics"
"B00O24PUO6","Orpat OEH-1260 2000-Watt Fan Heater (Grey)","Home&Kitchen|Heating,Cooling&AirQuality|RoomHeaters|FanHeaters",1468,1650,0.11,4.1,14120,"Best in this range,Product is gud but shipped damaged product but new 1 is gud,Good but should be more better from company,Average product,Does it's job well,Good product,Working this product very smoothly.,Very good much <U+0001F64F><U+0001F64F>"
"B07GXPDLYQ","PRO365 Indo Mocktails/Coffee Foamer/Cappuccino/Lemonade/Milk Frother (6 Months Warranty)","Home&Kitchen|Kitchen&HomeAppliances|SmallKitchenAppliances|HandBlenders",250,499,0.5,3.3,8427,"Working ok, but shape is not that good,Doesn’t froth and creates a mess,Very low power,Product is not working smoothly...after very hard press the button then it works.,Ok ok,Finally!,It would be nice if you give batteries along with product in this price. Thanks,Good"
"B01C8P29N0","Bajaj DX-6 1000W Dry Iron with Advance Soleplate and Anti-bacterial German Coating Technology, White","Home&Kitchen|Kitchen&HomeAppliances|Vacuum,Cleaning&Ironing|Irons,Steamers&Accessories|Irons|DryIrons",630,1400,0.55,4.2,23316,"Worth the money..,Good product,This is Good,Super product,Good product,Average product but value for money,For daily use,Heat temprature very slow"
"B08KDBLMQP","Croma 500W Mixer Grinder with 3 Stainless Steel Leak-proof Jars, 3 speed & Pulse function, 2 years warranty (CRAK4184, White & Purple)","Home&Kitchen|Kitchen&HomeAppliances|SmallKitchenAppliances|MixerGrinders",1300,2500,0.48,4,6530,"Best products,Ok,Short Nd sweet product,Good,About warranty card,Good,Good <U+0001F44D>,It's affordable but cheap quality"
"B078JDNZJ8","Havells Instanio 3-Litre Instant Geyser (White/Blue)","Home&Kitchen|Heating,Cooling&AirQuality|WaterHeaters&Geysers|InstantWaterHeaters",3590,6190,0.42,4.3,11924,"Worthy, best for bucket bathing:,Water heater that does the job right,Works as promised and the installation was quick..,All good,Good product.,Worthy product to buy.,Easy to install.,Nice product and good service"
"B083GKDRKR","Havells Aqua Plus 1.2 litre Double Wall Kettle / 304 Stainless Steel Inner Body / Cool touch outer body / Wider mouth/ 2 Year warranty (Black, 1500 Watt)","Home&Kitchen|Kitchen&HomeAppliances|SmallKitchenAppliances|Kettles&HotWaterDispensers|ElectricKettles",1617,2995,0.46,4.5,23484,"Good product,Good Product,Very easy to use but my mom wanted a transparent one,Very good product,4 on 5,overall good,Nice,Elegant & Sturdy!"
"B097R2V1W8","Bajaj Splendora 3 Litre 3KW IWH Instant Water Heater (Geyser), White","Home&Kitchen|Heating,Cooling&AirQuality|WaterHeaters&Geysers|InstantWaterHeaters",2592,5890,0.56,4.1,21783,"Received used product requested replacement,Good product,Tiny bomb,Very nice,works well, but its a really small tank,Very good,Value for more,Instantly"
"B07YR26BJ3","KENT 16052 Elegant Electric Glass Kettle 1.8L 2000 W | Blue LED Illumination | Borosilicate Glass Body | Boil Drying Protection | Used as Boiler | Milk | Tea | Water & Soup | 1 Year Warranty","Home&Kitchen|Kitchen&HomeAppliances|SmallKitchenAppliances|Kettles&HotWaterDispensers|Kettle&ToasterSets",1200,2000,0.4,4,14030,"Great Design , Heating ,Usage ,Easy to clean but doesn't maintain the temperature for long,easy to use,Nice,Works well.,it is a good product time saving.,Good kettle at such price,Beautiful..is the word..very happy with purchase <U+2665><U+FE0F><U+2665><U+FE0F><U+2665><U+FE0F>,Owsm"
"B09X5C9VLK","Lifelong LLMG23 Power Pro 500-Watt Mixer Grinder with 3 Jars (Liquidizing, Wet Grinding and Chutney Jar), Stainless Steel blades, 1 Year Warranty (Black)","Home&Kitchen|Kitchen&HomeAppliances|SmallKitchenAppliances|MixerGrinders",1295,3500,0.63,3.8,44050,"Overall satisfactory in this price range,Nothing,Noiselesss and good material quality,Pocket friendly,I like this product,Superb item.,Lifelong mixer,Best product by longlife"
"B01C8P29T4","Bajaj Majesty DX-11 1000W Dry Iron with Advance Soleplate and Anti-bacterial German Coating Technology, White and Blue","Home&Kitchen|Kitchen&HomeAppliances|Vacuum,Cleaning&Ironing|Irons,Steamers&Accessories|Irons|DryIrons",597,785,0.24,4.2,24247,"Good product at this price,An excellent product experience. Does job well at this price range..,Ok,overall good at this price,The Steel around the handle gets hot too!,Light weight product,Nice,A good iron for the reasonable price, tepreture control.."
"B00HVXS7WC","Bajaj Rex 500W Mixer Grinder with Nutri-Pro Feature, 3 Jars, White","Home&Kitchen|Kitchen&HomeAppliances|SmallKitchenAppliances|MixerGrinders",1990,3210,0.38,4.2,41349,"Just go for it.<U+0001F44D><U+0001F3FB>,3 PIN Plug should be there,Mixer is good as well as jar is good.But packing is very bad.,Too much noise,Good quality product......,Good,Nc,Useful"
"B096YCN3SD","Lifelong LLEK15 Electric Kettle 1.5L with Stainless Steel Body, Easy and Fast Boiling of Water for Instant Noodles, Soup, Tea etc. (1 Year Warranty, Silver)","Home&Kitchen|Kitchen&HomeAppliances|SmallKitchenAppliances|Kettles&HotWaterDispensers|Kettle&ToasterSets",550,1000,0.45,3.6,1074,"Well over all iits nice, make sure the lid of kettle has stell casing,cord should been long,Product is ok.,Product,Easy to use,Good,Good Product.,Product body looks week . Hope it stays long .,Good looking but not very strong. What else can you get for 499"
"B09LQH3SD9","Lifelong LLQH922 Regalia 800 W (ISI Certified) Quartz Room Heater with 2 Power settings, Overheating Protection, 2 Rod Heater (1 Year Warranty, White)","Home&Kitchen|Heating,Cooling&AirQuality|RoomHeaters|ElectricHeaters",1000,2000,0.5,3.8,1163,"Impressive in first use,SUPERB IN ALL DEPARTMENT. BEST IN THIS PRICE RANGE,Nice product,Worth the price,It is value for money but I don't think it will last very long...,The dizion is good and comportable.,Good product,Durability may be an issue"
"B09KNMLH4Y","R B Nova Lint/Fabric Shaver for Cloths, Lint Remover for Woolen Sweaters, Blankets, Jackets/Burr Remover Pill Remover from Carpets, Pack of 1","Home&Kitchen|Kitchen&HomeAppliances|Vacuum,Cleaning&Ironing|Irons,Steamers&Accessories|LintShavers",400,1999,0.8,4.1,257,"The Best Purchase,Very useful product,Good products,Very handy to remove lint,Good product,Good product,Good,It's worth it."
"B00ABMASXG","Bajaj Immersion Rod Water Heater 1500 Watts, Silver","Home&Kitchen|Heating,Cooling&AirQuality|WaterHeaters&Geysers|ImmersionRods",540,720,0.25,4.1,36017,"Warranty,Plug is not supporting,Good product,Great,Product is good,You can go for it but...... Read review,Fabulous,Good"
"B07QDSN9V6","INALSA Electric Kettle 1.5 Litre with Stainless Steel Body - Absa|Auto Shut Off & Boil Dry Protection Safety Features| Cordless Base & Cord Winder|Hot Water Kettle |Water Heater Jug","Home&Kitchen|Kitchen&HomeAppliances|SmallKitchenAppliances|Kettles&HotWaterDispensers|ElectricKettles",702,1595,0.56,4.1,8090,"Easy water boiling,Its fine... to use and easy to implement.,It's a good product.,improvement required,Good utility,Must Buy Product,Good product,It's just wow product, i used for a day and then i order for one more for my child hostel. L"
"B00YMJ0OI8","Prestige PIC 20 1600 Watt Induction Cooktop with Push button (Black)","Home&Kitchen|Kitchen&HomeAppliances|SmallKitchenAppliances|InductionCooktop",2151,3645,0.41,4.1,31388,"Good product in this range,Value for money,Nice,Nice one,Superb easy to use,Everything is great only issue is durability,Fabulous,The Cable is small"
"B0B8XNPQPN","Pigeon Healthifry Digital Air Fryer, 360° High Speed Air Circulation Technology 1200 W with Non-Stick 4.2 L Basket - Green","Home&Kitchen|Kitchen&HomeAppliances|SmallKitchenAppliances|DeepFatFryers|AirFryers",3578,7950,0.55,4.2,136,"New user,Worthy at this price,Good at dis price when comparing with other brands it is having two years of warranty,But there is no proper owners manuel ..which  brief the end there operation and cooking Time.,Ignore negative reviews,Best product with a reasonable price,The best quality air fryer you can get for this price,Think before you buy"
"B0814P4L98","PrettyKrafts Laundry Basket for clothes with Lid & Handles, Toys Organiser, 75 Ltr Black & Grey","Home&Kitchen|HomeStorage&Organization|LaundryOrganization|LaundryBaskets",350,999,0.65,4,5380,"Good buy,Item is good and recommendable,Worth the money,Satisfied,Good quality storage bag,Very useful,Good product,Not as shown in the picture. Different products received."
"B008QTK47Q","Philips GC1905 1440-Watt Steam Iron with Spray (Blue)","Home&Kitchen|Kitchen&HomeAppliances|Vacuum,Cleaning&Ironing|Irons,Steamers&Accessories|Irons|SteamIrons",1605,1745,0.08,4.3,37974,"How to choose an iron ? This one-A decent combo of features & price.Cable quality not good though.,Quality Iron for power users with effective spray & steam function | Review | Guide | Tips,Doesn’t remove hard wrinkles.,Easyto use but it leaks water,Very easy to use,Good product,Quick warm up,Not good"
"B088ZTJT2R","Havells Immersion HB15 1500 Watt (White Blue)","Home&Kitchen|Heating,Cooling&AirQuality|WaterHeaters&Geysers|ImmersionRods",725,1295,0.44,4.2,17218,"Needs accessories,Gets water hot in under 10 mins,Slightly disappointed,Useful,Value for your money,Havells water heater is an excellent product.,v.nice,This product is very good and easy to use"
"B0BK1K598K","AGARO LR2007 Lint Remover, Rechargeable, for Woolen Sweaters, Blankets, Jackets, Burr Remover, Pill Remover From Carpets, Curtains","Home&Kitchen|Kitchen&HomeAppliances|Vacuum,Cleaning&Ironing|Irons,Steamers&Accessories|LintShavers",675,1499,0.55,4.2,900,"Good product, removes lint efficiently.,Good product. Does job well.,A recommended product,Easy to use,Good product,The Product Is Very Useful Thanks To Agaro,Good lint remover,Nice product"
"B09Y5FZK9N","Pigeon 1.5 litre Hot Kettle and Stainless Steel Water Bottle Combo used for boiling Water, Making Tea and Coffee, Instant Noodles, Soup, 1500 Watt with Auto Shut- off Feature - (Silver)","Home&Kitchen|Kitchen&HomeAppliances|SmallKitchenAppliances|Kettles&HotWaterDispensers|Kettle&ToasterSets",803,1545,0.48,3.7,976,"Kettle is good but bottle is not good quality,Good,Ok,Bottle is not sturdy; kettle id light but heats fast,Value for money,Steel Quality is not as per expectation,Satisfactory experience,Good"
"B09J2SCVQT","NutriPro Juicer Mixer Grinder - Smoothie Maker - 500 Watts (3 Jars 2 Blades)","Home&Kitchen|Kitchen&HomeAppliances|SmallKitchenAppliances|JuicerMixerGrinders",1950,5000,0.61,4.1,4927,"Used almost for a month,User friendly product  worth the money.  The product working fast.,Very happy with cookwell services,Worth,Very good product...,Good product,Good Customer Service,Good one easy to use"
"B00TDD0YM4","Philips GC026/30 Fabric Shaver, Lint Remover for Woolen Sweaters, Blankets, Jackets/Burr Remover Pill Remover from Carpets, Curtains (White)","Home&Kitchen|Kitchen&HomeAppliances|Vacuum,Cleaning&Ironing|Irons,Steamers&Accessories|LintShavers",1492,1695,0.12,4.4,3543,"Good Portable product,Product is good but within 3/4 uses battery is dead now have to change its battery(cell),Finally I got my item and it works fine.,Overall Very good products and value for money , go for it,Wonderful product,Nice,It was just osm,It's best"
"B078KRFWQB","Havells Cista Room Heater, White, 2000 Watts","Home&Kitchen|Heating,Cooling&AirQuality|RoomHeaters|ElectricHeaters",2485,3945,0.37,3.8,2732,"Products review,Good & easy to use.,Good and portable,Motor Like unusal Noise,Better product with value for money.,Nice product from havells,Very easy to yse and portable those looking for small room this s best to buy,it's good choice"
"B07SRM58TP","AGARO Regal 800 Watts Handheld Vacuum Cleaner, Lightweight & Durable Body, Small/Mini Size ( Black)","Home&Kitchen|Kitchen&HomeAppliances|Vacuum,Cleaning&Ironing|Vacuums&FloorCare|Vacuums|HandheldVacuums",1658,2099,0.21,4,14368,"Vaccum cleaner,Ok,Good product,Quite loud, heats quickly but very good for cleaning upholstery,Compact in size,Only for limited & light duty usage,Value for money, Good bargain,Handy n works well"
"B00EDJJ7FS","Philips Viva Collection HD4928/01 2100-Watt Induction Cooktop with Feather Touch Sensor and Crystal Glass Plate (Black)","Home&Kitchen|Kitchen&HomeAppliances|SmallKitchenAppliances|InductionCooktop",3230,5295,0.39,4.2,39724,"Product as describe,Good product,Good product but price high.,I miss my gas stove.... Induction sucks :(,Great value,No1,<U+0924><U+0947><U+0932> <U+0917><U+0930><U+094D><U+092E> <U+0915><U+0930><U+0928><U+0947> <U+092E><U+0947><U+0902> <U+092A><U+0930><U+0947><U+0936><U+093E><U+0928><U+0940>,Good"
"B0832W3B7Q","Pigeon By Stovekraft ABS Plastic Acer Plus Induction Cooktop 1800 Watts With Feather Touch Control - Black","Home&Kitchen|Kitchen&HomeAppliances|SmallKitchenAppliances|InductionCooktop",1798,3595,0.5,3.8,9791,"It's an okay induction stove on a budget price,Super,Nice product,Pigeon Induction,Easy to clean,Works fine issue with delivery product bit damaged,Average,It is nice product & easy to use best at this price"
"B07WNK1FFN","AGARO Esteem Multi Kettle 1.2 Litre, 600W with 3 Heating Modes & Rapid Boil Technology","Home&Kitchen|Kitchen&HomeAppliances|SmallKitchenAppliances|Kettles&HotWaterDispensers|ElectricKettles",1257,1699,0.26,4.2,2891,"600 W heating kettle with warmer & temp control, half coil heating element looks odd,Overall a Good Electric Kettle,Overall good.,Good Multicooker within budget,Agaro esteem Multi kettle,Quality,Very nice product. Like it.<U+2764>,Nice one for hostellers. A must buy product."
"B009P2LK08","Bajaj Minor 1000 Watts Radiant Room Heater (Steel, ISI Approved)","Home&Kitchen|Heating,Cooling&AirQuality|RoomHeaters|ElectricHeaters",745,1129,0.34,4,2446,"Poor packaging,Nice products,Good,Spr,Worth to money,Heating is little less,Good for heating a single room.,Acha hai"
"B07DGD4Z4C","Butterfly Jet Elite Mixer Grinder, 750W, 4 Jars (Grey)","Home&Kitchen|Kitchen&HomeAppliances|SmallKitchenAppliances|MixerGrinders",3477,5795,0.4,3.9,25340,"Very nice product from Amazon,Work in very good,good product,Good,Nice <U+0001F44D>,Good performance with cheap look,User manual book and Warranty card not in Box.,Satisfied <U+0001F601>"
"B07GMFY9QM","SOFLIN Egg Boiler Electric Automatic Off 7 Egg Poacher for Steaming, Cooking, Boiling and Frying (400 Watts, Blue)","Home&Kitchen|Kitchen&HomeAppliances|SmallKitchenAppliances|EggBoilers",380,999,0.62,4.3,3096,"Egg boiler,Time efficient..easy to use,Good to use,Value for money,Very good product,Achha hai egg boil achhe hote hai,Best in Business,as the price product is good"
"B0BGPN4GGH","Lifelong LLQH925 Dyno Quartz Heater 2 Power settings Tip Over Cut-off Switch 800 Watt Silent operation Power Indicator 2 Rod Room Heater (1 Year Warranty, Grey)","Home&Kitchen|Heating,Cooling&AirQuality|RoomHeaters|ElectricHeaters",1104,2400,0.54,3.8,4,"Compact and effective,Very handy and useful product,Not satisfied"
"B0B2DZ5S6R","Amazon Basics 1500 W Electric Kettle (Stainless Steel Body, 1.5 L)","Home&Kitchen|Kitchen&HomeAppliances|SmallKitchenAppliances|Kettles&HotWaterDispensers|Kettle&ToasterSets",753,1299,0.42,4,119,"Worth for the price,Good,Just Average,Great!,Good product. Few minutes to boil the water and very useful,Very nice working,Good quality,Used the product.  As of everything was fine. Good"
"B07S851WX5","Prestige Sandwich Maker PGMFD 01, Black","Home&Kitchen|Kitchen&HomeAppliances|SmallKitchenAppliances|SandwichMakers",1299,1299,0,4.2,40106,"Very useful!,Good one for the price,Temperature,temparature controll is needed,Good product but price is too be very high,Quality of material,Best,Good product"
"B01MY839VW","Orient Electric Fabrijoy DIFJ10BP 1000-Watt Dry Iron, Non-Stick (White and Blue)","Home&Kitchen|Kitchen&HomeAppliances|Vacuum,Cleaning&Ironing|Irons,Steamers&Accessories|Irons|DryIrons",545,1090,0.5,4.2,13029,"Worthy,Love this product,Good,Good,It can be used for two years,<U+0001F44D>,Best in this price, will serve the purpose you bought it for.,Good choice in budget Range"
"B09LV1CMGH","Lifelong LLFH921 Regalia 2000 W Fan Heater, 3 Air Settings, Room Heater with Overheating Protection, 1 Year Warranty ( White, (ISI Certified, Ideal for small to medium room/area)","Home&Kitchen|Heating,Cooling&AirQuality|RoomHeaters|FanHeaters",900,2000,0.55,3.6,291,"For medium sized room,Best product,For bed only,not for full room,Damage,Its okay,Does the job,Not Good , Power cord  very short,Not satisfied"
"B01EY310UM","Philips GC181 Heavy Weight 1000-Watt Dry Iron, Pack of 1","Home&Kitchen|Kitchen&HomeAppliances|Vacuum,Cleaning&Ironing|Irons,Steamers&Accessories|Irons|DryIrons",1329,1545,0.14,4.3,15453,"Good product worth of money,It’s okay,Not so superb,Philips Always THE BEST,Heavy weight iron,Very good,Super nice,Good One iron. Value for money and best one to used it"
"B09NL7LBWT","Bulfyss USB Rechargeable Lint Remover Fabric Shaver Pet Hair Remover, Effectively and Quickly Remove Fuzz for Clothes, Sweater, Couch, Sofa, Blanket, Curtain, Wool, Cashmere (Grey, 1 Year Warranty)","Home&Kitchen|Kitchen&HomeAppliances|Vacuum,Cleaning&Ironing|Irons,Steamers&Accessories|LintShavers",1099,1999,0.45,4,604,"Good product must have for winters cloths.,All over good,Beautiful product and easy to use having items as shown in the details.,Working good but need to do some improvement,Nice product.,Awesome Product,Awesome finishing on clothes,Amazing best product"
"B008YW8M0G","Bajaj DX-7 1000W Dry Iron with Advance Soleplate and Anti-bacterial German Coating Technology, White","Home&Kitchen|Kitchen&HomeAppliances|Vacuum,Cleaning&Ironing|Irons,Steamers&Accessories|Irons|DryIrons",779,875,0.11,4.2,46647,"Nice iron box. Temperature control can be better.,Product quality,Very nice product,Great Product,It is gud for normal use...,Okk,It's good,Nice product"
"B08TM71L54","PHILIPS Handheld Garment Steamer STH3000/20 - Compact & Foldable, Convenient Vertical Steaming, 1000 Watt Quick Heat Up, up to 20g/min, Kills 99.9%* Bacteria (Reno Blue), Small","Home&Kitchen|Kitchen&HomeAppliances|Vacuum,Cleaning&Ironing|Irons,Steamers&Accessories|Irons|SteamIrons",3188,4195,0.24,4,1282,"Save ur clothes,Loved it.,Superb,Average product. Handy but has flaws.,Takes time to cool, but overall good product,great product and really handy!,Great product..nd best to carry in traveling,Too costly"
"B0BPBXNQQT","Room Heater Warmer Wall-Outlet 400 Watts Electric Handy Room Heater (Room Heaters Home for Bedroom, Reading Books, Work, bathrooms, Rooms, Offices, Home Offices,2022","Home&Kitchen|Heating,Cooling&AirQuality|RoomHeaters|ElectricHeaters",796,1989,0.6,4.3,70,"Good for small rooms,Better,Good quality,Nice product,Good product,Potable room heater,Room heater is useful,Good Heater"
"B00W56GLOQ","Wonderchef Nutri-blend Mixer, Grinder & Blender | Powerful 400W 22000 RPM motor | Stainless steel Blades | 2 unbreakable jars | 2 Years warranty | Online recipe book by Chef Sanjeev Kapoor | Black","Home&Kitchen|Kitchen&HomeAppliances|SmallKitchenAppliances|JuicerMixerGrinders",2700,5000,0.46,4,26164,"Good stuff,Perfect for small kitchen,Convenient for small quantity,Nice and compact product,Nice product, good small grinder /blender,Not satisfied.,Good,Small jar defective"
"B0883KDSXC","USHA Armor AR1100WB 1100 W Dry Iron with Black Weilburger Soleplate (Purple)","Home&Kitchen|Kitchen&HomeAppliances|Vacuum,Cleaning&Ironing|Irons,Steamers&Accessories|Irons|DryIrons",604,990,0.39,3.9,16166,"A travel companion,Small and thin wire,Good product product thanks usha.,Nice,Good,Good buy,Ok product.,VfM"
"B078V8R9BS","Butterfly EKN 1.5-Litre Electric Kettle (Silver with Black)","Home&Kitchen|Kitchen&HomeAppliances|SmallKitchenAppliances|Kettles&HotWaterDispensers|Kettle&ToasterSets",744,1111,0.33,4.2,35693,"good,Nice product,Worth for money,Good product,Very good,Does what is needed to do,Good product,Nice kettle in 699 rs"
"B01M5B0TPW","Borosil Chef Delite BCH20DBB21 300-Watt Chopper (Black)","Home&Kitchen|Kitchen&HomeAppliances|SmallKitchenAppliances|MiniFoodProcessors&Choppers",1818,2490,0.27,4.4,7946,"Good product,I haven't received my warranty bill inside,Whisking attachment not received,Awesome,Great Product! Go for it!!!,Nice,Good product .,Must have for every kitchen"
"B082KVTRW8","KENT 16055 Amaze Cool Touch Electric Kettle 1.8 L 1500 W | Plastic Outer & Stainless Steel Inside body | Auto shut off Over heating protection | Multipurpose hot water Kettle | 1 Year Warranty","Home&Kitchen|Kitchen&HomeAppliances|SmallKitchenAppliances|Kettles&HotWaterDispensers|Kettle&ToasterSets",1197,1900,0.37,4,1765,"Easy to operate and rich look,Good,Very good product,Kent electric kettle,Nice,Electric Wire is too short..It should be expanded...,Better products,Worth it"
"B08CFJBZRK","Prestige IRIS Plus 750 watt mixer grinder","Home&Kitchen|Kitchen&HomeAppliances|SmallKitchenAppliances|MixerGrinders",3273,6295,0.48,3.8,14062,"So far it is good. Purchased only in October 2022.,Good,Best product in best price range.,Average price good <U+0001F44D>,Good looking,Create too much noise, overall good product,Good,Bahut badhiya hai"
"B07H3WDC4X","Simxen Egg Boiler Electric Automatic Off 7 Egg Poacher for Steaming, Cooking Also Boiling and Frying 400 W (Blue, Pink)","Home&Kitchen|Kitchen&HomeAppliances|SmallKitchenAppliances|EggBoilers",350,999,0.65,4,15646,"Perfect egg boiler,Good to use,Worth the price,U buying this items,Price is affordable.,Great product and working fine,Very nice product..only wire is small in size otherwise its good,easy to use but very very short wire"
"B09ZTZ9N3Q","Amazon Basics 2000/1000 Watt Room Heater with Adjustable Thermostat (ISI certified, White color, Ideal for small to medium room/area)","Home&Kitchen|Heating,Cooling&AirQuality|RoomHeaters|FanHeaters",1053,1699,0.38,3.1,111,"It's good <U+0001F44D>,Good...,Good Product,Satisfied,Good for small room,Unsure,Not bad,Don't bye it...."
"B083P71WKK","HealthSense Weight Machine for Kitchen, Kitchen Food Weighing Scale for Health, Fitness, Home Baking & Cooking with Hanging Design, Touch Button, Tare Function & 1 Year Warranty – Chef-Mate KS 40","Home&Kitchen|Kitchen&HomeAppliances|SmallKitchenAppliances|DigitalKitchenScales|DigitalScales",795,1500,0.47,4.3,9695,"Nice,Good Quality,Good product,Product is good but some issues with it,Good,Good product.,Good and easy to use,Good one"
"B0949FPSFY","Bulfyss Stainless Steel Digital Kitchen Weighing Scale & Food Weight Machine for Diet, Nutrition, Health, Fitness, Baking & Cooking (5Kgs, Stainless Steel, 2 Years Warranty)","Home&Kitchen|Kitchen&HomeAppliances|SmallKitchenAppliances|DigitalKitchenScales",800,1999,0.6,4.1,2162,"Helthgenie product - Just received, as of now looks good.,Product seems good. The batteries packed separately inside leaked.,Wonderful, but ...,Good but it's plastic,Good for now.,Awesome product,Value for money,ONE IN A MILLION"
"B08F47T4X5","VR 18 Pcs - 3 Different Size Plastic Food Snack Bag Pouch Clip Sealer Large, Medium, Small Plastic Snack Seal Sealing Bag Clips Vacuum Sealer (Set of 18, Multi-Color) (Multicolor)","Home&Kitchen|Kitchen&HomeAppliances|SmallKitchenAppliances|VacuumSealers",89,89,0,4.2,19621,"Very nice,Works as it should,Not the best but value for money,Value for money,Useful product,Good Kitchen Product,Good,Good"
"B01M0505SJ","Orient Electric Apex-FX 1200mm Ultra High Speed 400 RPM Ceiling Fan (Brown)","Home&Kitchen|Heating,Cooling&AirQuality|Fans|CeilingFans",1392,2485,0.44,4.1,19998,"Comparisingly slim fan but speed and air delivery is good <U+0001F44D>,This is quality product at given price and reliable.,My favourite fan,Correction needed to the product description,Good product,Nice<U+0001F44D><U+0001F44F><U+0001F60A>,It is too good in this range,Have clicking sound under slow speed and installation nut & bolts are not in appropriate size"
"B08D6RCM3Q","PrettyKrafts Folding Laundry Basket for Clothes with Lid & Handle, Toys Organiser, 75 Litre, (Pack of 1), Mushroom Print","Home&Kitchen|HomeStorage&Organization|LaundryOrganization|LaundryBaskets",351,899,0.61,4.1,1051,"Overall good purchase,Good,Good Purchase,Ok hi upar ka dhakkan bahut acchi quality ka nahi hi,Nice,A must have product for your home...gud capacity nice look,Decent buy,Good product"
"B009P2LITG","Bajaj Majesty RX11 2000 Watts Heat Convector Room Heater (White, ISI Approved)","Home&Kitchen|Heating,Cooling&AirQuality|RoomHeaters|ElectricHeaters",2164,3279,0.34,4.1,1716,"Useful on winter / cold deasons,Socket required,nice,GOOD QUALITY,Handy,Handy and easy  to use,Liked it,Good"
"B00V9NHDI4","Eureka Forbes Trendy Zip 1000 Watts powerful suction vacuum cleaner with resuable dust bag & 5 accessories,1 year warrantycompact,light weight & easy to use (Black)","Home&Kitchen|Kitchen&HomeAppliances|Vacuum,Cleaning&Ironing|Vacuums&FloorCare|Vacuums|CanisterVacuums",2811,3799,0.26,3.9,32931,"Decent product,Handy and easy to use,Good product,Dustbag,Review,Good product with budget price,Nice and compact product for office use.,Very good product"
"B07WGPBXY9","Pigeon by Stovekraft Quartz Electric Kettle (14299) 1.7 Litre with Stainless Steel Body, used for boiling Water, making tea and coffee, instant noodles, soup etc. 1500 Watt (Silver)","Home&Kitchen|Kitchen&HomeAppliances|SmallKitchenAppliances|Kettles&HotWaterDispensers|ElectricKettles",899,1249,0.28,3.9,17424,"Nice product,Need to improve length of cord,Water hot only few minutes.,Good product,Problem with the kettle.,Very good product <U+0001F44D>,Good performance,Good product"
"B00KRCBA6E","Maharaja Whiteline Lava Neo 1200-Watts Halogen Heater (White and Red)","Home&Kitchen|Heating,Cooling&AirQuality|RoomHeaters",2500,5000,0.5,3.8,1889,"Good product,One month is gone,How to buy lights extra ??????????,Best product,Waste product I received a broken product,Built quality not good,Don't buy. Maharaja is a cheater company,Does the job, but have one concern!!!,Value for money."
"B0B3X2BY3M","Crompton Gracee 5-L Instant Water Heater (Geyser)","Home&Kitchen|Heating,Cooling&AirQuality|WaterHeaters&Geysers|InstantWaterHeaters",3577,7299,0.51,4,10324,"Best geyser hai saste dam mein Mera experience iske sath achcha Raha,Nice product,Good product,Working as expected,Good Product,Very Quick and Good customer service,Good product,Does the work"
"B00F159RIK","Bajaj DX-2 600W Dry Iron with Advance Soleplate and Anti-bacterial German Coating Technology, Black","Home&Kitchen|Kitchen&HomeAppliances|Vacuum,Cleaning&Ironing|Irons,Steamers&Accessories|Irons|DryIrons",500,625,0.2,4.2,5355,"Good  product,Ok. To. Use and good for this offered price 485rs,All over Quolity is Good.,Nice job,Nice,Its good but iron is not otuo disconnect.,Good product,Why package is very poor"
"B08MV82R99","Bajaj Waterproof 1500 Watts Immersion Rod Heater","Home&Kitchen|Heating,Cooling&AirQuality|WaterHeaters&Geysers|ImmersionRods",653,1020,0.36,4.1,3366,"Highly time consumption.....,Slowly,It's good.,The cord length is ok, but the jack point is different,Useful product,Good Product,Good,good"
"B09VKWGZD7","AGARO Supreme High Pressure Washer, 1800 Watts, 120 Bars, 6.5L/Min Flow Rate, 8 Meters Outlet Hose, Portable, for Car,Bike and Home Cleaning Purpose, Black and Orange","Home&Kitchen|Kitchen&HomeAppliances|Vacuum,Cleaning&Ironing|PressureWashers,Steam&WindowCleaners",4765,8990,0.47,4.3,1017,"good machine in budget,Very good product...,Over all experience is good with this product,Very good machine insuch a price range,Overall,Good product.easy to use,Good product compared to the price range..and performance is satifactory,Useful product with good build quality"
"B009P2LK80","Bajaj Deluxe 2000 Watts Halogen Room Heater (Steel, ISI Approved), Multicolor","Home&Kitchen|Heating,Cooling&AirQuality|RoomHeaters|HalogenHeaters",1410,1639,0.14,3.7,787,"Overall good product,Value for money <U+0001F44D>,Brand,Heater,Good product for home room heater,It's not repairable at all.,Electricity Current Passing Through its Entire Body,one rod is not working  solution i have"
"B00A7PLVU6","Orpat HHB-100E WOB 250-Watt Hand Blender (White)","Home&Kitchen|Kitchen&HomeAppliances|SmallKitchenAppliances|HandBlenders",755,899,0.16,4.2,18462,"Nice product but little bit costly,Is good,Value for money,Ok,Good product,Nice product,we can use it for every work like chatni, shake, blending, etc so you must try it.,Using it since 2019"
"B0B25DJ352","GILTON Egg Boiler Electric Automatic Off 7 Egg Poacher for Steaming, Cooking Also Boiling and Frying, Multi Color","Home&Kitchen|Kitchen&HomeAppliances|SmallKitchenAppliances|EggBoilers",348,1199,0.71,4.3,629,"Good product,Worth of cast and useful of batchelors,This product quality is very good,i like this product,Value for Money,Verry use ful,Good product and easy to use,Looks nice,Excellent product"
"B013B2WGT6","HealthSense Chef-Mate KS 33 Digital Kitchen Weighing Scale & Food Weight Machine for Health, Fitness, Home Baking & Cooking with Free Bowl, 1 Year Warranty & Batteries Included","Home&Kitchen|Kitchen&HomeAppliances|SmallKitchenAppliances|DigitalKitchenScales",1101,1899,0.42,4.3,15276,"Very light weight. Almost accurate measurements.,Easy to use and on point!,Highly recommend product..just need some minor advanced feature in measuring liquid,Received in a decent condition,Good machine with precision,Great product,Excellent scale,Good Product"
"B091V8HK8Z","Milton Go Electro 2.0 Stainless Steel Electric Kettle, 1 Piece, 2 Litres, Silver | Power Indicator | 1500 Watts | Auto Cut-off | Detachable 360 Degree Connector | Boiler for Water","Home&Kitchen|Kitchen&HomeAppliances|SmallKitchenAppliances|Kettles&HotWaterDispensers|ElectricKettles",1348,1750,0.23,3.8,2466,"Good at this budget,Good product,Cord length,Cord length is too short,Product is good,Power cable is too short !!!,Value for money <U+0001F4B0>,Short wire"
"B071VNHMX2","Philips Daily Collection HD2582/00 830-Watt 2-Slice Pop-up Toaster (White)","Home&Kitchen|Kitchen&HomeAppliances|SmallKitchenAppliances|Pop-upToasters",2095,2095,0,4.5,7949,"Good toaster,Seamless. Undoubtedly the best,Good product,Everything,Nice and okayish to use at home.,Value for money,Good pop-up toaster. Bun warmer feature is a nice addition,Wonderful product."
"B08MVSGXMY","Crompton Insta Comfy 800 Watt Room Heater with 2 Heat Settings(Grey Blue)","Home&Kitchen|Heating,Cooling&AirQuality|RoomHeaters|ElectricHeaters",1495,2300,0.35,3.8,95,"Good product,Very nice products good quality <U+0001F44C><U+0001F44C>,use carefully,No fear of over loading,very nice,Safety switch not working witch required change,Not stainless Steel make reflector !,Bullshit product"
"B00H0B29DI","USHA Heat Convector 812 T 2000-Watt with Instant Heating Feature (Black)","Home&Kitchen|Heating,Cooling&AirQuality|RoomHeaters|HeatConvectors",2213,2990,0.26,3.8,1558,"Should you buy this?, read to find out ....,Good one,Good,Best product,Stopped working in just 18days and worst after sale service,Perfect,Price seems to be high,Solid one .better and best one."
"B01GZSQJPA","Philips HL7756/00 Mixer Grinder, 750W, 3 Jars (Black)","Home&Kitchen|Kitchen&HomeAppliances|SmallKitchenAppliances|MixerGrinders",3694,4295,0.14,4.1,26543,"It is a dependable mixer one can buy without any hesitation,Good kitchen addition,It does not have light indicater,Nil,Noise is too much,Nice deal.,Nice product,<U+0001F612>"
"B08VGFX2B6","Kuber Industries Waterproof Round Non Wovan Laundry Bag/Hamper|Metalic Printed With Handles|Foldable Bin & 45 Liter Capicity|Size 37 x 37 x 49, Pack of 1 (Beige & Brown)-KUBMART11450","Home&Kitchen|HomeStorage&Organization|LaundryOrganization|LaundryBaskets",177,199,0.11,4.1,3688,"good product,Nice one,Product is gud but size could be little more,Best Buying,Good product,Material is good,Worth for cost,Sturdiness of Kuber Industries Waterproof Round Non Woven Laundry Bag"
"B09GYBZPHF","Lifelong LLMG93 500 Watt Duos Mixer Grinder, 2 Stainless Steel Jar (Liquidizing and Chutney Jar)| ABS Body, Stainless Steel Blades, 3 Speed Options with Whip (1 Year Warranty, Black)","Home&Kitchen|Kitchen&HomeAppliances|SmallKitchenAppliances|MixerGrinders",1150,2499,0.54,3.8,4383,"Good one.....i liked it,Very rare noise,Very easy to use,Good Product,Nice product,Good one, but heating problem,Nice product,Nice product"
"B0B4KPCBSH","IKEA Frother for Milk","Home&Kitchen|Kitchen&HomeAppliances|Coffee,Tea&Espresso|CoffeeGrinders|ElectricGrinders",245,499,0.51,3.3,478,"Buy from ikea directly,Good quality,one battery set should be provided with the frother. The battery is not available locally,very bad product dont buy even no return option available,Not IKEA quality,Average quality,Really Good,Not powerful enough"
"B09CGLY5CX","Crompton Insta Comfort Heater 2000 Watts Heat Convector with Adjustable Thermostats, Hybrid Cyan, Standard (<U+200E>ACGRH- INSTACOMFORT)","Home&Kitchen|Heating,Cooling&AirQuality|RoomHeaters|ElectricHeaters",1968,2400,0.18,4,237,"Nice heater,Nice,Plug needs an adaptor,Elements is not of good quality burning smell,It's ok <U+263A><U+FE0F>,Beautiful design light weight effective one,Plug issue,Damaged item received"
"B09JN37WBX","Lint Remover Woolen Clothes Lint Extractor Battery Lint Removing Machine Bhur Remover","Home&Kitchen|Kitchen&HomeAppliances|Vacuum,Cleaning&Ironing|Irons,Steamers&Accessories|LintShavers",322,749,0.57,4.6,124,"good,Overall good product but got stop inbetween there is some gap for long term use.,Perfect,Useful,Must buy,Overall nice product,Good product,Amazing product"
"B01I1LDZGA","Pigeon Kessel Multipurpose Kettle (12173) 1.2 litres with Stainless Steel Body, used for boiling Water and milk, Tea, Coffee, Oats, Noodles, Soup etc. 600 Watt (Black & Silver)","Home&Kitchen|Kitchen&HomeAppliances|SmallKitchenAppliances|Kettles&HotWaterDispensers|ElectricKettles",1491,1775,0.16,3.9,14667,"Nice product,Best for hostel guys,Easy to handle,Very nicely,Easy to use ...,Best for bachelor <U+0001F44C><U+0001F44C><U+0001F44C>,Heating is not even and happens only side of the kettle.,There is no flame adjustment"
"B0BN2576GQ","C (DEVICE) Lint Remover for Woolen Clothes, Electric Lint Remover, Best Lint Shaver for Clothes Pack of 1","Home&Kitchen|Kitchen&HomeAppliances|Vacuum,Cleaning&Ironing|Irons,Steamers&Accessories|LintShavers",464,1599,0.71,3.7,6,"Amazing results,Bestest product ever"
"B06XPYRWV5","Pigeon by Stovekraft 2 Slice Auto Pop up Toaster. A Smart Bread Toaster for Your Home (750 Watt) (black)","Home&Kitchen|Kitchen&HomeAppliances|SmallKitchenAppliances|Pop-upToasters",1095,1795,0.39,4.2,4244,"Good one,Nice,Wrong information provided by pigeon,Good product.,Best in class for this price,Best in this budget,Good product,Nice product"
"B00O2R38C4","Luminous Vento Deluxe 150 mm Exhaust Fan for Kitchen, Bathroom with Strong Air Suction, Rust Proof Body and Dust Protection Shutters (2-Year Warranty, White)","Home&Kitchen|Heating,Cooling&AirQuality|Fans|ExhaustFans",998,1490,0.33,4.1,12999,"It's good product for other company.,Value for money!,Not satisfy with the speed,Cleaning is problematic,Ok,Good,Good looking fan but motor fitted with fiber body.. Quality ok.,Good one, with bigger, not sure about dimension wise."
"B0B2CZTCL2","Wipro Vesta 1.8 litre Cool touch electric Kettle with Auto cut off | Double Layer outer body | Triple Protection - Dry Boil, Steam & Over Heat |Stainless Steel Inner Body | (Black, 1500 Watt)","Home&Kitchen|Kitchen&HomeAppliances|SmallKitchenAppliances|Kettles&HotWaterDispensers|Kettle&ToasterSets",1299,1999,0.35,3.8,311,"I received a damaged product,Some defects but working as of now,Using for morenthan 6 months now.,Very good product,Cord length is too small,Easy to use,Noise,of good quality"
"B00PVT30YI","Kitchen Mart Stainless Steel South Indian Filter Coffee Drip Maker, Madras Kappi, Drip Decotion Maker160ml (2 Cup)","Home&Kitchen|Kitchen&HomeAppliances|Coffee,Tea&Espresso|DripCoffeeMachines",294,499,0.41,4.1,4238,"Coffee Filter,Just go for it!,Happy with the product,If you drink 1 or 2 cups of coffee a day, this's it,Works well! But pricey,Easy to make coffee with and sustainable.,GOOD FILTER,good for a person or two"
"B00SH18114","Ikea 903.391.72 Polypropylene Plastic Solid Bevara Sealing Clip (Multicolour) - 30 Pack, Adjustable","Home&Kitchen|Kitchen&HomeAppliances|SmallKitchenAppliances|VacuumSealers",161,299,0.46,4.6,2781,"It is Okay.,Amazing product and fast shipping,Sturdy,Good, its Useful.,most useful products for every kitchen,value for money,Good Quality Product,Good clips"
"B00E9G8KOY","HUL Pureit Germkill kit for Classic 23 L water purifier - 1500 L Capacity","Home&Kitchen|Kitchen&HomeAppliances|WaterPurifiers&Accessories|WaterPurifierAccessories",600,600,0,4.1,10907,"Wrong battery,It's working,Good,Ordinary product,Good,Poor packing not expected from a reputed brand like HUL<U+0001F623><U+0001F623><U+0001F623>,Water purifier,upset with product not good"
"B00H3H03Q4","HUL Pureit Germkill kit for Classic 23 L water purifier - 3000 L Capacity","Home&Kitchen|Kitchen&HomeAppliances|WaterPurifiers&Accessories|WaterCartridges",1130,1130,0,4.2,13250,"Good product,Nice product up to the mark,Good one,Excellent,Water purifier,Good,Super,Good it helping us"
"B0756K5DYZ","Prestige Iris 750 Watt Mixer Grinder with 3 Stainless Steel Jar + 1 Juicer Jar (White and Blue)","Home&Kitchen|Kitchen&HomeAppliances|SmallKitchenAppliances|MixerGrinders",3273,6295,0.48,3.9,43070,"Juicer is not effective,Ok good,Products quality very  good,Coupler stopped working within 2 months of buying,It is good,Good to buy,Good,Weight less"
"B0188KPKB2","Preethi Blue Leaf Diamond MG-214 mixer grinder 750 watt (Blue/White), 3 jars & Flexi Lid, FBT motor with 2yr Guarantee & Lifelong Free Service","Home&Kitchen|Kitchen&HomeAppliances|SmallKitchenAppliances|MixerGrinders",3593,9455,0.62,4.1,11828,"My sister is very happy with the performance of this item . Good buy and good deal,Product is good,Good,Great product,Good product,Good quality product but price is too high,Value for money,Good"
"B091KNVNS9","Themisto 350 Watts Egg Boiler-Blue","Home&Kitchen|Kitchen&HomeAppliances|SmallKitchenAppliances|EggBoilers",370,699,0.47,4.1,1240,"Highly displayed,Very convenient for egg boiling,Good produvt,Good,Nice <U+0001F44D><U+0001F44D><U+0001F44D><U+0001F44D><U+0001F44D>,Fitting issue,Quality of item,Auto-cut stopped working after 10 days"
"B075JJ5NQC","Butterfly Smart Mixer Grinder, 750W, 4 Jars (Grey)","Home&Kitchen|Kitchen&HomeAppliances|SmallKitchenAppliances|MixerGrinders",3199,4999,0.36,4,20869,"5 star,LED light is not there.,Nice look,Better,Nice,Worthy product,Nice product,Noice very high improve that first priority"
"B0B5KZ3C53","KENT Smart Multi Cooker Cum Kettle 1.2 Liter 800 Watts, Electric Cooker with Steamer & Boiler for Idlis, Instant Noodles, Momos, Eggs, & Steam Vegetables, Inner Stainless Steel & Cool Touch Outer Body","Home&Kitchen|Kitchen&HomeAppliances|SmallKitchenAppliances|Rice&PastaCookers",1595,2900,0.45,3.7,441,"In one use there is a burning spot in level of cooker.,Great product but having some minor concerns,<U+0938><U+093E><U+0925> <U+092E><U+0947> <U+0907><U+0938><U+0915><U+0947> <U+0938><U+0939><U+093E><U+092F><U+0915> <U+092A><U+0949><U+091F><U+094D><U+0938> <U+0928><U+0939><U+0940> <U+0928><U+093F><U+0915><U+0932><U+0947> <U+0939><U+0948> <U+0915><U+0943><U+092A><U+092F><U+093E> <U+092D><U+093F><U+091C><U+092C><U+0928><U+0947> <U+0915><U+093E> <U+0915><U+0938><U+094D><U+091F> <U+0915><U+0930><U+0947> <U+0907><U+0938><U+0915><U+0947> <U+092C><U+093F><U+0928><U+093E> <U+0907><U+0938><U+0915><U+093E> <U+092F><U+0942><U+095B> <U+0928><U+0939><U+0940> <U+0939><U+094B> <U+092A><U+093E> <U+0930><U+0939><U+093E> <U+0939><U+0948>,It is small and atractive,Expensive,Good one,It's no easy to use,Amazing product for baby and adults both"
"B09NTHQRW3","InstaCuppa Portable Blender for Smoothie, Milk Shakes, Crushing Ice and Juices, USB Rechargeable Personal Blender Machine for Kitchen with 2000 mAh Rechargeable Battery, 150 Watt Motor, 400 ML","Home&Kitchen|Kitchen&HomeAppliances|SmallKitchenAppliances|HandBlenders",1999,2499,0.2,4.1,1034,"Great for smoothies and shakes,Very good products,Very nice portable and easy to wash blender,Good product,Great build quality,Good,This  item made my day,Good product"
"B008YW3CYM","USHA EI 1602 1000 W Lightweight Dry Iron with Non-Stick Soleplate (Multi-colour)","Home&Kitchen|Kitchen&HomeAppliances|Vacuum,Cleaning&Ironing|Irons,Steamers&Accessories|Irons|DryIrons",619,1190,0.48,4.1,37126,"Lightweight Dry Iron,Best Iron on cheap rate,Simple and good,Good Product in this price range. However, I recevied a bit damaged product at the handle.,Good,Amazing product,Hot11,Not happy with performance"
"B07QHHCB27","KENT 16044 Hand Blender Stainless Steel 400 W | Variable Speed Control | Easy to Clean and Store | Low Noise Operation","Home&Kitchen|Kitchen&HomeAppliances|SmallKitchenAppliances|HandBlenders",1491,2100,0.29,4.1,6355,"Good product,Working fine,Best hand blender,Good product,Nice product,Good Product,Nice gadget for simple use.,Defected product recieved have put it on replacement"
"B0BMFD94VD","White Feather Portable Heat Sealer Mini Sealing Machine for Food Storage Vacuum Bag, Chip, Plastic, Snack Bags, Package Home Closer Storage Tool (Multicolor) Random Colour","Home&Kitchen|Kitchen&HomeAppliances|SmallKitchenAppliances|VacuumSealers",200,499,0.6,3.3,12,"Very useful product and value for money,Not working,Don't buy,Valuable product,Not working useless product,Return"
"B00HZIOGXW","Crompton IHL 152 1500-Watt Immersion Water Heater with Copper Heating Element (Black)","Home&Kitchen|Heating,Cooling&AirQuality|WaterHeaters&Geysers|ImmersionRods",610,825,0.26,4.1,13165,"It costs Rs 500 in local electric shop,Good product <U+0001F44C>,It's really a good product, required a better holding to pull it back from socket,Nice and excellent quality,Easy use,Nice product,Nice Product,Plug size"
"B09CKSYBLR","InstaCuppa Rechargeable Mini Electric Chopper - Stainless Steel Blades, One Touch Operation, for Mincing Garlic, Ginger, Onion, Vegetable, Meat, Nuts, (White, 250 ML, Pack of 1, 45 Watts)","Home&Kitchen|Kitchen&HomeAppliances|SmallKitchenAppliances|MiniFoodProcessors&Choppers",1004,1499,0.33,4.1,1646,"Cute n handy product for small family <U+263A><U+FE0F>,Good for small items,Easy to work with,Good product.....,Very good product,Compact for travel,very good,Ok"
"B09MTLG4TP","SAIELLIN Electric Lint Remover for Clothes Fabric Shaver Lint Shaver for Woolen Clothes Blanket Jackets Stainless Steel Blades, Clothes and Furniture Lint Roller for Fabrics Portable Lint Shavers (White Orange)","Home&Kitchen|Kitchen&HomeAppliances|Vacuum,Cleaning&Ironing|Irons,Steamers&Accessories|LintShavers",450,999,0.55,4.3,610,"Good one,It’s effective,Amazing product for lint removal,Must for every household,Best use,Amazing product,Good product and easy to use,Easy to use"
"B097XJQZ8H","Cookwell Bullet Mixer Grinder (5 Jars, 3 Blades, Silver)","Home&Kitchen|Kitchen&HomeAppliances|SmallKitchenAppliances|MixerGrinders",2460,6000,0.59,4.1,8866,"Worth for money and best customer service.,Good buy,Helpful.. customer care amazing,Good performance with less space,Best suited for bachelors,Best mixer grinder for small daily kitchen requirement..,Happy with cookwell<U+263A>,Nice product"
"B00935MD1C","Prestige PRWO 1.8-2 700-Watts Delight Electric Rice Cooker with 2 Aluminium Cooking Pans - 1.8 Liters, White","Home&Kitchen|Kitchen&HomeAppliances|SmallKitchenAppliances|Rice&PastaCookers",2722,3945,0.31,3.7,13406,"Totally simple and good product,Good,Normal,Rice cooker is good,Excellent product,Gud product,Power,Good product"
"B0BR4F878Q","Swiffer Instant Electric Water Heater Faucet Tap Home-Kitchen Instantaneous Water Heater Tank less for Tap, LED Electric Head Water Heaters Tail Gallon Comfort(3000W) ((Pack of 1))","Home&Kitchen|Heating,Cooling&AirQuality|WaterHeaters&Geysers|InstantWaterHeaters",1439,1999,0.28,4.8,53803,"Best Product,It’s expansive but it works well upto 800sqft area,Great product"
"B0B3G5XZN5","InstaCuppa Portable Blender for Smoothie, Milk Shakes, Crushing Ice and Juices, USB Rechargeable Personal Blender Machine for Kitchen with 4000 mAh Rechargeable Battery, 230 Watt Motor, 500 ML","Home&Kitchen|Kitchen&HomeAppliances|SmallKitchenAppliances|HandBlenders",2799,3499,0.2,4.5,546,"Bottom Lid should have provided,Good product... Compact.... Battery has less strength....,Easy to use, to carry and quality <U+0001F44C>,Good for smoothies..,Nice one,Worth it for a person living in PG.,Good,Ok for the Price. Not something perfect"
"B07WKB69RS","Lifelong LLWH106 Flash 3 Litres Instant Water Heater for Home Use, 8 Bar Pressure,Power On/Off Indicator and Advanced Safety, (3000W, ISI Certified, 2 Years Warranty)","Home&Kitchen|Heating,Cooling&AirQuality|WaterHeaters&Geysers|InstantWaterHeaters",2109,5550,0.62,4,5292,"No Inlet and Outlet Pipe + Installation is Chargeable,Budget friendly & easy to use,GOOD FOR KITCHEN,Life long geyser is realy life long,Good Product,It is very small size but works very well.  It provides hot water in 2min which is amazing.,Value for money,Good geyser in price range, but little power hungry item"
"B09DL9978Y","Hindware Atlantic Compacto 3 Litre Instant water heater with Stainless Steel Tank, Robust Construction, Pressure Relief Valve And I-thermostat Feature (White And Grey)","Home&Kitchen|Heating,Cooling&AirQuality|WaterHeaters&Geysers|InstantWaterHeaters",2387,4590,0.48,4.1,444,"Good heater, and delivery and installation was easy,Good but comes without Plug,Nice,Bestbest,Good,Good product,Ok,Good"
"B06XMZV7RH","ATOM Selves-MH 200 GM Digital Pocket Scale","Home&Kitchen|Kitchen&HomeAppliances|SmallKitchenAppliances|DigitalKitchenScales",309,499,0.38,3.9,4584,"OK Product.,Good & accurate,Not working inaccuracy,Ok for approximate weight estimation,Stopped working,Works just fine,but needs to be handled very carefully,Cheap qulity but accurate,Good Product"
"B09WMTJPG7","Crompton InstaBliss 3-L Instant Water Heater (Geyser) with Advanced 4 Level Safety","Home&Kitchen|Heating,Cooling&AirQuality|WaterHeaters&Geysers|InstantWaterHeaters",2596,4400,0.41,4.1,14947,"Cute design,worth buying.,Not good for bathing bucket,I bought it recently. Only using it for 3 days . Its okay till now, heating properly.. Good product.,More useful for kitchen use,Good one,Good product,Nice product easy to install and easy to operate"
"B09ZK6THRR","Croma 1100 W Dry Iron with Weilburger Dual Soleplate Coating (CRSHAH702SIR11, White)","Home&Kitchen|Kitchen&HomeAppliances|Vacuum,Cleaning&Ironing|Irons,Steamers&Accessories|Irons|DryIrons",480,1000,0.52,4.2,1559,"Nice,Nice buy,Good,Very nice,Good <U+0001F60A>,Value for money,Good,Get heat very fast but cold very fast"
"B07MP21WJD","Lint Roller with 40 Paper Sheets, 22 x 5 cm (Grey)","Home&Kitchen|Kitchen&HomeAppliances|Vacuum,Cleaning&Ironing|Irons,Steamers&Accessories|LintShavers",245,299,0.18,4.1,1660,"Nice product,Removes the lightest of lint,Very good,Product is good but price is high,very very god product,Super,Good...,Amazing product"
"B09XB1R2F3","Portable Lint Remover Pet Fur Remover Clothes Fuzz Remover Pet Hairball Quick Epilator Shaver Removing Dust Pet Hair from Clothing Furniture Perfect for Clothing,Furniture,Couch,Carpet (Standard)","Home&Kitchen|Kitchen&HomeAppliances|Vacuum,Cleaning&Ironing|Irons,Steamers&Accessories|LintShavers",176,799,0.78,3.5,132,"Cannot extract small hair and takes lot of time,It's okay,Quality is not so good,Nice low range idea,Can be used only on velvet type material,below average,Wow. The first pet hair remover that actually works.,It works are advertised"
"B08Y5QJXSR","atomberg Renesa 1200mm BLDC Motor with Remote 3 Blade Energy Saving Ceiling Fan (Matt Black)","Home&Kitchen|Heating,Cooling&AirQuality|Fans|CeilingFans",3581,5190,0.31,4.3,28629,"They will charge you an additional <U+20B9>300/- for installation.,Good,yes,Er hardik trivedi,Noise problem due to magnets inside,Good,Easy to install like normal one,Ok <U+0001F44D><U+0001F44D><U+0001F44D> ok"
"B07WJXCTG9","Pigeon by Stovekraft Amaze Plus Electric Kettle (14313) with Stainless Steel Body, 1.8 litre, used for boiling Water, making tea and coffee, instant noodles, soup etc. 1500 Watt (Silver)","Home&Kitchen|Kitchen&HomeAppliances|SmallKitchenAppliances|Kettles&HotWaterDispensers|ElectricKettles",699,1345,0.48,3.9,8446,"Useful,Not value for money,<U+0915><U+0940><U+092E><U+0924> <U+0915><U+0947> <U+0939><U+093F><U+0938><U+093E><U+092C> <U+0938><U+0947> <U+092C><U+0947><U+0939><U+0924><U+0930> <U+0935><U+0938><U+094D><U+0924><U+0941> <U+0939><U+0948>,Good product,Average,Very Good,After sell service,Good"
"B09NBZ36F7","Usha CookJoy (CJ1600WPC) 1600 Watt Induction cooktop (Black)","Home&Kitchen|Kitchen&HomeAppliances|SmallKitchenAppliances|InductionCooktop",2080,4000,0.48,4.2,11199,"Product is always good ,but service is not properly packaging also dammage box . focus on service,Easy to clean,V good,Good product,I love product Usha,Best,Good for bachelors,Good <U+0001F44D>"
"B0912WJ87V","Reffair AX30 [MAX] Portable Air Purifier for Car, Home & Office | Smart Ionizer Function | H13 Grade True HEPA Filter [Internationally Tested] Aromabuds Fragrance Option - Black","Car&Motorbike|CarAccessories|InteriorAccessories|AirPurifiers&Ionizers",2320,4000,0.42,3.8,1118,"Liked it,User friendly and effective,Not as per expected,Worth buying for cars which doesn't have inbuilt filter,It works really well...AX30MAX is what we all need..!!,Air purification is awesome,Excelent product for the Prize you pay,Dont expect much"
"B0BMTZ4T1D","!!1000 Watt/2000-Watt Room Heater!! Fan Heater!!Pure White!!HN-2500!!Made in India!!","Home&Kitchen|Heating,Cooling&AirQuality|RoomHeaters|FanHeaters",784,1599,0.51,4.5,11,"<U+0001F44D>,Good quality product and value for money. Recommend for buy,Average product,Good product at good price,Smelling like sumting smoking"
"B0BDG6QDYD","Activa Heat-Max 2000 Watts Room Heater (White color ) with ABS body","Home&Kitchen|Heating,Cooling&AirQuality|RoomHeaters|FanHeaters",896,1990,0.55,4.1,185,"Good product for this price...go for it,Nice,Very nice,Value for money,Electry consumption is high,Value for Money,Awesome.  Value for money , Writing after a week's use,Activa chalao thand bhagao"
"B00YQLG7GK","PHILIPS HL1655/00 Hand Blender, White Jar 250W","Home&Kitchen|Kitchen&HomeAppliances|SmallKitchenAppliances|HandBlenders",1695,1695,0,4.2,14290,"Heats up after less time of usage.,Its is fine,Excellent product,You can go for it.,Worth of money n stylish look,Good,HIGH SPEED VERY GOOD WORKING,Nice product"
"B00SMJPA9C","Bajaj DX-2 600W Dry Iron with Advance Soleplate and Anti-Bacterial German Coating Technology, Grey","Home&Kitchen|Kitchen&HomeAppliances|Vacuum,Cleaning&Ironing|Irons,Steamers&Accessories|Irons|DryIrons",498,940,0.47,4.1,3036,"No more time for heat .this is very awesome product,Light weight &easy to use,Ati Uttam,Awesome,Not upto the mark,essay to use value for mony,Always worst package, it was completely damaged,Good product"
"B0B9RN5X8B","V-Guard Zio Instant Water Geyser | 3 Litre | 3000 W Heating | White-Blue | | 2 Year Warranty","Home&Kitchen|Heating,Cooling&AirQuality|WaterHeaters&Geysers|InstantWaterHeaters",2679,4700,0.43,4.2,1296,"Good<U+0001F44C>,Good built quality,Quality Product under 3000,good price,Nice product,Good product,Exlent<U+2764>,Outlet is very slow"
"B08QW937WV","Homeistic Applience™ Instant Electric Water Heater Faucet Tap For Kitchen And Bathroom Sink Digital Water Heating Tap with Shower Head ABS Body- Shock Proof (Pack Of 1. White)","Home&Kitchen|Heating,Cooling&AirQuality|WaterHeaters&Geysers|InstantWaterHeaters",1440,2999,0.52,4.5,19,"Good product,Very Useful in winter,Good product,Good product must buy.,Best for kitchen,Apperance,Best product<U+0001F61A>,Good working"
"B0B4PPD89B","Kitchenwell 18Pc Plastic Food Snack Bag Pouch Clip Sealer for Keeping Food Fresh for Home, Kitchen, Camping Snack Seal Sealing Bag Clips (Multi-Color) | (Pack of 18)|","Home&Kitchen|Kitchen&HomeAppliances|SmallKitchenAppliances|VacuumSealers",79,79,0,4,97,"Good clips.,Second quality,Value for money.,Not bad,Good,Worth the price,Worth purchasing,Average"
"B00NM6MO26","Prestige PIC 16.0+ 1900W Induction Cooktop with Soft Touch Push Buttons (Black)","Home&Kitchen|Kitchen&HomeAppliances|SmallKitchenAppliances|InductionCooktop",2683,3945,0.32,4,15034,"Product is Good but expensive on Amazon,The product is good.,Life is just 13 months only,,Useful product,Good induction stove,Light weight yet dependable cook top.,Good,Working fine and it's very easy to use"
"B083M7WPZD","AGARO 33398 Rapid 1000-Watt, 10-Litre Wet & Dry Vacuum Cleaner, with Blower Function (Red & Black)","Home&Kitchen|Kitchen&HomeAppliances|Vacuum,Cleaning&Ironing|Vacuums&FloorCare|Vacuums|Wet-DryVacuums",3179,5999,0.47,4,3242,"Nice product,cleaning,Performance is okay for this cost,Serve the purpose,Value of money,Some damage in inside the product,It's good,Good"
"B07GLSKXS1","KENT 16026 Electric Kettle Stainless Steel 1.8 L | 1500W | Superfast Boiling | Auto Shut-Off | Boil Dry Protection | 360° Rotating Base | Water Level Indicator","Home&Kitchen|Kitchen&HomeAppliances|SmallKitchenAppliances|Kettles&HotWaterDispensers|Kettle&ToasterSets",1190,1950,0.39,3.9,2832,"The base unit is rather flimsy. could have been slightly thicker!!,Good,great,Good,Leaking issue,Pot external body gets heated, which is not expected.,Nice Product,Best Buy for Price of Rs 699"
"B09F6KL23R","SKYTONE Stainless Steel Electric Meat Grinders with Bowl 700W Heavy for Kitchen Food Chopper, Meat, Vegetables, Onion , Garlic Slicer Dicer, Fruit & Nuts Blender (2L, 700 Watts)","Home&Kitchen|Kitchen&HomeAppliances|SmallKitchenAppliances|MiniFoodProcessors&Choppers",1427,2799,0.49,4,1498,"Purchase 2, one receoved damaged,Good for chopping.,NICE PRODUCT,A very good product.Worth buying,It’s to early heating and wire smelling were is the service centre,Nice product worth it <U+0001F44D><U+0001F3FB>,The container is very flimsy.,Ritan and ripales"
"B094G9L9LT","KENT 16088 Vogue Electric Kettle 1.8 Litre 1500 W | Stainless Steel body | Auto shut off over heating protection | 1 Year Warranty","Home&Kitchen|Kitchen&HomeAppliances|SmallKitchenAppliances|Kettles&HotWaterDispensers|ElectricKettles",994,1950,0.49,3.8,305,"Need to improve the outlook.,Scratch on product and noisy one,Excellent Product,good,Fabulous,Good item.,Very bad experience,Best market price"
"B07FXLC2G2","Tata Swach Bulb 6000-Litre Cartridge, 1 Piece, White, Hollow Fiber Membrane","Home&Kitchen|Kitchen&HomeAppliances|WaterPurifiers&Accessories|WaterFilters&Purifiers",699,699,0,4.2,3160,"Good,FITTING,Sealing of the product is faulty,5 Star <U+2B50>,Best,Easy to install,Nice,Best filter"
"B01LYU3BZF","Havells Ambrose 1200mm Ceiling Fan (Gold Mist Wood)","Home&Kitchen|Heating,Cooling&AirQuality|Fans|CeilingFans",2201,3190,0.31,4.3,9650,"Fan is making sound. Whom do i contact.,Speed,Good quality,nice product,Fan wise excellent but little pricey,When it comes to electric appliances Havells never disappoints.,Not satisfied because the product has got dents,Good performance"
"B083RC4WFJ","PrettyKrafts Laundry Bag / Basket for Dirty Clothes, Folding Round Laundry Bag,Set of 2, Black Wave","Home&Kitchen|HomeStorage&Organization|LaundryOrganization|LaundryBags",320,799,0.6,4.2,3846,"Good for the price,Good product,Good Deal,Defective,It is great to store laundry and looks good too. Good quality,Nice product.,Yes,Ok for the price, lacks structural support"
"B09SFRNKSR","FABWARE Lint Remover for Clothes - Sticky Lint Roller for Clothes, Furniture, Wool, Coat, Car Seats, Carpet, Fabric, Dust Cleaner, Pet Hair Remover with 1 Handle & 1 Refill Total 60 Sheets & 1 Cover","Home&Kitchen|Kitchen&HomeAppliances|Vacuum,Cleaning&Ironing|Irons,Steamers&Accessories|LintShavers",299,499,0.4,4.4,290,"Nice product, a must have,It works like magic <U+0001F4AB><U+0001F4AB>,Useful and beneficial,Good,Good and useful,Easy to use,Go for it,Easy to use but expensive"
"B07NRTCDS5","Brayden Fito Atom Rechargeable Smoothie Blender with 2000 mAh Battery and 3.7V Motor with 400ml Tritan Jar (Blue)","Home&Kitchen|Kitchen&HomeAppliances|SmallKitchenAppliances|JuicerMixerGrinders",1199,1499,0.2,3.8,2206,"Worth it,Good for travelers,Nice,It works but you need to add quite alot of milk,Great product at this price range,Great product but just for smoothies,Full value for money,Don't compare it with really mixer"
"B07SPVMSC6","Bajaj Frore 1200 mm Ceiling Fan (Brown)","Home&Kitchen|Heating,Cooling&AirQuality|Fans|CeilingFans",1410,2660,0.47,4.1,9349,"<U+0001F4A5>,Considering the price range, it’s a good one,Worthy,Good products,Good,Good as brand,Ok Product,Value for money,"
"B09H3BXWTK","Venus Digital Kitchen Weighing Scale & Food Weight Machine for Health, Fitness, Home Baking & Cooking Scale, 2 Year Warranty & Battery Included (Weighing Scale Without Bowl) Capacity 10 Kg, 1 Gm","Home&Kitchen|Kitchen&HomeAppliances|SmallKitchenAppliances|DigitalKitchenScales",588,2799,0.79,3.9,578,"Easy to use. Does its job..,Easy to carry now,Doing the job right,Good product initially,Good product for kitchen use,Great item user friendly,Good enough,Good quality"
"B0073QGKAS","Bajaj ATX 4 750-Watt Pop-up Toaster (White)","Home&Kitchen|Kitchen&HomeAppliances|SmallKitchenAppliances|Pop-upToasters",1499,1499,0,4.3,9331,"Value to buy,Best quality,Nothing,It's Good,Perfect for making toasts,Great product.,Working fine as expected,Excellent"
"B009DA69W6","KENT Gold Optima Gravity Water Purifier (11016) | UF Technology Based | Non-Electric & Chemical Free | Counter Top | 10L Storage | White","Home&Kitchen|Kitchen&HomeAppliances|WaterPurifiers&Accessories|WaterFilters&Purifiers",1691,1900,0.11,3.6,11456,"Nice,Overall satisfied with the product,Good,Nice products,Slow filteration,Fit for 2 people,Mini filter,I have received delivery yesterday only and found a manufacturing defect i.e. leakage from the top"
"B099PR2GQJ","HOMEPACK 750W Radiant Room Home Office Heaters For Winter","Home&Kitchen|Heating,Cooling&AirQuality|RoomHeaters|ElectricHeaters",649,999,0.35,3.8,49,"Satisfied product <U+0001F44D>,it was without manufacturer's pakcaging.had a big bent on metal . did not return because needed.,Highly recommended.,Very good,Writing review after 2 seasons,Very bad product,Excellent,Best product"
"B08G8H8DPL","Bajaj Rex 750W Mixer Grinder with Nutri Pro Feature, 4 Jars, White","Home&Kitchen|Kitchen&HomeAppliances|SmallKitchenAppliances|MixerGrinders",3251,6375,0.49,4,4978,"Good Product,Good,This product is most satisfying product on Amazon,Bajaj Nam hi Kafi hai,Bahut acchi,It does what it's meant for.....,The juicer is useless but blender/grinder/mixer is fine,Good"
"B08VGM3YMF","Heart Home Waterproof Round Non Wovan Laundry Bag/Hamper|Metalic Printed With Handles|Foldable Bin & 45 Liter Capicity|Size 37 x 37 x 49, Pack of 1 (Grey & Black)-HEARTXY11447","Home&Kitchen|HomeStorage&Organization|LaundryOrganization|LaundryBaskets",200,499,0.6,4.1,1996,"Value for money,Nice product,Good,Product is dirty,Very usefull but small size.,Attractive!!,Best product,Superb comfort"
"B08TTRVWKY","MILTON Smart Egg Boiler 360-Watts (Transparent and Silver Grey), Boil Up to 7 Eggs","Home&Kitchen|Kitchen&HomeAppliances|SmallKitchenAppliances|EggBoilers",1101,1899,0.42,4.3,1811,"Nice good,Easy to use,Good , however little costly,Good one,Its good.,Excellent egg boiler.,Product is so good bat the cabale length is short,Must buy"
"B07T4D9FNY","iBELL SEK15L Premium 1.5 Litre Stainless Steel Electric Kettle,1500W Auto Cut-Off Feature,Silver with Black","Home&Kitchen|Kitchen&HomeAppliances|SmallKitchenAppliances|Kettles&HotWaterDispensers|ElectricKettles",670,1490,0.55,4,2198,"Good metal,Nice product,Good product at reasonable price.,Working fine even after 2 to 3 months of use.,Nicely working sine 1 week,Amazing product!!!,Nice product,Easy to use"
"B07RX42D3D","Tosaa T2STSR Sandwich Gas Toaster Regular (Black)","Home&Kitchen|Kitchen&HomeAppliances|SmallKitchenAppliances|SandwichMakers",259,350,0.26,3.9,13127,"Value for money,Just worth it ....,verry usefull product,Not bad,Value for money,Decent product,Good product, but the quality is not so good, easily breakable,Good"
"B08WRKSF9D","V-Guard Divino 5 Star Rated 15 Litre Storage Water Heater (Geyser) with Advanced Safety Features, White","Home&Kitchen|Heating,Cooling&AirQuality|WaterHeaters&Geysers|StorageWaterHeaters",6460,8500,0.24,4.4,5865,"Working with some issues,Digital display faulty,Best in budget,Quick heating and good digital temperature display,Installation and Inlet Outlet Fees are 350+250,Good,Good performance,Geyser looks compact and easy to access"
"B09R83SFYV","Akiara® - Makes life easy Mini Sewing Machine with Table Set | Tailoring Machine | Hand Sewing Machine with extension table, foot pedal, adapter","Home&Kitchen|Kitchen&HomeAppliances|SewingMachines&Accessories|Sewing&EmbroideryMachines",1474,2499,0.41,3.7,1067,"Very User friendly sewing machine for beginners,Easy to use,Good portable sewing machine,Good for starting light stitching and quick works. Easy peddal switch is convenient.. satisfactory,Overall its a best product at this price,Quite simple to use,ok product,Nice"
"B07989VV5K","Usha Steam Pro SI 3713, 1300 W Steam Iron, Powerful steam Output up to 18 g/min, Non-Stick Soleplate (White & Blue)","Home&Kitchen|Kitchen&HomeAppliances|Vacuum,Cleaning&Ironing|Irons,Steamers&Accessories|Irons|SteamIrons",998,1560,0.36,3.6,4881,"Nice,Good product,Poor,its Good working this iron,Water comes out,Average,I collect damaged item so i return but not received or replacement,Not that good but ok at the price of 899."
"B07FL3WRX5","Wonderchef Nutri-blend Complete Kitchen Machine | 22000 RPM Mixer Grinder, Blender, Chopper, Juicer | 400W Powerful motor | SS Blades | 4 Unbreakable Jars | 2 Years Warranty | Online Recipe Book By Chef Sanjeev Kapoor | Black","Home&Kitchen|Kitchen&HomeAppliances|SmallKitchenAppliances|JuicerMixerGrinders",3315,6500,0.49,3.7,11217,"Compact and powerful but alot of plastic,Overall good,Good product.,Superb product,Effecient and affordable product,Wonderchef Mixer,Very helpful,Very Bad quality product"
"B0BPCJM7TB","WIDEWINGS Electric Handheld Milk Wand Mixer Frother for Latte Coffee Hot Milk, Milk Frother for Coffee, Egg Beater, Hand Blender, Coffee Beater with Stand","Home&Kitchen|Kitchen&HomeAppliances|SmallKitchenAppliances|HandBlenders",260,999,0.74,4,43,"Nice frother,Nice product I like this product,Best,Very low power and quality,Good quality,Waste of money,Awesome,Satisfied purchase"
"B08H673XKN","Morphy Richards Icon Superb 750W Mixer Grinder, 4 Jars, Silver and Black","Home&Kitchen|Kitchen&HomeAppliances|SmallKitchenAppliances|MixerGrinders",3274,7795,0.58,4.2,4664,"Superb,Quite efficient,Go for it,Very nice,Noisy but works good.,Powerful grinding,Satisfied for the time being.,Solid purchase"
"B07DXRGWDJ","Philips Handheld Garment Steamer GC360/30 - Vertical & Horizontal Steaming, 1200 Watt, up to 22g/min","Home&Kitchen|Kitchen&HomeAppliances|Vacuum,Cleaning&Ironing|Irons,Steamers&Accessories|Irons|SteamIrons",4256,5995,0.29,3.8,2112,"Over Expensive product,Handy,better to buy normal iron box,Inefficient and time-consuming.,Water tank is too small,Wrinkle free and easy to handle,works very well,Just ok"
"B08243SKCK","Vedini Transparent Empty Refillable Reusable Fine Mist Spray Bottle for Perfume, Travel with DIY Sticker Set ( 100ml, Pack of 4)","Home&Kitchen|HomeStorage&Organization|LaundryOrganization|IroningAccessories|SprayBottles",188,299,0.37,4.2,2737,"Bht hi achi hai aur usefull b..thanx amazon....mgr aap delivery charges khatam karen, plzzzzzzp.,Good quality products,Good quality product,Go for it,Extremely useful and great quality!,Good <U+0001F44D>,It is what is told quality is also very good,Value for money"
"B09SPTNG58","Crompton Sea Sapphira 1200 mm Ultra High Speed 3 Blade Ceiling Fan (Lustre Brown, Pack of 1)","Home&Kitchen|Heating,Cooling&AirQuality|Fans|CeilingFans",1456,2349,0.38,3.9,9019,"little bit good,Not Bad,sleek,good,Good product,Nice fan,Simple but effective,<U+0905><U+092D><U+0940> <U+092F><U+0942><U+091C> <U+0915><U+0930><U+0924><U+0947> <U+0939><U+0941><U+090F> <U+091C><U+0921> <U+091F><U+093E><U+0907><U+092E> <U+0928><U+0939><U+0940><U+0902> <U+0939><U+0941><U+0906> <U+0939><U+0948>"
"B083J64CBB","Kuber Industries Waterproof Canvas Laundry Bag/Hamper|Metalic Printed With Handles|Foldable Bin & 45 Liter Capicity|Size 37 x 37 x 46, Pack of 1 (Brown)","Home&Kitchen|HomeStorage&Organization|LaundryOrganization|LaundryBaskets",200,499,0.6,4,10234,"Good,Return value of money spent,Small size.,Good bag, bad straps,Diameter and Steadiness,Value for money,The quality of material and stitching is good, but it is not sturdy.,Good but a little costly for what it is."
"B08JV91JTK","JM SELLER 180 W 2021 Edition Electric Beater High Speed Hand Mixer Egg Beater for Cake Making and Whipping Cream with 7 Speed Control (White) with Free Spatula and Oil Brush","Home&Kitchen|Kitchen&HomeAppliances|SmallKitchenAppliances|HandMixers",468,1299,0.64,4.1,550,"Tools,Good product,Small yet powerful,Pretty good for the price,Good quality,More than price worthy,MUST BUY IT,Great product!"
"B0BQ3K23Y1","Oratech Coffee Frother electric, milk frother electric, coffee beater, cappuccino maker, Coffee Foamer, Mocktail Mixer, Coffee Foam Maker, coffee whisker electric, Froth Maker, coffee stirrers electric, coffee frothers, Coffee Blender, (6 Month Warranty) (Multicolour)","Home&Kitchen|Kitchen&HomeAppliances|SmallKitchenAppliances|HandBlenders",279,499,0.44,4.8,28,"Oratech Best Coffee Frother,Great,My review about Oratech Coffee Frother for milk,Good product,Easy to use <U+0001F44D>,Good product,best product,Easy to use"
"B09MT94QLL","Havells Glaze 74W Pearl Ivory Gold Ceiling Fan, Sweep: 1200 Mm","Home&Kitchen|Heating,Cooling&AirQuality|Fans|CeilingFans",2006,4775,0.58,4.2,1353,"Nice product in this range,After 3 month of using ,,observed decorative ,less noise upto medium speed ,overall OK .,Best product,need to improve on noise,Good fan,Good,Noisy,Value for money spent"
"B07NKNBTT3","Pick Ur Needs® Lint Remover for Clothes High Range Rechargeable Lint Shaver for All Types of Clothes, Fabrics, Blanket with 1 Extra Blade Multicolor (Rechargeable)","Home&Kitchen|Kitchen&HomeAppliances|Vacuum,Cleaning&Ironing|Irons,Steamers&Accessories|LintShavers",800,1230,0.35,4.1,2138,"Worth the money,It’s goog,Nice & Easy to use product,Not good,Wonder Product!,Good product,Right product at right price,Value for money"
"B09KPXTZXN","Rico Japanese Technology Rechargeable Wireless Electric Chopper with Replacement Warranty - Stainless Steel Blades, One Touch Operation, 10 Seconds Chopping, Mincing Vegetable, Meat - 250 ML, 30 Watts","Home&Kitchen|Kitchen&HomeAppliances|SmallKitchenAppliances|MiniFoodProcessors&Choppers",940,1999,0.53,4,1679,"Nice,<U+0001F44D>,Very easy and useful, but too expensive compared to remaining company products,Grt,reviews,Good product.,Very Handy product,Warranty registration needs to be user friendly"
"B078HG2ZPS","Butterfly Smart Wet Grinder, 2L (White) with Coconut Scrapper Attachment, Output - 150 W, Input 260 W","Home&Kitchen|Kitchen&HomeAppliances|SmallKitchenAppliances|Mills&Grinders|WetGrinders",3661,5156,0.29,3.9,12837,"Good,Good product,Good,Good one from a renowned brand!!,Working fine..,Excellent to go for this Product,Product super,Nice product <U+0001F44D>"
"B07N2MGB3G","AGARO Marvel 9 Liters Oven Toaster Griller, Cake Baking OTG (Black)","Home&Kitchen|Kitchen&HomeAppliances|SmallKitchenAppliances|OvenToasterGrills",1699,1999,0.15,4.1,8873,"Excellent OTG and even excellent price range<U+0001F44C><U+0001F44C><U+0001F44D><U+0001F44D><U+0001F44D>,Good product,Very Good Product at its Price Range,Great to use and makes tasty food,Awesome,Packaging was good, received the product at the right time.,Value for money,Worth"
"B008LN8KDM","Philips GC1920/28 1440-Watt Non-Stick Soleplate Steam Iron","Home&Kitchen|Kitchen&HomeAppliances|Vacuum,Cleaning&Ironing|Irons,Steamers&Accessories|Irons|SteamIrons",1844,2095,0.12,4.3,7681,"Does the stated purpose,Good,Good,Steam Iron,Light weight and easy to use iron,Functional & hard to Use,Overall a good product,Using it for a month. So far it is working well."
"B009P2L7CO","Bajaj DHX-9 1000W Heavy Weight Dry Iron with Advance Soleplate and Anti-Bacterial German Coating Technology, Ivory","Home&Kitchen|Kitchen&HomeAppliances|Vacuum,Cleaning&Ironing|Irons,Steamers&Accessories|Irons|DryIrons",1094,1920,0.43,4.2,9772,"Good one,Punchuality,Good product,Good quality,<U+0C2A><U+0C30><U+0C4D><U+0C35><U+0C3E><U+0C32><U+0C47><U+0C26><U+0C41>,perfect for use,Good,<U+0001F44D>"
"B0BNQMF152","ROYAL STEP Portable Electric USB Juice Maker Juicer Bottle Blender Grinder Mixer,6 Blades Rechargeable Bottle with (MULTII) (MULTI COLOUR 6 BLED JUICER MIXER)","Home&Kitchen|Kitchen&HomeAppliances|SmallKitchenAppliances|JuicerMixerGrinders",506,2199,0.77,3.7,53,"Don't buy this,Good product in this price range..,Good one,DO NOT BUY THIS PRODUCT,Great <U+0001F44C><U+0001F44D>,Such a beautiful product,Fantastic,Useless product. Poor quality material used. Could not give satisfaction of a singal Rupee."
"B0989W6J2F","ENEM Sealing Machine | 12 Inch (300 mm) | 1 Year Warranty | Full Customer Support | Beep Sound Function | Plastic Packing Machine | Plastic Bag Sealing Machine | Heat Sealer Machine | Plastic Sealing Machine | Blue | Made in India","Home&Kitchen|Kitchen&HomeAppliances|SmallKitchenAppliances|VacuumSealers",1601,1799,0.11,4,2877,"Have bought 5 different sealing machines online by far this is the best,Hi,Good Value for money,Suited well for my purpose,Good,Great product. Made in india.really like it,Easy to use and economical,Very good"
"B0B84KSH3X","Wipro Vesta 1200 Watt GD203 Heavyweight Automatic Dry Iron| Quick Heat Up| Anti bacterial German Weilburger Double Coated Black Soleplate |2 Years Warranty","Home&Kitchen|Kitchen&HomeAppliances|Vacuum,Cleaning&Ironing|Irons,Steamers&Accessories|Irons|DryIrons",1053,1950,0.46,3.8,250,"Good,Seems to be good,Good,Fake replacement.they didn't come to receive the product.with out replacement.,Nice,Product is pretty good quality but taflon coating is not durable,It's work worthy,Amazing and good quality"
"B08HLC7Z3G","Inalsa Electric Kettle Prism Inox - 1350 W with LED Illumination & Boro-Silicate Body, 1.8 L Capacity along with Cordless Base, 2 Year Warranty (Black)","Home&Kitchen|Kitchen&HomeAppliances|SmallKitchenAppliances|Kettles&HotWaterDispensers|Kettle&ToasterSets",1168,2995,0.61,4.2,5178,"An affordable electric kettle with stylish look,Elegant looks, glass finish awesome, starts heating quickly,Great product,After three months it stopped working,Not a quality product and bogus customer service,Ok ok,Switch to Inalsa after Borosil,Fantastic kettle, makes life so easy and convenient."
"B0BN6M3TCM","VRPRIME Lint Roller Lint Remover for Clothes, Pet | 360 Sheets Reusable Sticky Easy-Tear Sheet Brush for Clothes, Furniture, Carpet, Dog Fur, Sweater, Dust & Dirt (4 Rolls - 90 Sheet Each Roll)","Home&Kitchen|Kitchen&HomeAppliances|Vacuum,Cleaning&Ironing|Irons,Steamers&Accessories|LintShavers",500,999,0.5,4.6,79,"Superb,Very helpful and great quality,Exactly what it says on the tin,A must product for pet parents,Must purchase if u have pet...,Totally worth it,Good product,Easy to use and usefull prody"
"B0B9F9PT8R","Eopora PTC Ceramic Fast Heating Room Heater for Bedroom, 1500/1000 Watts Room Heater for Home, Electric Heater, Electric Fan Heater for Home Office Bedroom (White)","Home&Kitchen|Heating,Cooling&AirQuality|RoomHeaters|ElectricHeaters",1529,2999,0.49,3.3,29,"Very beautiful heater but costly and less useful,Decent with some flaws,Good product.... Easy to handle...,I won't recommend it!!,Value for Money Product,Good Product,Low quality heater,Everything as per the description."
"B0883LQJ6B","Usha Goliath GO1200WG Heavy Weight 1200-Watt Dry Iron, 1.8 Kg(Red)","Home&Kitchen|Kitchen&HomeAppliances|Vacuum,Cleaning&Ironing|Irons,Steamers&Accessories|Irons|DryIrons",1200,1690,0.29,4.2,4580,"Nice,Heavy weight and good product.,Value for money,Looks good one but returned,I like it and good product,Super build quality,Nothing,Best iron box"
"B099Z83VRC","Wipro Vesta Electric Egg Boiler, 360 Watts, 3 Boiling Modes, Stainless Steel Body and Heating Plate, Boils up to 7 Eggs at a time, Automatic Shut Down, White, Standard (VB021070)","Home&Kitchen|Kitchen&HomeAppliances|SmallKitchenAppliances|EggBoilers",1056,1790,0.41,4.3,1404,"Very easy and handy to use,Good to have for boiled eggs.,Superb,Effortless,Wanderful,Good,Not good,Can consider for purchase"
"B00S9BSJC8","Philips Viva Collection HR1832/00 1.5-Litre400-Watt Juicer (Ink Black)","Home&Kitchen|Kitchen&HomeAppliances|SmallKitchenAppliances|Juicers",6476,8995,0.28,4.3,2810,"Beyond expected,Good,Perfect Juicer - Very User Friendly in usage,User friendly and convenient to use for fresh juice,Excellent Little Juicer! Fast and Easy to Clean. Produces Very Good Quality Juice,Premium juicer,Good however...,Most effective and convinient juicer i Ever had"
"B0B4SJKRDF","Kitchenwell Multipurpose Portable Electronic Digital Weighing Scale Weight Machine | Weight Machine | 10 Kg","Home&Kitchen|Kitchen&HomeAppliances|SmallKitchenAppliances|DigitalKitchenScales|DigitalScales",239,239,0,4.3,7,"Good quality scale but I got defective piece,Nice product....,Product is very good <U+0001F44D>,About product,Must buy,Great device for kitchen"
"B0BM4KTNL1","FIGMENT Handheld Milk Frother Rechargeable, 3-Speed Electric Frother for Coffee with 2 Whisks and Coffee Decoration Tool, Coffee Frother Mixer, CRESCENT ENTERPRISES VRW0.50BK (A1)","Home&Kitchen|Kitchen&HomeAppliances|SmallKitchenAppliances|HandBlenders",704,1599,0.56,4.7,1729,"Nice product,Not as effective as claimed, just an average product..,Good Product,bribing people for 5 star rating,Most worst machine i have ever seen,Just wow"
"B08S6RKT4L","Balzano High Speed Nutri Blender/Mixer/Smoothie Maker - 500 Watt - Silver, 2 Jar","Home&Kitchen|Kitchen&HomeAppliances|SmallKitchenAppliances",2617,4290,0.39,4.4,2116,"Good product  but has a misleading information about warranty,Value for money,4.5 <U+2B50> Small and Sturdy blender and versatile,Perfect for every kitchen,Awesome Product,Nice Product,Very nice blender,Worst product and service"
"B09SZ5TWHW","Swiss Military VC03 Wireless Car Vacuum Cleaner | Wireless Vacuum Cleaner for Home, Car, Living Room | Wireless Vacuum Cleaner Dust Collection/Lighting Car Pet Hair Vacuum with Powerful Motor","Home&Kitchen|Kitchen&HomeAppliances|Vacuum,Cleaning&Ironing|Vacuums&FloorCare|Vacuums|HandheldVacuums",1561,2890,0.46,3.9,463,"Not impressed with the purchase,<U+0001F44D>,Good project,Gets small clean up jobs done efficiently,Does the job,Works okay,Warranty Card not found inside the Box.,Succetion time could be on the higher side"
"B0BLC2BYPX","Zuvexa USB Rechargeable Electric Foam Maker - Handheld Milk Wand Mixer Frother for Hot Milk, Hand Blender Coffee, Egg Beater (Black)","Home&Kitchen|Kitchen&HomeAppliances|SmallKitchenAppliances|HandBlenders",494,1299,0.62,4.7,54,"Little kitchen helper,An amazing product,Very good product nice to use,Handy gadget!,Easy to use and carry Great product <U+0001F44C>,Best product,Light weight,Will definitely save your time...."
"B00P0R95EA","Usha IH2415 1500-Watt Immersion Heater (Silver)","Home&Kitchen|Heating,Cooling&AirQuality|WaterHeaters&Geysers|ImmersionRods",512,640,0.2,4.1,7229,"Good water heater,Good quality,Good products,Good,Good,Good product,Good product,Brand value"
"B07W4HTS8Q","ACTIVA Instant 3 LTR 3 KVA SPECIAL Anti Rust Coated Tank Geyser with Full ABS Body with 5 Year Warranty Premium (White)","Home&Kitchen|Heating,Cooling&AirQuality|WaterHeaters&Geysers|InstantWaterHeaters",1895,3790,0.5,3.8,3842,"Value for money,Goods,Pipe is not dilevered with gysure,Product is good but warranty service follow up is hectic & customer care service is pathetic,Good cooling, Fit finish not up to mark.,Value for money,good one for small town , high wattage  creating problem in metro apartment,Working Good"
"B078JBK4GX","Havells Instanio 1-Litre 3KW Instant Water Heater (Geyser), White Blue","Home&Kitchen|Heating,Cooling&AirQuality|WaterHeaters&Geysers|InstantWaterHeaters",2599,4560,0.43,4.4,646,"Good product,Excellent product,Good pruduct as of now.. <U+0001F44D>,Best product,Happy with the product,Compact product,Must buy item.,Havell’s Instant Geyser"
"B08S7V8YTN","Lifelong 2-in1 Egg Boiler and Poacher 500-Watt (Transparent and Silver Grey), Boil 8 eggs, Poach 4 eggs, Easy to clean| 3 Boiling Modes, Stainless Steel Body and Heating Plate, Automatic Turn-Off","Home&Kitchen|Kitchen&HomeAppliances|SmallKitchenAppliances|EggBoilers",1190,3500,0.66,4.3,1802,"Easy to use, works really well.,Good experience so far,Good,Handy product,Looks great..,convenient and efficient to use,Time saving and effective.,Good"
"B07H5PBN54","INDIAS®™ Electro-Instant Water Geyser A.B.S. Body Shock Proof Can be Used in Bathroom, Kitchen, wash Area, Hotels, Hospital etc.","Home&Kitchen|Heating,Cooling&AirQuality|WaterHeaters&Geysers|InstantWaterHeaters",988,2600,0.62,3.4,252,"Current issue in output water,Value for money,Great Product for Kitchen,Bakara product please don't purches,Awesomee,It can be hanged any where it is a portable  water geser.,very bad product not ,work even 3 months, as well as seller is not supporting in warranty,Good equipment"
"B07YCBSCYB","AmazonBasics Induction Cooktop 1600 Watt (Black)","Home&Kitchen|Kitchen&HomeAppliances|SmallKitchenAppliances|InductionCooktop",2013,3300,0.39,4.2,780,"So far so good,Good,Good quality product,Fully satisfied.,Product Is Nice ,And Easy To Use,poor longevity,A good induction cook top,Good."
"B098T9CJVQ","Sui Generis Electric Handheld Milk Wand Mixer Frother for Latte Coffee Hot Milk, Milk Frother, Electric Coffee Beater, Egg Beater, Latte Maker, Mini Hand Blender Cappuccino Maker (Multicolor)","Home&Kitchen|Kitchen&HomeAppliances|SmallKitchenAppliances|HandBlenders",210,699,0.7,3.7,74,"A little weak but over all good,Value for money!,Not working,Nyc product,Good,Average quality product,Very good product,Affordable"
"B095XCRDQW","Esquire Laundry Basket Brown, 50 Ltr Capacity(Plastic)","Home&Kitchen|HomeStorage&Organization|LaundryOrganization|LaundryBaskets",943,1599,0.41,4.3,5911,"I would have given it 5 stars.. but..,Quality product,Good product,Good,Good capacity but looks a bit cheap,Medium size,Affordable,Basket is good, problem is with the lid."
"B0B7NWGXS6","Havells Bero Quartz Heater Black 800w 2 Heat Settings 2 Year Product Warranty","Home&Kitchen|Heating,Cooling&AirQuality|RoomHeaters|ElectricHeaters",2443,2545,0.04,4.1,25,"Good product and budget price,I purchased this product from shop for Rs 1650 including everything so why to buy from Amazon,Worst product"
"B07DZ986Q2","Philips EasyTouch Plus Standing Garment Steamer GC523/60 - 1600 Watt, 5 Steam Settings, Up to 32 g/min steam, with Double Pole","Home&Kitchen|Kitchen&HomeAppliances|Vacuum,Cleaning&Ironing|Irons,Steamers&Accessories|Irons|SteamIrons",7826,8995,0.13,4,3160,"Takes space and not convenient if in a hurry,Not useful for Cotton, Linen and thick materiel fabrics,Received broken,Only for lighter fabric,There is a learning curve, it may take 2 people to do it,It looks like an imitation product , pieces don’t match properly and some look very weak,Excellent product and received in good condition,Not great"
"B07KKJPTWB","Brayden Chopro, Electric Vegetable Chopper for Kitchen with 500 ML Capacity, 400 Watts Copper Motor and 4 Bi-Level SS Blades (Black)","Home&Kitchen|Kitchen&HomeAppliances|SmallKitchenAppliances|MiniFoodProcessors&Choppers",1599,1999,0.2,4.4,1558,"Very easy to chop veggies in a very short time,Super clean chopper,Nice product,Mom lives it!,“ LOSING A BATTLE”. Because of  a shoe nail.,Very good chopper,Wow what a beautiful product for cutting onions n other veggies . Why did i delay for so long,I like it"
"B071R3LHFM","Wonderchef Nutri-blend Mixer, Grinder & Blender | Powerful 400W 22000 RPM motor | Stainless steel Blades | 3 unbreakable jars | 2 Years warranty | Online recipe book by Chef Sanjeev Kapoor | Black","Home&Kitchen|Kitchen&HomeAppliances|SmallKitchenAppliances|MixerGrinders",2915,5500,0.47,3.8,8958,"Handy and consumes so less space unlike other mixer grinder,THIRD CLASS PRODUCT,Not satisfactory,It is a wonderful  product,Super,n,Handy,One jar not working"
"B07WVQG8WZ","Black+Decker Handheld Portable Garment Steamer 1500 Watts with Anti Calc (Violet)","Home&Kitchen|Kitchen&HomeAppliances|Vacuum,Cleaning&Ironing|Irons,Steamers&Accessories|Irons|SteamIrons",3297,4995,0.34,3.8,1393,"Good product but not very useful.,Just OK,Good,Good for crepe fabric dresses & delicate clothing items,Here iam sharing my usage experience this garment steamer very handy to use I used it for 25 day's,Nice product,Awsome,Highly Recommended"
"B0BFBNXS94","Personal Size Blender, Portable Blender, Battery Powered USB Blender, with Four Blades, Mini Blender Travel Bottle for Juice, Shakes, and Smoothies (Pink)","Home&Kitchen|Kitchen&HomeAppliances|SmallKitchenAppliances|HandBlenders",675,1499,0.55,2.3,13,"Nice product i recommend to buy,Do not buy!! Defective product,Wast of money,Very very bad portable,Waste of money its not working properly"
"B071113J7M","Sujata Powermatic Plus 900 Watts Juicer Mixer Grinder","Home&Kitchen|Kitchen&HomeAppliances|SmallKitchenAppliances|JuicerMixerGrinders",5855,7506,0.22,4.5,7241,"Need be careful,Excellent Product,Awesome Juicer with few issues,Best juicer ever , very strong and hard motor ,,Best mixer in India,Bang for the buck,Good product easy to use.,Best Juicer"
"B0814LP6S9","PrettyKrafts Laundry Basket for clothes with Lid & Handles, Toys Organiser, 75 Ltr Grey","Home&Kitchen|HomeStorage&Organization|LaundryOrganization|LaundryBaskets",352,1099,0.68,3.7,1470,"does it's job,Good,Chala bagundhe,Bottom is very thin woven and they provided carton for bottom,Good thing...,Not bad,Nice product,Good"
"B07BKSSDR2","Dr Trust Electronic Kitchen Digital Scale Weighing Machine (Blue)","Health&PersonalCare|HomeMedicalSupplies&Equipment|HealthMonitors|WeighingScales|DigitalBathroomScales",893,1900,0.53,4,3663,"Design Optimised for Functionality, Durability & Battery life!,Nice,**HIGHLY PRECISE IN MEASURING**ACCU GAUGE SENSORS**CONVERTS UNIT AFTER MEASURING ALSO**HAS TARE, AUTO-OFF, OVERLOAD INDICATOR**,It worked good for one year. Now only grams are shown.litres option is not operated."
"B09VGS66FV","Tesora - Inspired by you Large Premium Electric Kettle 1.8L, Stainless Steel Inner Body - Auto Power Cut, Boil Dry Protection & Cool Touch Double Wall, Portable | 1500 Watts |1 Year Warranty | (White)","Home&Kitchen|Kitchen&HomeAppliances|SmallKitchenAppliances|Kettles&HotWaterDispensers|Kettle&ToasterSets",1350,1850,0.27,4.4,638,"Good,Kind of too big.,Efficient one,good quality appliance,Nice product,Sturdy, well made,Fantastic product, I'm using it from last 10 days and it is working good. Value for money.,Quality product"
"B0747VDH9L","INALSA Hand Blender 1000 Watt with Chopper, Whisker, 600 ml Multipurpose Jar|Variable Speed And Turbo Speed Function |100% Copper Motor |Low Noise |ANTI-SPLASH TECHNOLOGY|2 Year Warranty","Home&Kitchen|Kitchen&HomeAppliances|SmallKitchenAppliances|HandBlenders",2757,3995,0.31,4.4,11148,"Heats up,I just bought this product and my review based on my previous purchases are my in laws home,Easy to use,Nicee,Good product,Nice product..,Very Easy to use,Powerful Blender with 3in1 attachments"
"B08XLR6DSB","akiara - Makes life easy Electric Handy Sewing/Stitch Handheld Cordless Portable White Sewing Machine for Home Tailoring, Hand Machine | Mini Silai | White Hand Machine with Adapter","Home&Kitchen|Kitchen&HomeAppliances|SewingMachines&Accessories|Sewing&EmbroideryMachines",720,1499,0.52,3.1,2449,"Easy to keep and use,Good for quick fixes,Average product,It's a good Machine,Ok,Make it some more easier,Not so easy,It was a perfect tool for beginners"
"B08H6CZSHT","Philips EasySpeed Plus Steam Iron GC2145/20-2200W, Quick Heat Up with up to 30 g/min steam, 110 g steam Boost, Scratch Resistant Ceramic Soleplate, Vertical steam & Drip-Stop","Home&Kitchen|Kitchen&HomeAppliances|Vacuum,Cleaning&Ironing|Irons,Steamers&Accessories|Irons|SteamIrons",2900,3295,0.12,4.3,2299,"Steam irom,Good,Value for money,Amazing product<U+0001F601><U+0001F601>,Very nice product.,Good product,Good product,It comes with 16Amps Plug"
"B07CVR2L5K","INALSA Electric Chopper Bullet- 400 Watts with 100% Pure Copper Motor| Chop, Mince, Puree, Dice | Twin Blade Technology| 900 ml Capacity| One Touch Operation, 1.30mtr Long Power Cord (Black/Silver)","Home&Kitchen|Kitchen&HomeAppliances|SmallKitchenAppliances|MiniFoodProcessors&Choppers",1644,2695,0.39,4.4,6027,"A must have addition to the kitchen.,Easy to use,Superb,Fast and sharp blades...quick work,Good product,Quality of motor is good, just doubt on jar, it's not so much strong,Inalsa Bullet Chopper,Very handy and good chopper"
"B09J4YQYX3","Borosil Electric Egg Boiler, 8 Egg Capacity, For Hard, Soft, Medium Boiled Eggs, Steamed Vegetables, Transparent Lid, Stainless Steel Exterior (500 Watts)","Home&Kitchen|Kitchen&HomeAppliances|SmallKitchenAppliances|EggBoilers",1397,2290,0.39,4.4,461,"Over all good,Good product, but power switch,Good product,Quality product by Borosil!,Awesome <U+0001F44C>,Easy to use,Excellent,Its a very user friendly product."
"B0B2DD8BQ8","Wipro Vesta Grill 1000 Watt Sandwich Maker |Dual function-SW Maker&Griller|Non stick Coat -BPA&PTFE Free |Auto Temp Cut-off| Height Control -180<U+1DBF>&105<U+1DBF> |2 year warranty|SS Finish|Standard size","Home&Kitchen|Kitchen&HomeAppliances|SmallKitchenAppliances|SandwichMakers",2076,3099,0.33,4.1,282,"Good!!,Came with a small scratch on the casing and box was not sealed,Heat fast, cut off once a while,Small sized griller which is not so bad,Size issues,Works fine. No issues, cord could have been longer,A must buy,Its good."
"B0123P3PWE","Rico IRPRO 1500 Watt Japanese Technology Electric Water Heater Immersion Rod Shockproof Protection & Stainless Steel Heating Element for Instant Heating| ISI Certified 1 Year Replacement Warranty","Home&Kitchen|Heating,Cooling&AirQuality|WaterHeaters&Geysers|ImmersionRods",1000,1075,0.07,4.1,9275,"Excellent to Use, Adequate Cord length but Too Expensive compared with other & Hope for Durability.,Easy to handle, hassle free,Good,Nice product <U+0001F44D>,Good product,Overall good product,Product not working more than 6months. At that time 797 rs now 999 rs. Too much,Not Shock proof at all"
"B08HDCWDXD","Eureka Forbes Active Clean 700 Watts Powerful Suction & Blower Vacuum Cleaner with Washable HEPA Filter & 6 Accessories,1 Year Warranty,Compact,Light Weight & Easy to use (Red & Black)","Home&Kitchen|Kitchen&HomeAppliances|Vacuum,Cleaning&Ironing|Vacuums&FloorCare|Vacuums|HandheldVacuums",3150,6999,0.55,4,743,"Ok but not for deep cleaning,Just ok. Trips frequently,It’s good product, however it’s getting heated up very fast.,It is very helpful,heat and stop after 10 minutes use,Good,Handy and good quality vacuum cleaner,Deep cleaning"
"B0836JGZ74","CSI INTERNATIONAL® Instant Water Geyser, Water Heater, Portable Water Heater, Geyser Made of First Class ABS Plastic 3KW (White)","Home&Kitchen|Heating,Cooling&AirQuality|WaterHeaters&Geysers|InstantWaterHeaters",1050,2499,0.58,3.6,328,"Ok product but not for winter,Easy to use,There's no support for the product . You will not get the warranty.,<U+0001F44C><U+0001F44C><U+0001F44C>,Value for money,Good,Good,Quality of the product is not as I expected."
"B0BCKJJN8R","Hindware Atlantic Xceed 5L 3kW Instant Water Heater with Copper Heating Element and High Grade Stainless Steel Tank","Home&Kitchen|Heating,Cooling&AirQuality|WaterHeaters&Geysers|InstantWaterHeaters",3572,7290,0.51,3.9,942,"Good product but pipes/installation/plug not included,engineer charge 850/- he said company not provide instaltion bill,Good product,Its ok Good, not bad,Geyser is very Good,Genuine,Average,time saving"
"B008P7IF02","Morphy Richards New Europa 800-Watt Espresso and Cappuccino 4-Cup Coffee Maker (Black)","Home&Kitchen|Kitchen&HomeAppliances|Coffee,Tea&Espresso|EspressoMachines",4810,5795,0.17,3.9,3815,"Sufficient for a Family,Makes superior coffee,almost par with those brewed in CCD,value for money,Nice,Doesn’t justify the Description,Good for the price,Unnecessary Buy,Delivery without Warranty Card"
"B08CNLYKW5","Lifelong Power - Pro 500 Watt 3 Jar Mixer Grinder with 3 Speed Control and 1100 Watt Dry Non-Stick soleplate Iron Super Combo (White and Grey, 1 Year Warranty)","Home&Kitchen|Kitchen&HomeAppliances|SmallKitchenAppliances|MixerGrinders",1699,3398,0.5,3.8,7988,"Like it,Nice <U+0001F44D> he,Iron worse grinder still usefull,Good,Nice work,Good for,Mixer is good. But package is very shabby. Wanted to gift it. But changed my mind,<U+0906><U+0935><U+093E><U+091C> <U+092C><U+0939><U+0941><U+0924> <U+0906><U+0924><U+0940> <U+0939><U+0948> <U+092C><U+093E><U+0915><U+0940> <U+092E><U+093F><U+0915><U+094D><U+0938><U+0930> accha hai"
"B08C7TYHPB","iBELL Castor CTEK15L Premium 1.5 Litre Stainless Steel Electric Kettle,1500W Auto Cut-Off Feature,Silver","Home&Kitchen|Kitchen&HomeAppliances|SmallKitchenAppliances|Kettles&HotWaterDispensers|Kettle&ToasterSets",670,1490,0.55,4.1,925,"It’s a good product in this price.,Nice product,It's very good,Good for use,Velue for money product,Good product,Value for money purchase,It is worthy"
"B08VJFYH6N","BAJAJ PYGMY MINI 110 MM 10 W HIGH SPEED OPERATION, USB CHARGING, MULTI-CLIP FUNCTION PERSONAL FAN","Home&Kitchen|Heating,Cooling&AirQuality|Fans|TableFans",956,1620,0.41,4.1,4370,"Replaced the first one.,It is very good product,Go for it,Nice Product,Simple and supper,Compact and Premium look product,Tiny but good,Best buy ever"
"B08235JZFB","Crompton InstaGlide 1000-Watts Dry Iron with American Heritage Coating, Pack of 1 Iron","Home&Kitchen|Kitchen&HomeAppliances|Vacuum,Cleaning&Ironing|Irons,Steamers&Accessories|Irons|DryIrons",850,1000,0.15,4.1,7619,"Good,Very lightweight and good looking,good,So far so good,Nice <U+0001F44D>,Average,I think is this 1000 watts? Produce 750 watts.....,Good"
"B078XFKBZL","Prestige Clean Home Water Purifier Cartridge","Home&Kitchen|Kitchen&HomeAppliances|WaterPurifiers&Accessories|WaterCartridges",602,640,0.06,3.8,2593,"Good cartridge but works for less than 3 months for 2 people,Normally sediment water filter,Works for a short period,Water is not going down and not filtering,Great product but too costly .,Correct spare,Great water cleanser,ABC"
"B01M265AAK","Morphy Richards Aristo 2000 Watts PTC Room Heater (White)","Home&Kitchen|Heating,Cooling&AirQuality|RoomHeaters|ElectricHeaters",3731,4495,0.17,4.3,356,"Sleek , Silent and Effective,Good product,100 % satisfied and recommended....,Bad product. Fan makes lot of noise,Its good with a flaw,Overall best.,Number 1,works decently."
"B0B694PXQJ","Gadgetronics Digital Kitchen Weighing Scale & Food Weight Machine for Health, Fitness, Home Baking & Cooking (10 KGs,1 Year Warranty & Batteries Included)","Home&Kitchen|Kitchen&HomeAppliances|SmallKitchenAppliances|DigitalKitchenScales",810,2999,0.73,4.5,63,"Excellent product,Good product, very accurate and sleek design. Totally Recommended,Good product,Accurate with multiple unit setting option,Light weight scale machine ... It's good for me,Good little gadget for kitchen,Good product for house use.,Awesome product"
"B00B3VFJY2","HUL Pureit Germkill kit for Advanced 23 L water purifier - 3000 L Capacity, Sand, Multicolour","Home&Kitchen|Kitchen&HomeAppliances|WaterPurifiers&Accessories|WaterPurifierAccessories",980,980,0,4.2,4740,"It's very nice,Got the correct one, asked,Good product,Very good item,Awesome,Good,ok,Delivered on time"
"B08W9BK4MD","Tom & Jerry Folding Laundry Basket for Clothes with Lid & Handle, Toys Organiser, 75 Litre, Green","Home&Kitchen|HomeStorage&Organization|LaundryOrganization|LaundryBaskets",351,899,0.61,3.9,296,"Good,Product is good bt smell like hell.,Amazing,Good Bag <U+263A><U+FE0F>,Good quality and quick delivery,Worth money,Good and big bag,Good product"
"B09X5HD5T1","Ikea Little Loved Corner PRODUKT Milk-frother, Coffee/Tea Frother, Handheld Milk Wand Mixer Frother, Black","Home&Kitchen|Kitchen&HomeAppliances|Coffee,Tea&Espresso|MilkFrothers",230,499,0.54,3.5,185,"Good product,Decent product,nice n powerful but delicate,Good product. It’s a bit difficult to insert cells.,Worked well for a month,Extremely useful,Waste product,Value for money"
"B08H6B3G96","Philips EasySpeed Plus Steam Iron GC2147/30-2400W, Quick Heat up with up to 30 g/min steam, 150g steam Boost, Scratch Resistant Ceramic Soleplate, Vertical steam, Drip-Stop","Home&Kitchen|Kitchen&HomeAppliances|Vacuum,Cleaning&Ironing|Irons,Steamers&Accessories|Irons|SteamIrons",3356,3995,0.16,4.3,1954,"Go for it,Good steam iron,Plage big size,Good Product and worth Buying,Nice,Easy to use,Good,Going good so far"
"B09DSQXCM8","House of Quirk Reusable Sticky Picker Cleaner Easy-Tear Sheets Travel Pet Hair Lint Rollers Brush (10cm Sheet, Set of 3 Rolls, 180 Sheets, 60 Sheets Each roll Lint Roller Remover, Multicolour)","Home&Kitchen|Kitchen&HomeAppliances|Vacuum,Cleaning&Ironing|Irons,Steamers&Accessories|LintShavers",299,499,0.4,3.9,1015,"Good to use,Really good in this price,Lint roller,Adhesive could have been better,I like this,Low effectiveness,Good for those who have pets!,Useful product"
"B01M69WCZ6","Allin Exporters J66 Ultrasonic Humidifier Cool Mist Air Purifier for Dryness, Cold & Cough Large Capacity for Room, Baby, Plants, Bedroom (2.4 L) (1 Year Warranty)","Home&Kitchen|Heating,Cooling&AirQuality|Humidifiers",2236,3550,0.37,4,3973,"So far so good,Good product.,good quality product and create ultra fine mist.,Can be a Great Product,Super,Works as described though difficult to refill water,good one,Amazing"
"B0BM9H2NY9","Multifunctional 2 in 1 Electric Egg Boiling Steamer Egg Frying Pan Egg Boiler Electric Automatic Off with Egg Boiler Machine Non-Stick Electric Egg Frying Pan-Tiger Woods (Multy)","Home&Kitchen|Kitchen&HomeAppliances|SmallKitchenAppliances|EggBoilers",704,1599,0.56,4.7,2300,"Amazing! Value for money!,Very easy to use,2 in 1,Good product,Easy to clean,Good product to buy and use,Easy to operate that is simple process,Worth"
"B099FDW2ZF","Maharaja Whiteline Nano Carbon Neo, 500 Watts Room Heater (Black, White), Standard (5200100986)","Home&Kitchen|Heating,Cooling&AirQuality|RoomHeaters|ElectricHeaters",1229,1499,0.18,4.1,203,"A good heater for tiny spaces,Good purchase,Best room heater in budget especially power saving,Handle to carry & a bit high stand would have been better additions to the product.,Nice little room heater.,Metal body with carbon heating element,Needs some care to handle when carry and use,good"
"B0B935YNR7","KENT Electric Chopper-B for Kitchen 250 Watt | Chop, Mince, Puree, Whisk, 400 ml Capacity | Stainless Steel Double Chopping Blades | Transparent Chopping Bowl | Anti-Skid | One Touch Operation | Black","Home&Kitchen|Kitchen&HomeAppliances|SmallKitchenAppliances|MiniFoodProcessors&Choppers",1350,2999,0.55,3.8,441,"Helpful for my mother,Do Not Buy this product,Very cute solid and comfortable <U+0001F44C>,Very efficient,Not operational product dispatched Also u cant cancel the order, received replacement working ok,Bottom bowl is low quality plastic & not as per in the picture,Overall good product,Good material product."
"B08L12N5H1","Eureka Forbes car Vac 100 Watts Powerful Suction Vacuum Cleaner with Washable HEPA Filter, 3 Accessories,Compact,Light Weight & Easy to use (Black and Red)","Home&Kitchen|Kitchen&HomeAppliances|Vacuum,Cleaning&Ironing|Vacuums&FloorCare|Vacuums|HandheldVacuums",2099,2499,0.16,4.09658469945355,992,"Decent product,doesn't pick up sand,Ok ok,Must Buy,Good one for basic use with normal suction power,Super,First review,Perfect product for my car"
"B07GWTWFS2","KENT 16025 Sandwich Grill 700W | Non-Toxic Ceramic Coating | Automatic Temperature Cut-off with LED Indicator | Adjustable Height Control, Metallic Silver, Standard","Home&Kitchen|Kitchen&HomeAppliances|SmallKitchenAppliances|SandwichMakers",1698,1975,0.14,4.1,4716,"Only for grill sandwich use cord length is too shorthort,Decent product, has some old flaws,Good <U+0001F44D>,Every home should have this,Weak body material,but overall good product,Good one with a small issue.,Trusted brand,Nice product but cord length had to be replaced..very short"
"B09KRHXTLN","Candes Gloster All in One Silent Blower Fan Room Heater Ideal for Small and Medium Area, 2000 Watts (White)","Home&Kitchen|Heating,Cooling&AirQuality|RoomHeaters|FanHeaters",1070,1699,0.37,3.9,313,"Good product,Value for money,Auto cut is not working properly and fan continues even after auto cut...,Room heater,Worth of money,Budget friendly,Best room heater,Not satisfied with the product"
"B09H34V36W","Inalsa Electric Fan Heater Hotty - 2000 Watts Variable Temperature Control Cool/Warm/Hot Air Selector | Over Heat Protection | ISI Certification, White","Home&Kitchen|Heating,Cooling&AirQuality|RoomHeaters|FanHeaters",1347,2495,0.46,3.8,166,"Worth Buying,Very good,Good and sturdy room heater with compact design.,Inalsa Hotty Heater,Good for winter,Don't buy it go for Amazon brand,Package,Decent"
"B09J2QCKKM","Havells Zella Flap Auto Immersion Rod 1500 Watts","Home&Kitchen|Heating,Cooling&AirQuality|WaterHeaters&Geysers|ImmersionRods",1505,3500,0.57,4.1,303,"product good but service bad unexpected,Its good,Very nice product,Efficient Product,Nice,Very good and useful product as expected before buy.,Handle length is too good you can use whole dram,Very fast heating"
"B09XRBJ94N","iBELL SM1301 3-in-1 Sandwich Maker with Detachable Plates for Toast / Waffle / Grill , 750 Watt (Black)","Home&Kitchen|Kitchen&HomeAppliances|SmallKitchenAppliances|SandwichMakers",2070,4600,0.55,4.3,562,"Nice Product,Three options (toaster/grill/waffle maker) are  neatly packed into this readily usable device.,Product arrived in under 24 hrs...yet to test it,Good Quality,Very nice,Don't know why I waited so long to get this!,Value for money,Good quality, could have been somewhat lower in price"
"B0BNDGL26T","MR. BRAND Portable USB Juicer Electric USB Juice Maker Mixer Bottle Blender Grinder Mixer,6 Blades Rechargeable Bottle with (Multi color) (MULTI MIXER 6 BLED)","Home&Kitchen|Kitchen&HomeAppliances|SmallKitchenAppliances|JuicerMixerGrinders",506,2199,0.77,2.8,109,"Portable but not much powerful,not so good. power back up is very poor.its more like a toy for my 9 years old girl.,500 rs ok,Don't be fooled by ratings, not a good product,Not recommended,Worst Battery, no use,It is affordable .,User friendly blender, Recommended to buy nice products"
"B095PWLLY6","Crompton Hill Briz Deco 1200mm (48 inch) High Speed Designer Ceiling Fan (Smoked Brown)","Home&Kitchen|Heating,Cooling&AirQuality|Fans|CeilingFans",1809,2380,0.24,4,15382,"Good Fan for this Price,Good fan with high speed,A decent product for the price.,Good,Good in price,Very happy with Amazon,Good,Good"
"B07Y9PY6Y1","Sujata Powermatic Plus, Juicer Mixer Grinder with Chutney Jar, 900 Watts, 3 Jars (White)","Home&Kitchen|Kitchen&HomeAppliances|SmallKitchenAppliances|JuicerMixerGrinders",6527,8820,0.26,4.5,5137,"Best mixer juicer,Nice,Best product in this price,Good Product, can buy it.,Very easy to handle and very sturdy mixer,Realy great product... Noone providing such heavy motor.,Good product,Value for Money"
"B086GVRP63","Amazon Basics 650 Watt Drip Coffee Maker with Borosilicate Carafe","Home&Kitchen|Kitchen&HomeAppliances|Coffee,Tea&Espresso|DripCoffeeMachines",1200,2400,0.5,4.1,618,"Okay to use,Good value for a well finished product - recommended,Do not buy this product,Better than expected.,Best carafe from amazon,Build quality is not that great,Replacement parts not available or sold for twice as much as the value of the entire product,Good product"
"B08MVXPTDG","Crompton Insta Delight Fan Circulator Room Heater with 3 Heat Settings (Slate Grey & Black, 2000 Watt)","Home&Kitchen|Heating,Cooling&AirQuality|RoomHeaters|FanHeaters",2604,4200,0.38,4.1,63,"no,Good and reliable product <U+0001F44D>,Overall very fine Quality,Useful product helped my family a lot in winter,Operating switch is too hard for aged person,Sabse badhiya,Good product,Good product at this price"
"B0BMZ6SY89","!!HANEUL!!1000 Watt/2000-Watt Room Heater!! Fan Heater!!Pure White!!HN-2500!!Made in India!!Thermoset!!","Home&Kitchen|Heating,Cooling&AirQuality|RoomHeaters|FanHeaters",895,1599,0.44,3.4,15,"It's working perfect,Excellent <U+0001F44D><U+0001F920> piece,Value for money,Very good product,Good product,Good Quality <U+0001F44C>,Late delivery 12 days,Totally money West"
"B09P1MFKG1","Melbon VM-905 2000-Watt Room Heater (ISI Certified, White Color) Ideal Electric Fan Heater for Small to Medium Room/Area (Plastic Body)","Home&Kitchen|Heating,Cooling&AirQuality|RoomHeaters|FanHeaters",990,2999,0.67,4.6,9,"It's good,Happy to purchase,Product is really good.,It was excellent,Very Good Product,Heater,The final finish product is not  elegant."
"B01LY9W8AF","Cello Eliza Plastic Laundry Bag/Basket, 50 litres, Light Grey","Home&Kitchen|HomeStorage&Organization|LaundryOrganization|LaundryBaskets",1000,1282,0.22,4.2,7274,"Nice product,Ok,The lid could be more sturdier. Very thin plastic.,Not very good,Fine,Excellent product,Quality,Very good quality product,can store a week laundary"
"B07ZJND9B9","ACTIVA 1200 MM HIGH SPEED 390 RPM BEE APPROVED 5 STAR RATED APSRA CEILING FAN BROWN 2 Years Warranty","Home&Kitchen|Heating,Cooling&AirQuality|Fans|CeilingFans",1094,1990,0.45,3.9,5911,"Decently priced fan,Power saving fan low super qwality,Nice one, go for it,Fan rod was missing,Overall good fan at this price,Good,Love it .. nice product,Okay"
"B08SKZ2RMG","Demokrazy New Nova Lint Cum Fuzz Remover for All Woolens Sweaters, Blankets, Jackets Remover Pill Remover from Carpets, Curtains (Pack of 1)","Home&Kitchen|Kitchen&HomeAppliances|Vacuum,Cleaning&Ironing|Irons,Steamers&Accessories|LintShavers",480,999,0.52,4.1,1021,"Good,It's a good product. Go for it.,Easy to use,Good product, but quality is ok ok,Value for money,Gave new life to my old clothes-magical,I could not believe that this product is so good <U+2728><U+2728>,Good for woolen clothes"
"B009UORDX4","Philips Hi113 1000-Watt Plastic Body Ptfe Coating Dry Iron, Pack of 1","Home&Kitchen|Kitchen&HomeAppliances|Vacuum,Cleaning&Ironing|Irons,Steamers&Accessories|Irons|DryIrons",946,975,0.03,4.3,7223,"Good,Good product,Heating is less,Good and quality product.,Excellent product,Very good,Easy to use, better in performance,Superb Project <U+0001F970>"
"B08VGDBF3B","Kuber Industries Round Non Woven Fabric Foldable Laundry Basket|Toy Storage Basket|Cloth Storage Basket With Handles| Capicity 45 Ltr (Grey & Black)-KUBMART11446","Home&Kitchen|HomeStorage&Organization|LaundryOrganization|LaundryBaskets",394,499,0.21,4,330,"Kids toys,Value for money, good product in this range,Can go for this one,Good,Nice,Ok,Ok,Durable and bigger than my expectations"
"B012ELCYUG","Preethi MGA-502 0.4-Litre Grind and Store Jar (White), stainless steel, Set of 1","Home&Kitchen|Kitchen&HomeAppliances|SmallKitchenAppliances|SmallApplianceParts&Accessories|StandMixerAccessories",635,635,0,4.3,4570,"Good,Goos product which you can trust,Good,Cost effective,Good,Ok,Very good product,Quality"
"B07S9M8YTY","Usha Aurora 1000 W Dry Iron with Innovative Tail Light Indicator, Weilburger Soleplate (White & Grey)","Home&Kitchen|Kitchen&HomeAppliances|Vacuum,Cleaning&Ironing|Irons,Steamers&Accessories|Irons|DryIrons",723,1390,0.48,4,4867,"Not so good,Good,Best best from market.,Very good iron,V Good,Light weight value for money,Really good iron at this price,Overall good."
"B00SMFPJG0","Kent Gold, Optima, Gold+ Spare Kit","Home&Kitchen|Kitchen&HomeAppliances|WaterPurifiers&Accessories|WaterCartridges",650,670,0.03,4.1,7786,"Good quality, plz add 1 syringe with this kit,Original product,Genuine product,very good product,nice,good product,Good product no issues,<U+0C89><U+0CA4><U+0CCD><U+0CA4><U+0CAE>"
"B0BHYLCL19","AVNISH Tap Water Purifier Filter Faucet 6 Layer Carbon Activated Dust Chlorine Remover Water Softener for Drinking Cartridge Alkaline Taps for Kitchen Sink Bathroom Wash Basin (6-Layer Filtration)","Home&Kitchen|Kitchen&HomeAppliances|WaterPurifiers&Accessories|WaterPurifierAccessories",192,399,0.52,3.6,37,"Filter not effective,The best water purifier,Worth for money,Best water purifier,Sheer waste of money,Fits well for kitchen faucet,Lousy product,Waste of money"
"B0BPJBTB3F","Khaitan ORFin Fan heater for Home and kitchen-K0 2215","Home&Kitchen|Heating,Cooling&AirQuality|RoomHeaters|FanHeaters",1297,2495,0.48,2,2,"Bad quality,Amazing product.."
"B08MXJYB2V","USHA RapidMix 500-Watt Copper Motor Mixer Grinder with 3 Jars and 5 Years Warranty(Sea Green/White)","Home&Kitchen|Kitchen&HomeAppliances|SmallKitchenAppliances|MixerGrinders",2441,3390,0.28,4,5206,"Good,Superb,Nice mixer,Value for money <U+0001F4B0>,Good product,His desine,Nice,Nice"
"B081B1JL35","CSI INTERNATIONAL® Instant Water Geyser, Water Heater, Portable Water Heater, Geyser Made of First Class ABS Plastic 3KW (Red)","Home&Kitchen|Heating,Cooling&AirQuality|WaterHeaters&Geysers|InstantWaterHeaters",1050,2499,0.58,3.7,638,"Nice products,Compact,Items is not good because it's tap is not good for output,Good,Good Product,Not suitable,I liked good product,So nuc"
"B09VL9KFDB","Havells Gatik Neo 400mm Pedestal Fan (Aqua Blue)","Home&Kitchen|Heating,Cooling&AirQuality|Fans|TableFans",2394,4200,0.43,3.8,397,"plastic material not good just ok,Good for middle class range,Good,Havells fan,Oscillating knob cannot be fitted,OK toofan,In this price range very good fan,Good but you have to install the item.No one will come to install the product"
"B0B1MDZV9C","INALSA Upright Vacuum Cleaner, 2-in-1,Handheld & Stick for Home & Office Use,800W- with 16KPA Strong Suction & HEPA Filtration|0.8L Dust Tank|Includes Multiple Accessories,(Grey/Black)","Home&Kitchen|Kitchen&HomeAppliances|Vacuum,Cleaning&Ironing|Vacuums&FloorCare|Vacuums|HandheldVacuums",2292,4495,0.49,3.9,326,"Good Product,Includes relevant attachments in this price point,2 in 1 is exactly what i needed! (Read the rest for pros and cons),Value for money,Apt vacuum cleaner for my requirements, does the job,Not so satisfying, if you have other options to not choose it, then go for that other option.,Okay okay product,Product is very nice and handy but heated after used of 10 minutes. Overall performance is good."
"B08TT63N58","ROYAL STEP - AMAZON'S BRAND - Portable Electric USB Juice Maker Juicer Bottle Blender Grinder Mixer,4 Blades Rechargeable Bottle with (Multi color) (MULTI)","Home&Kitchen|Kitchen&HomeAppliances|SmallKitchenAppliances|Juicers",506,2199,0.77,3.1,3527,"Running Time is less,Not much useful.,Good one,Not so good,Useful product but improper blades,Overall good ...but can blend only very very softer fruits,Worth your Money,Worest item"
"B08YK7BBD2","Nirdambhay Mini Bag Sealer, 2 in 1 Heat Sealer and Cutter Handheld Sealing Machine Portable Bag Resealer Sealer for Plastic Bags Food Storage Snack Fresh Bag Sealer (Including 2 AA Battery)","Home&Kitchen|Kitchen&HomeAppliances|SmallKitchenAppliances|VacuumSealers",430,999,0.57,3,617,"Not worth the hype,Gud,Really useful <U+0001F603>,Product is good but when we press to seal lower part of sealer is get out automatically...,Ok product. Not generating enough heat to pack,Not up to the mark,Pocket friendly, effective and easy to use,Average"
"B07YQ5SN4H","Cello Non-Stick Aluminium Sandwich Gas Toaster(Black)","Home&Kitchen|Kitchen&HomeAppliances|SmallKitchenAppliances|SandwichMakers",298,595,0.5,4,314,"Very good product,Good,Good,Good product,Not a quality product.,good,Not value for money,Great purchase."
"B01N6IJG0F","Morphy Richards Daisy 1000W Dry Iron with American Heritage Non-Stick Coated Soleplate, White","Home&Kitchen|Kitchen&HomeAppliances|Vacuum,Cleaning&Ironing|Irons,Steamers&Accessories|Irons|DryIrons",556,1010,0.45,4.1,17325,"Good health product.,The best dry iron I have owned in last decade!,Value for money,Good,Bang on budget,Bad,light weight,Good for home use"
"B0B84QN4CN","Wipro Vesta 1200 Watt GD201 Lightweight Automatic Dry Iron| Quick Heat Up| Stylish & Sleek |Anti bacterial German Weilburger Double Coated Soleplate |2 Years Warranty","Home&Kitchen|Kitchen&HomeAppliances|Vacuum,Cleaning&Ironing|Irons,Steamers&Accessories|Irons|DryIrons",660,1100,0.4,3.6,91,"The wire is short,God,Rahul Mallah,Very nice <U+0001F44D>,Good <U+270C><U+FE0F><U+0001F91D><U+2764><U+FE0F><U+0001F44F><U+0001F44D><U+2764><U+FE0F><U+2764><U+FE0F>,Stopped working after a few days.,Excellent product pls buy,Very useful"
"B0B8ZM9RVV","Zuvexa Egg Boiler Poacher Automatic Off Steaming, Cooking, Boiling Double Layer 14 Egg Boiler (Multicolor)…","Home&Kitchen|Kitchen&HomeAppliances|SmallKitchenAppliances|EggBoilers",420,999,0.58,4.4,227,"It is very good product value for your money go for it and save some money,Nice,Easy ro use for children as well,Less time more work,Must buy <U+0001F60A> I would recommend just go for it,Super fast,No need to wait for a long time,It's a good product"
"B08ZHYNTM1","Havells Festiva 1200mm Dust Resistant Ceiling Fan (Gold Mist)","Home&Kitchen|Heating,Cooling&AirQuality|Fans|CeilingFans",2884,4005,0.28,4.3,7140,"Packaging and look wise it is awesome <U+0001F44D>,Perfect fan,Good product,Good looking bit heavy,Nice product,Good,Good fan,Looks classy"
"B09SDDQQKP","INALSA Vaccum Cleaner Handheld 800W High Powerful Motor- Dura Clean with HEPA Filtration & Strong Powerful 16KPA Suction| Lightweight, Compact & Durable Body|Includes Multiple Accessories,(Grey/Black)","Home&Kitchen|Kitchen&HomeAppliances|Vacuum,Cleaning&Ironing|Vacuums&FloorCare|Vacuums|HandheldVacuums",1812,3295,0.45,3.8,687,"Good for now,Worth Buying For Daily Cleaning,Very strong!,Convenient and powerful hand vacuum,Powerful suction of Product,Good budget buy,Powrrfully loaded for the purpose.,Handy Vacuum Cleaner"
"B0B5RP43VN","iBELL SM1515NEW Sandwich Maker with Floating Hinges, 1000Watt, Panini / Grill / Toast (Black)","Home&Kitchen|Kitchen&HomeAppliances|SmallKitchenAppliances|SandwichMakers",1488,4650,0.68,4.1,1045,"The Grill and Toaster is good,Ibell,Good product,Does what it claims.,Good product and valu for money spend,I thought Ibell sandwich maker is best brand and I can use use usually easy clean it now easy,Good Product,Good product"
"B078JF6X9B","Havells Instanio 3-Litre 4.5KW Instant Water Heater (Geyser), White Blue","Home&Kitchen|Heating,Cooling&AirQuality|WaterHeaters&Geysers|InstantWaterHeaters",3642,6070,0.4,4.2,561,"Serves unlimited hot water instantly,Very good,Go for it,Instant heating,Just go for it.,Best for instant heat water,Amazing products,Instant got water, quite literally"
"B08CGW4GYR","Milk Frother, Immersion Blender Cordlesss Foam Maker USB Rechargeable Small Mixer Handheld with 2 Stainless Whisks,Wisker for Stirring 3-Speed Adjustable Mini Frother for Cappuccino Latte Coffee Egg","Home&Kitchen|Kitchen&HomeAppliances|SmallKitchenAppliances|HandBlenders",380,999,0.62,3.6,1988,"Ok ok product,Great Tool for Kitchen,Easy and handy,Different frother machine,not as per images,Not good as I thought.,powerful,So glad that I bought this!,Good product, value for money"
"B00A328ENA","Panasonic SR-WA22H (E) Automatic Rice Cooker, Apple Green, 2.2 Liters","Home&Kitchen|Kitchen&HomeAppliances|SmallKitchenAppliances|Rice&PastaCookers",2959,3945,0.25,4.2,3740,"Good,Adequate and efficient are the most apt words.,Good product,Single rice bowl,Good,Gift of god,Nice,Looks elegant"
"B0763K5HLQ","InstaCuppa Milk Frother for Coffee - Handheld Battery-Operated Electric Milk and Coffee Frother, Stainless Steel Whisk and Stand, Portable Foam Maker for Coffee, Cappuccino, Lattes, and Egg Beaters","Home&Kitchen|Kitchen&HomeAppliances|Coffee,Tea&Espresso|MilkFrothers",1094,1499,0.27,4.1,4401,"It's okay,A must have for coffee lovers,Perfect product for making a perfect cup of coffee.,Stopped working after minimal usage,Great Product,Amazing!,Awsome,Good"
"B09PDZNSBG","Goodscity Garment Steamer for Clothes, Steam Iron Press - Vertical & Horizontal Steaming up to 22g/min, 1200 Watt, 230 ml Water tank & 30 sec Fast Heating (GC 111)","Home&Kitchen|Kitchen&HomeAppliances|Vacuum,Cleaning&Ironing|Irons,Steamers&Accessories|Irons|SteamIrons",2546,6700,0.62,4.2,611,"Useful Product,Good product,Good,Most cutest color travel iron,Good quality product.,Great quality garment steamer,Superb,Superb supportive good for garment!"
"B085LPT5F4","Solidaire 550-Watt Mixer Grinder with 3 Jars (Black) (SLD-550-B)","Home&Kitchen|Kitchen&HomeAppliances|SmallKitchenAppliances|MixerGrinders",1652,2800,0.41,3.9,2162,"Ok product 900/ma bast product  A little family product Not resturant not hotel,Heard to relief but nice <U+0001F44C>,Value for money,Discount is good,Good product for non continuous work,Good product,<U+092D><U+093E><U+0908> <U+0915><U+092D><U+0940> <U+092E><U+0924> <U+0932><U+0947><U+0928><U+093E> <U+0928><U+0939><U+0940><U+0902> <U+0924><U+094B> <U+092A><U+091B><U+0924><U+093E><U+092F><U+094B> <U+0917><U+0947> 6 <U+092E><U+0939><U+0940><U+0928><U+093E> <U+0908><U+092F><U+0942><U+091C> <U+0915><U+093F><U+092F><U+093E> <U+0939><U+0942> <U+0914><U+0930> <U+092F><U+0947> <U+0932><U+094B><U+0917> <U+0935><U+093E><U+0930><U+0902><U+091F><U+0940> <U+092D><U+0940> <U+0928><U+0939><U+0940><U+0902> <U+0926><U+0947><U+0924><U+0947> <U+0939><U+0948><U+0902>,Best product"
"B0B9RZ4G4W","Amazon Basics 300 W Hand Blender with Stainless Steel Stem for Hot/Cold Blending and In-Built Cord Hook, ISI-Marked, Black","Home&Kitchen|Kitchen&HomeAppliances|SmallKitchenAppliances|HandBlenders",799,1699,0.53,4,97,"In this price worth to go for,First Impression: Looks elegant and sturdy with classy design.,Quality product,Good,Best purchase,Value for money. Easy to use.,It splashes everywhere and not much power,best of price in Amazon basic. hand blender in other company blenders"
"B0085W2MUQ","Orpat HHB-100E 250-Watt Hand Blender (White)","Home&Kitchen|Kitchen&HomeAppliances|SmallKitchenAppliances|HandBlenders",766,970,0.21,4.2,6055,"Better than I expected!,Good,Good product,Great durability and original products,Very Nice !,Good product,Good,Good product"
"B09474JWN6","HealthSense Rechargeable Lint Remover for Clothes | Fuzz and Fur Remover | Electric Fabric Shaver, Trimmer for Clothes, Carpet, Sofa, Sweaters, Curtains | One-Year Warranty Included - New-Feel LR350","Home&Kitchen|Kitchen&HomeAppliances|Vacuum,Cleaning&Ironing|Irons,Steamers&Accessories|LintShavers",1005,1500,0.33,4.2,386,"<U+0001F44D> nice,Lint removed instantly and effortlessly,Amazing product...worth the money,Best purchase till date,Good,Works as expected,Good quality,Must have product for Winter clothes"
"B09G2VTHQM","AGARO Classic Portable Yogurt Maker, 1.2L Capacity, Electric, Automatic, Grey and White, Medium (33603)","Home&Kitchen|Kitchen&HomeAppliances|SmallKitchenAppliances|YogurtMakers",583,1295,0.55,4.1,557,"Very easy to use curd maker,Excited to try it,Good product to settle hassle free yogurt,Checking now,Good Product at this Price,Good product,Good,Best yogurt maker at this price range"
"B00B7GKXMG","Wipro Smartlife Super Deluxe Dry Iron- 1000W","Home&Kitchen|Kitchen&HomeAppliances|Vacuum,Cleaning&Ironing|Irons,Steamers&Accessories|Irons|DryIrons",697,850,0.18,4.1,1106,"it s very nice and easy to use,Good quality...go and purchase,Good,Good quality,Good product <U+0001F44D>,Good,Value for money @600<U+20B9>,Good"
"B07H3N8RJH","AmazonBasics Cylinder Bagless Vacuum Cleaner with Power Suction, Low Sound, High Energy Efficiency and 2 Years Warranty (1.5L, Black)","Home&Kitchen|Kitchen&HomeAppliances|Vacuum,Cleaning&Ironing|Vacuums&FloorCare|Vacuums|CanisterVacuums",3780,6000,0.37,4.2,11935,"Good suction power, enough for most cleaning,Worth for the price given,Okayish,Budget vacuum cleaner.,Very nice product worth it <U+0001F604>,Best vacuum cleaner,It's a really good worthy product,Simply superb"
"B07K2HVKLL","Crompton IHL 251 1500-Watt Immersion Water Heater with Copper Heating Element and IP 68 Protection","Home&Kitchen|Heating,Cooling&AirQuality|WaterHeaters&Geysers|ImmersionRods",643,1020,0.37,4.1,5059,"Nice product,Product not Quality donot buy,Wonderful product,Power Indicator is Missing,Excellent product,Value for money product,rod water heater,<U+092A><U+093E><U+0928><U+0940> <U+0917><U+0930><U+094D><U+092E> <U+0939><U+094B><U+0928><U+0947> <U+092E><U+0947><U+0902> 15 <U+092E><U+093F><U+0928><U+091F> <U+0938><U+0947> <U+091C><U+094D><U+092F><U+093E><U+0926><U+093E> <U+091F><U+093E><U+0907><U+092E> <U+0932><U+0947><U+0924><U+093E> <U+0939><U+0948><U+0902>"
"B09MQ9PDHR","SaiEllin Room Heater For Home 2000 Watts Room Heater For Bedroom | ISI Approved With 1 Year Warranty | For 250 Sq. Feet Blower Heater & Room Heaters Home For Winters","Home&Kitchen|Heating,Cooling&AirQuality|RoomHeaters|FanHeaters",980,1999,0.51,3.9,157,"Size of heater is small,good product,Power Cord is too short. How and where to use it? Do I spend further on Extension Board???,Not relatable product. No after sell service,Portable and efficient room heater,Useful product,Best Blower for the office use,Good product for room"
"B014HDJ7ZE","Bajaj Majesty Duetto Gas 6 Ltr Vertical Water Heater ( LPG), White","Home&Kitchen|Heating,Cooling&AirQuality|WaterHeaters&Geysers|InstantWaterHeaters",5360,7445,0.28,3.9,3584,"Yet to know the performance,Good,Hamara bajaj...,Battery isue,Good but PNG model is Made In China,Value for money,Expansive,Service and Installation"
"B07D2NMTTV","Black + Decker BD BXIR2201IN 2200-Watt Cord & Cordless Steam Iron (Green)","Home&Kitchen|Kitchen&HomeAppliances|Vacuum,Cleaning&Ironing|Irons,Steamers&Accessories|Irons|SteamIrons",3185,3500,0.09,4.2,1899,"No entanglement,Iron with freedom,Good Iron,Steam iron!,It’s wireless,Good,Wonderful,Light weight and very adjustable to ur family needs"
"B075K76YW1","Inalsa Hand Blender| Hand Mixer|Beater - Easy Mix, Powerful 250 Watt Motor | Variable 7 Speed Control | 1 Year Warranty | (White/Red)","Home&Kitchen|Kitchen&HomeAppliances|SmallKitchenAppliances|HandMixers",976,1395,0.3,4.2,15252,"Good,Decent,Ok,Good product,Nice,Good product,Not good as per price,small & elegant hand mixer"
"B0BNLFQDG2","Longway Blaze 2 Rod Quartz Room Heater (White, Gray, 800 watts)","Home&Kitchen|Heating,Cooling&AirQuality|RoomHeaters|ElectricHeaters",924,2199,0.58,3.7,4,"Ok product,Worth buying product,Must buyyyyy"
"B082ZQ4479","Prestige PWG 07 Wet Grinder, 2L (Multicolor) with Coconut Scraper and Atta Kneader Attachments, 200 Watt","Home&Kitchen|Kitchen&HomeAppliances|SmallKitchenAppliances|Mills&Grinders|WetGrinders",3724,4330,0.14,3.7,1662,"Good,Ease of use,Ok,Very good,Grinding is fine but during grinding little barter leaked from the drum. Kindly suggest.,Good one, but loud.,The quality is good but damaged,Ok <U+0001F44D><U+0001F44D><U+0001F44D><U+0001F44D>"
"B09Y358DZQ","Pigeon Zest Mixer Grinder 3 Speed Control 750 Watt Powerful Copper Motor with 3 Stainless Steel Jars for Dry Grinding, Wet Grinding and Making Chutney and 3 Polycarbonate lids - Blue","Home&Kitchen|Kitchen&HomeAppliances|SmallKitchenAppliances|MixerGrinders",2019,4295,0.53,3.4,422,"Not as expected,DON'T BUY pegion products, NO CUSTOMER SERVICE,Not that happy,Undoughtable,Nice product,Value for money mixer,Sound and blade,product have too much scratches on top"
"B07F366Z51","Singer Aroma 1.8 Liter Electric Kettle High Grade Stainless Steel with Cool and Touch Body and Cordless Base, 1500 watts, Auto Shut Off with Dry Boiling (Silver/Black)","Home&Kitchen|Kitchen&HomeAppliances|SmallKitchenAppliances|Kettles&HotWaterDispensers|ElectricKettles",954,2385,0.6,4.1,2311,"Useful item,OVERALL NOT VERY BAD,Good quality,For the price ok.,GOOD PRODUCT,Review,Good quality,Short cord and narrow mouth."
"B077BTLQ67","Orient Electric Aura Neo Instant 3L Water Heater (Geyser), 5-level Safety Shield, Stainless Steel Tank (White & Turquoise)","Home&Kitchen|Heating,Cooling&AirQuality|WaterHeaters&Geysers|InstantWaterHeaters",2787,4890,0.43,3.9,588,"Overall its good product,Heater is Slow,Small but useful !,Average product quality,Working Good,just missing temprature  Controller.,Nice quality,Good looking and tests patience,Good product with affodable price"
"B07YSJ7FF1","Crompton Brio 1000-Watts Dry Iron with Weilburger Coating (Sky Blue and White)","Home&Kitchen|Kitchen&HomeAppliances|Vacuum,Cleaning&Ironing|Irons,Steamers&Accessories|Irons|DryIrons",649,1100,0.41,4,3271,"Good,Easy to handling ..satisfied,Good,Good,Quality product,Good Product,Nice,Hanske taka product"
"B07TXCY3YK","Butterfly Hero Mixer Grinder, 500W, 3 Jars (Grey)","Home&Kitchen|Kitchen&HomeAppliances|SmallKitchenAppliances|MixerGrinders",2222,3899,0.43,3.9,11004,"Good quality,Super <U+0001F44C>,Worth for the money but the knob is slippery,Good product,Good quality,Nothing,Worthy product,Good"
"B00LP9RFSU","Eureka Forbes Aquasure Amrit Twin Cartridge (Pack of 2), White","Home&Kitchen|Kitchen&HomeAppliances|WaterPurifiers&Accessories|WaterPurifierAccessories",825,825,0,4,3246,"Pack of two but only one compatible,Using the product regularly,Price  is very high.,Very poor quality,Good,Good product but durability has come down over the period of time.,Great quick delivery. New product, and very reasonable cost,Good product from eureka forbes ... Worst external packing from Amazon delivery"
"B0B7L86YCB","Green Tales Heat Seal Mini Food Sealer-Impulse Machine for Sealing Plastic Bags Packaging","Home&Kitchen|Kitchen&HomeAppliances|SmallKitchenAppliances|VacuumSealers",162,300,0.46,2.6,24,"It is broken,Could have been a bit better,The first one was not working and the replacement was sent without box with a used piece,Super cool,Great,Product does not work,Product was not too good it only seal normal thin polybag,Good. Works"
"B09VPH38JS","SaleOn Instant Coal Heater 500W Charcoal Burner Electric Stove Hot Plate - Mix Colors - Pack of 1 - Only Charcoal Heater","Home&Kitchen|Kitchen&HomeAppliances|SmallKitchenAppliances|InductionCooktop",690,1499,0.54,3.8,144,"Works well enough,Overall good,Performance,Good For Tea , Coffee and Hot water Only...,Yes it's only coal heater,Na,Very good item..,Good buy"
"B01MUAUOCX","Sujata Chutney Steel Jar, 400 ml, (White), Stainless Steel","Home&Kitchen|Kitchen&HomeAppliances|SmallKitchenAppliances|SmallApplianceParts&Accessories",687,747,0.08,4.5,2280,"Hope it will last long,Superb product,This is new version, with safety locks.,Original and Good,One of the Best you can expect,Sujata chutney jar,Quality,Original Product at reasonable price"
"B09MB3DKG1","KHAITAN AVAANTE KA-2013 1200 Watt 3-Rod Halogen Heater (1200 Watts, Grey)","Home&Kitchen|Heating,Cooling&AirQuality|RoomHeaters|HalogenHeaters",2199,3999,0.45,3.5,340,"Broken product,working related issue,Satisfactory,The product needs to be checked for defects  before despatch to customer,Value for Money,Value for Money & effective,Item broken after some time .,Quality is good,"
"B07G147SZD","NEXOMS Instant Heating Water Tap Wall Mounted with 3 Pin Indian Plug (16Amp)","Home&Kitchen|Heating,Cooling&AirQuality|WaterHeaters&Geysers|InstantWaterHeaters",2697,3799,0.29,4,727,"A must buy product for every house specially in North India.,Good,Amazing product, it's worth buying,Temperature of heating,Either HOT or COLD, not mixed water.,Worthless item,Great product,Purpose is not fully served"
"B09LH32678","JIALTO Mini Waffle Maker 4 Inch- 350 Watts: Stainless Steel Non-Stick Electric Iron Machine for Individual Belgian Waffles, Pan Cakes, Paninis or Other Snacks - Aqua blue","Home&Kitchen|Kitchen&HomeAppliances|SmallKitchenAppliances|WaffleMakers&Irons",900,1999,0.55,4,832,"It’s amazing but I think waffle should be more crisp but it’s Ok.,Value for Money,Good product,Go for it!!,Takes a while to cook,Not giving it 5 stars as there was no measuring cup as promised.,Value for money,very good however size is small"
"B09R1YFL6S","Candes BlowHot All in One Silent Blower Fan Room Heater (ABS Body, White, Brown) 2000 Watts","Home&Kitchen|Heating,Cooling&AirQuality|RoomHeaters|FanHeaters",1080,2999,0.64,3.5,57,"Best performance, Best in such that cost..,Nice,Not good,Nise product best use into winter <U+2744><U+FE0F><U+2744><U+FE0F>,Deamig,Durability,The air blow output is good"
"B07Q4NJQC5","Ionix Jewellery Scale | Weight Scale | Digital Weight Machine | weight machine for gold | Electronic weighing machines for Jewellery 0.01G to 200G Small Weight Machine for Shop - Silver","Home&Kitchen|Kitchen&HomeAppliances|SmallKitchenAppliances|DigitalKitchenScales",294,599,0.51,4,1644,"Good product <U+0001F44D>,Perfect for all the stoners out there.,Good product,Nice,This is a nice and helpful product. .,Easy to use,Good,Easy to use machine"
"B097RN7BBK","Kitchen Kit Electric Kettle, 1.8L Stainless Steel Tea Kettle, Fast Boil Water Warmer with Auto Shut Off and Boil Dry Protection Tech","Home&Kitchen|Kitchen&HomeAppliances|SmallKitchenAppliances|Kettles&HotWaterDispensers|Kettle&ToasterSets",480,1999,0.76,3.4,1066,"Ok,Very good product,Broken item riceved,Everything is good but the wire length is too small,ok,Nice,So far so good,Average used"
"B097MKZHNV","Racold Pronto Pro 3Litres 3KW Vertical Instant Water Heater (Geyser)","Home&Kitchen|Heating,Cooling&AirQuality|WaterHeaters&Geysers|InstantWaterHeaters",2958,4849,0.39,4.2,7968,"Good to go for small family. Indicater and installation issues.,Very nice product,Worth buying,Best gyser,Good,Goodwill,Bit costlier than other products in the market of its kind but quality is also very good.,Working is fine"
"B07LG96SDB","ESN 999 Supreme Quality 1500W Immersion Water Heater Rod (Black)","Home&Kitchen|Heating,Cooling&AirQuality|WaterHeaters&Geysers|ImmersionRods",337,510,0.34,3.8,3195,"Poor product,Not working Properly,Average,Nice items,Cord is not enough long,Good,Goog,Everything is fine except cord length"
"B08KS2KQTK","Pajaka® South Indian Filter Coffee Maker 200 ML 2-4 Cup / Mugs / Glass | Madras Kaapi/ Kappi Drip Decoction Maker / Makers / Brewer / Pot or Drip / Dripper Made of Stainless Steel | Non-Electric Machine / Appliances / Utensils Medium Size for Home and Kitchen, Office, Cefe Traditional Item / Product | Used for making Country /Desi Style French Press Espresso Nespresso Expresso Cappuccino Instant Black Coffee | Best flavoured with Grounded Arabica Roasted Crushed Grind Coffee Beans","Home&Kitchen|Kitchen&HomeAppliances|Coffee,Tea&Espresso|DripCoffeeMachines",294,499,0.41,4.1,1456,"Okay Okay kind of product,Good quality though bit expensive,Easy to use,Quality is good,Good quality product,Just Okay,Very thin steel.,Super"
"B095K14P86","Saiyam Stainless Steel Espresso Maker Stovetop Coffee Percolator Italian Coffee Maker Moka Pot (4 Cup - 200 ml, Silver)","Home&Kitchen|Kitchen&HomeAppliances|Coffee,Tea&Espresso|StovetopEspressoPots",598,1299,0.54,4.2,590,"Excellent coffee maker,Sturdy quality product!,Good product,Just go for it!,Mokapot's upward filteration is messy,i felt its more of a joy to prepare concoction in this espresso maker,Good product,Espresso quality"
"B08K36NZSV","KONVIO NEER 10 Inch Spun Filter (PP SPUN) Cartridge Compatible for 10 Inch Pre-Filter Housing of Water Purifier | Pack of 4 Spun","Home&Kitchen|Kitchen&HomeAppliances|WaterPurifiers&Accessories|WaterPurifierAccessories",500,999,0.5,4.3,1436,"<U+0001F44D>,Good product,nice product,Satisfied,Value of money,Good filter,Excellent product,Overall this is a good product."
"B07LDPLSZC","Havells Glydo 1000 watt Dry Iron With American Heritage Non Stick Sole Plate, Aerodynamic Design, Easy Grip Temperature Knob & 2 years Warranty. (Charcoal Blue)","Home&Kitchen|Kitchen&HomeAppliances|Vacuum,Cleaning&Ironing|Irons,Steamers&Accessories|Irons|DryIrons",845,1190,0.29,4.2,4184,"Nice iron . Heating earlist,Value for money,Nice product,<U+0938><U+0941><U+092A><U+0930>,Good,Superb,Excellent product by Havells,Good"
"B07F1T31ZZ","Raffles Premium Stainless Steel South Indian Coffee Filter/Drip Coffee Maker, 2-3 Cups, 150 ml","Home&Kitchen|Kitchen&HomeAppliances|Coffee,Tea&Espresso|DripCoffeeMachines",248,400,0.38,4.1,693,"Meets expectation,Good product,High quality product,Worth the spend!,Great product,A decent filter coffee maker.,Good product for an average user.,High quality"
"B0BNDRK886","IONIX Activated Carbon Faucet Water Filters Universal Interface Home Kitchen Faucet Tap Water | Tap filter Multilayer | Clean Purifier Filter Cartridge Five Layer Water Filter-Pack of 1","Home&Kitchen|Kitchen&HomeAppliances|WaterPurifiers&Accessories|WaterPurifierAccessories",186,599,0.69,3.9,1306,"Compatible with pureit classic g2,Very good product,Best item in best price.,Good,Good one,Nyce product,Good Item With Perfect Accuracy VFM !,One star for bad delivery options"
"B09ZVJXN5L","KNYUC MART Mini Electric Handy Room Heater Compact Plug-in, The Wall Outlet 400 Watts, Handy Air Warmer Blower Adjustable Timer Digital Display","Home&Kitchen|Heating,Cooling&AirQuality|RoomHeaters|FanHeaters",779,999,0.22,3.3,8,"Quality Product,The Packing is very poor so theswitch has gone inside the heater I cannot use iy,Very good <U+0001F60A>,Easy to use, comfortable, value for money, temperature control,Effective And creative product"
"B08JKPVDKL","INKULTURE Stainless_Steel Measuring Cups & Spoon Combo for Dry or Liquid/Kitchen Gadgets for Cooking & Baking Cakes/Measuring Cup Set Combo with Handles (Set of 4 Cups & 4 Spoons)","Home&Kitchen|Kitchen&HomeAppliances|Coffee,Tea&Espresso|CoffeeMakerAccessories|MeasuringSpoons",280,699,0.6,4.3,2326,"Go for it,Good quality and price,good quality,Good to have instead of plastic one.,Looks good better to use than plastic,Good but can be better,Value for money,Good quality product"
"B09JFR8H3Q","Macmillan Aquafresh 5 Micron PS-05 10"" in PP Spun Filter Candle Set for All Type RO Water Purifier 10 inch (4)","Home&Kitchen|Kitchen&HomeAppliances|WaterPurifiers&Accessories|WaterPurifierAccessories",210,1499,0.86,3.9,1004,"RO filter candle,Good product and fit perfectly,Thermacol product,Excellent product,Quality is good, I always buy this,Not suitable for Pureit Advance,Good,Nice"
"B07LDN9Q2P","Havells D'zire 1000 watt Dry Iron With American Heritage Sole Plate, Aerodynamic Design, Easy Grip Temperature Knob & 2 years Warranty. (Mint)","Home&Kitchen|Kitchen&HomeAppliances|Vacuum,Cleaning&Ironing|Irons,Steamers&Accessories|Irons|DryIrons",894,1295,0.31,4.3,6400,"Nice product,Nice iron,Wonderful product,Best product <U+0001F44D>,Good electric iron,As expected,Acch iron hai ap order kar sakte hai,GOOD"
"B08T8KWNQ9","TE™ Instant Electric Heating Hot and Cold Water Geyser Tap Water with Digital Display (White)","Home&Kitchen|Heating,Cooling&AirQuality|WaterHeaters&Geysers|InstantWaterHeaters",1450,4999,0.71,3.6,63,"ok product,It's a good product.,Simply awsome,Nice tap hot water,It is good for short time use. Needs continuous of temp and water flow to keep it under control.,Easy to install. Highly recommended,Excellent quality,Very frauding"
"B07Y1RCCW5","ZIGMA WinoteK WinoteK Sun Instant Water Geyser, Water Heater, Portable Water Heater, Geysers Made of First Class ABS Plastic, automatic Reset Model, AE10-3 W (Yellow)","Home&Kitchen|Heating,Cooling&AirQuality|WaterHeaters&Geysers|InstantWaterHeaters",1198,2550,0.53,3.8,1181,"Water heating not good as per standard,<U+0C28><U+0C3E><U+0C15><U+0C41> <U+0C2A><U+0C4D><U+0C30><U+0C4A><U+0C21><U+0C15><U+0C4D><U+0C1F><U+0C4D> <U+0C2A><U+0C4D><U+0C32><U+0C17><U+0C4D> <U+0C21><U+0C3E><U+0C2E><U+0C47><U+0C1C><U+0C4D> <U+0C05><U+0C2F><U+0C3F><U+0C02><U+0C26><U+0C3F> <U+0C07><U+0C2A><U+0C4D><U+0C2A><U+0C41><U+0C21><U+0C41> <U+0C30><U+0C46><U+0C02><U+0C21><U+0C41> <U+0C28><U+0C46><U+0C32><U+0C32><U+0C41> <U+0C05><U+0C2F><U+0C3F><U+0C02><U+0C26><U+0C3F> <U+0C28><U+0C3E><U+0C15><U+0C41> <U+0C2A><U+0C4D><U+0C30><U+0C4A><U+0C21><U+0C15><U+0C4D><U+0C1F><U+0C4D> <U+0C2A><U+0C4D><U+0C32><U+0C17><U+0C4D> <U+0C07><U+0C2A><U+0C4D><U+0C2A><U+0C3F><U+0C02><U+0C1A><U+0C17><U+0C32><U+0C30><U+0C41>,Good Product for Heating purpose,Good product,Easy , compact and quick solution,Ok product,Not worthy,Useful"
"B0762HXMTF","KENT 11054 Alkaline Water Filter Pitcher 3.5 L | Chemical-Free Water with Balanced pH Levels 8.0 to 9.5 | Solves Acidity Issue | Equipped with Carbon and Sediment Filter - Grey","Home&Kitchen|Kitchen&HomeAppliances|WaterPurifiers&Accessories|WaterFilters&Purifiers",1794,1950,0.08,3.9,1888,"Excellent product timely delivered,It's good,Sleek useful but after some time filling water takes time,Good product,PH not certain,Awesome,Excercise Caution before buying,Almost ok"
"B00K57MR22","Sujata Dynamix DX Mixer Grinder, 900W, 3 Jars (White)","Home&Kitchen|Kitchen&HomeAppliances|SmallKitchenAppliances|MixerGrinders",6104,8478,0.28,4.6,6550,"Best mixer,Best value for money,<U+0938><U+092C><U+0938><U+0947> <U+091C><U+0930><U+0942><U+0930><U+0940> <U+092C><U+093E><U+0924> <U+092F><U+0947> <U+0939><U+0948> <U+0915><U+0947> <U+0907><U+0938><U+092E><U+0947> <U+0938><U+092C> <U+092A><U+093F><U+0938><U+094D><U+0924><U+093E> <U+0939><U+0948> <U+091A><U+093E><U+0939><U+0947> <U+092A><U+0924><U+094D><U+0925><U+0930> <U+092D><U+0940> <U+0926><U+093E><U+0932> <U+0926><U+094B><U+0964><U+0001F602><U+0964> https://youtu.be/WBPca3j306k,Noice is high compared to others,Five star product,BEST MIXI,Best in the market best in segment,Good but not best"
"B07TTSS5MP","Lifelong LLMG74 750 Watt Mixer Grinder with 3 Jars (White and Grey)","Home&Kitchen|Kitchen&HomeAppliances|SmallKitchenAppliances|MixerGrinders",1814,3299,0.45,3.8,1846,"Good product <U+0001F44D>,Value for money,Does the job which is intended from it,Nice product..,<U+0915><U+0940><U+092E><U+0924> <U+0915><U+0947> <U+0905><U+0928><U+0941><U+0938><U+093E><U+0930> <U+0905><U+091A><U+094D><U+091B><U+093E> <U+0909><U+0924><U+094D><U+092A><U+093E><U+0926> <U+0939><U+0948><U+0964>,Not satisfied as expected. <U+0001F614>,Awsme product,Good in this price"
"B09ZDVL7L8","TTK Prestige Limited Orion Mixer Grinder 500 Watts, 3 Jars (1200ml, 1000ml, 500ml) (Red)","Home&Kitchen|Kitchen&HomeAppliances|SmallKitchenAppliances|MixerGrinders",2181,3895,0.44,3.9,1085,"Good product, Value of money,Basic and Good,Good product for the price range,Best for family of 3,Value for money,Nice,Best,Nice"
"B09XHXXCFH","AGARO Regal Electric Rice Cooker, 3L Ceramic Inner Bowl, Cooks Up to 600 Gms Raw Rice, SS Steamer, Preset Cooking Functions, Preset Timer, Keep Warm Function, LED Display, Black","Home&Kitchen|Kitchen&HomeAppliances|SmallKitchenAppliances|Rice&PastaCookers",3682,5495,0.33,4.1,290,"It is a great product can be used to make dishes and curry too.,Nice and satisfied.,Good Product. Easy to use. Worth buying.,It works well.,Nice product,Its a beautiful product but very small.,Impressive product,Stylish"
"B0BL3R4RGS","VAPJA® Portable Mini Juicer Cup Blender USB Rechargeable with 4 Blades for Shakes and Smoothies Fruits Vegetables Juice Maker Grinder Mixer Strong Cutting Bottle Sports Travel Outdoors Gym (BOTTLE)","Home&Kitchen|Kitchen&HomeAppliances|SmallKitchenAppliances|JuicerMixerGrinders",649,999,0.35,3.6,4,"As smooth as it can and as fast as possible,Wrost product"
"B07P1BR7L8","Philips HD6975/00 25 Litre Digital Oven Toaster Grill, Grey, 25 liter","Home&Kitchen|Kitchen&HomeAppliances|SmallKitchenAppliances|OvenToasterGrills",8635,8995,0.04,4.4,9734,"Love it,Very good product quality,Awesome product,Phillips OTG,it has the maximum temperature of 230 last .,Looks Good, Easy and smart working,Good product,Good quality"
"B078WB1VWJ","Usha EI 3710 Heavy Weight 1000-Watt Dry Iron with Golden American Heritage Soleplate, 1.75 Kg(White)","Home&Kitchen|Kitchen&HomeAppliances|Vacuum,Cleaning&Ironing|Irons,Steamers&Accessories|Irons|DryIrons",1103,1599,0.31,4.3,4022,"It doesn't heat up,Value fir money,Ok,satisfied,Nice pic,Best iron so far,look,Ironbox stopped working after 4 months  of purchase"
"B0BP89YBC1","Campfire Spring Chef Prolix Instant Portable Water Heater Geyser 1Ltr. for Use Home Stainless Steel Baking Rack | Restaurant | Office | Labs | Clinics | Saloon | with Installation Kit (With MCB)","Home&Kitchen|Heating,Cooling&AirQuality|WaterHeaters&Geysers|InstantWaterHeaters",1505,3500,0.57,4.7,2591,"Felt very useful <U+0001F44C> but cable is short,Good in portable series of Geyser,Awesome product,Good quality,Product okay but no bill receive,Wrong Reviews uploaded for this product.,Good Product"
"B09W9V2PXG","Themisto TH-WS20 Digital Kitchen Weighing Scale Stainless Steel (5Kg)","Home&Kitchen|Kitchen&HomeAppliances|SmallKitchenAppliances|DigitalKitchenScales",760,1999,0.62,4.3,532,"Weight without the wait,Good,Good Product,Nice cute scale,Best weight machine,Must have for every kitchen,Value for money,Digital Luggage Scale with Target Value Setting"
"B09XTQFFCG","FYA Handheld Vacuum Cleaner Cordless, Wireless Hand Vacuum&Air Blower 2-in-1, Mini Portable Car Vacuum Cleaner with Powerful Suction, USB Rechargeable Vacuum for Pet Hair, Home and Car","Home&Kitchen|Kitchen&HomeAppliances|Vacuum,Cleaning&Ironing|Vacuums&FloorCare|Vacuums|HandheldVacuums",2655,3199,0.17,3.9,260,"Value for money,Good mini handheld vacuum, I use it to clean my electronics,Best in market,Quite handy and efficient,Small and powerful,Nice product,Blower leaks air,Really good portable vacuum cleaner"
"B08LVVTGZK","Lifelong LLSM120G Sandwich Griller , Classic Pro 750 W Sandwich Maker with 4 Slice Non-Stick Fixed Plates for Sandwiches at Home with 1 Year Warranty (Black)","Home&Kitchen|Kitchen&HomeAppliances|SmallKitchenAppliances|SandwichMakers",923,1300,0.29,3.9,1672,"Budget friendly best product in class,Good product,Quality,Lifelong Grill Sandwich maker,We can make anything sandwich to grill.,A very good product, go for it,Comact nice design,the facility of big sandwich maker in small size."
"B07J2BQZD6","Kuber Industries Nylon Mesh Laundry Basket|Sturdy Material & Durable Handles|Netted Lightweight Laundry Bag, Size 36 x 36 x 58, Capicity 30 Ltr (Pink)","Home&Kitchen|HomeStorage&Organization|LaundryOrganization|LaundryBaskets",200,399,0.5,3.7,7945,"Unsatisfied,Too small for home use.,Nic,Nice item,.,Good,Material is not good.,Overall product is good, but one of it is damaged"
"B07HK53XM4","Bulfyss Plastic Sticky Lint Roller Hair Remover Cleaner Set of 5 Rolls 150 Sheets, 30 Sheets Each roll Lint Roller Remover for Clothes, Furniture, Carpet, Dog Fur, Sweater, Dust & Dirt","Home&Kitchen|Kitchen&HomeAppliances|Vacuum,Cleaning&Ironing|Irons,Steamers&Accessories|LintShavers",282,599,0.53,3.5,1367,"This is a good product,Not upto the expectation,Not recommended for buying.,Very delicate product,Worth a buy,Good product,Just fine buy,Good stickiness but bad handle"
"B08RDWBYCQ","T TOPLINE 180 W Electric Hand Mixer,Hand Blender , Egg Beater, Cake maker , Beater Cream Mix, Food Blender, Beater for Whipping Cream Beater for Cake With 7 -Speed with spatula and oil brush","Home&Kitchen|Kitchen&HomeAppliances|SmallKitchenAppliances|HandBlenders",549,999,0.45,4,1313,"<U+092C><U+0922><U+093F><U+092F><U+093E> <U+0939><U+0948><U+0964><U+0935><U+091C><U+0928> <U+0915><U+092E> <U+0939><U+094B><U+0928><U+0947> <U+0915><U+0940> <U+0935><U+091C><U+0939> <U+0938><U+0947> <U+091C><U+093E><U+0926><U+093E> <U+0926><U+0947><U+0930> <U+0924><U+0915> <U+091A><U+0932><U+093E> <U+0938><U+0915><U+0924><U+0947> <U+0939><U+0948><U+0964>,Nice product and easy to use,Heating issues,Bakwas,Nice,Good product,Good product,Good product"
"B09FHHTL8L","Empty Mist Trigger Plastic Spray Bottle for Multi use 200ml Pack of 2","Home&Kitchen|HomeStorage&Organization|LaundryOrganization|IroningAccessories|SprayBottles",86,199,0.57,4.1,212,"Not satisfied,Nice,Low quality,Amazing product,Best in its category,Very good sprayer,Good,Not sturdy"
"B0BHNHMR3H","LONAXA Mini Travel Rechargeable Fruit Juicer - USB Electric Fruit & Vegetable Juice Blender/Grinder for Home and Office Use (Multicolor)…","Home&Kitchen|Kitchen&HomeAppliances|SmallKitchenAppliances|JuicerMixerGrinders",494,1299,0.62,3.9,65,"Nice product as expected...,Very good quality <U+0001F60A> love it,Its leaking product as small gap,Product is so amazing,The colour was dull.,Pretty good.,User friendly,I buy a product but in using of twice the product is not working iam totally unsatisfied of this"
"B07D8VBYB4","SUJATA Powermatic Plus, Juicer Mixer Grinder, 900 Watts, 2 Jars (White)","Home&Kitchen|Kitchen&HomeAppliances|SmallKitchenAppliances|JuicerMixerGrinders",5832,7776,0.25,4.4,2737,"Good,Power and performance,Very useful and powerful juicer,Best quality,WORLD CLASS JUCER MIXER GRINDER,Industrial grade,A better product,Good Juicer"
"B0B3TBY2YX","AGARO Royal Double Layered Kettle, 1.5 Litres, Double Layered Cool Touch , Dry Boiling Protection, Black","Home&Kitchen|Kitchen&HomeAppliances|SmallKitchenAppliances|Kettles&HotWaterDispensers|ElectricKettles",1264,2299,0.45,4.3,55,"Beautiful and functional, but could be improved (improvements written in review),Agaro kettle,Satisfied with the product,A royal black beauty.,Value for money.,Agaro kettle review,Review,Good looking  elegant, easy to use"
"B088WCFPQF","Cafe JEI French Press Coffee and Tea Maker 600ml with 4 Level Filtration System, Heat Resistant Borosilicate Glass (Black, 600ml)","Home&Kitchen|Kitchen&HomeAppliances|Coffee,Tea&Espresso|CoffeePresses",1095,1500,0.27,4.5,1065,"Absolutely loving it!,Excellent product,Very nice,Compact way to make coffee,Good one for a Black coffee lover,Excellent purchase,Great Product!,Perfect French Press! I have got two of em!"
"B07JZSG42Y","Borosil Prime Grill Sandwich Maker (Grey)","Home&Kitchen|Kitchen&HomeAppliances|SmallKitchenAppliances|SandwichMakers",1917,2590,0.26,4,2377,"Simple and easy to use,Product is fulfilling the purpose for which it was purchased.,Good product, not easy to clean,Does the job very well,Very nice sandwich maker,Good quality and received on time,Good Product i Recommend,decent grill"
"B08YRMBK9R","Candes 10 Litre Perfecto 5 Star Rated Automatic Instant Storage Electric Water Heater with Special Metal Body Anti Rust Coating With Installation Kit, 2KW Geyser (Ivory)","Home&Kitchen|Heating,Cooling&AirQuality|WaterHeaters&Geysers|StorageWaterHeaters",3275,6299,0.48,3.9,2569,"Small size is not good,It's a nice product,Gd product for this range,Value for money,Good to Buy,Nice product,Adding review after 2 months of use,Good"
"B00935MGHS","Prestige PSMFB 800 Watt Sandwich Toaster with Fixed Plates, Black","Home&Kitchen|Kitchen&HomeAppliances|SmallKitchenAppliances|SandwichMakers",1203,1795,0.33,4.2,5967,"No power butten to on and off.,Nothing,Product is Ok-Ok,It's auto close Green light is not working.,Good but cord length is short. Must be atleast 4 fts,Nice to use,Good,Good product"
"B07B5XJ572","iBELL MPK120L Premium Stainless Steel Multi Purpose Kettle/Cooker with Inner Pot 1.2 Litre (Silver)","Home&Kitchen|Kitchen&HomeAppliances|SmallKitchenAppliances|Kettles&HotWaterDispensers|ElectricKettles",1467,3190,0.54,4.1,1776,"Easy to Use,Good at this price. Looks premium,Worth for price,Seems to be good,Easy to clean & i like its cool surface.,Good kettle at a Reasonable price,Good quality,Best Thing for Bachelora"
"B086199CWG","Maharaja Whiteline Odacio Plus 550-Watt Juicer Mixer Grinder with 3 Jars (Black/Silver)","Home&Kitchen|Kitchen&HomeAppliances|SmallKitchenAppliances|JuicerMixerGrinders",3359,4799,0.3,3.7,4200,"Not bad,Noice,Quality not as expected,Item is good, but,Not bad,Nice product, product plastic and desine have an issued,easy to use,Superb one"
"B0BBWJFK5C","Shakti Technology S3 High Pressure Car Washer Machine 1800 Watts and Pressure 120 Bar for Cleaning Car, Bike & Home","Home&Kitchen|Kitchen&HomeAppliances|Vacuum,Cleaning&Ironing|PressureWashers,Steam&WindowCleaners",4859,8999,0.46,4.1,297,"iT'S VERY HEAVY,NICE PRESSURE & WORTH SPENDING:-),Recommend product for personal use.,Attractive product.,High noise and machine heating to high,Only Bucket filter  are missing..Please  send me the bucket filter only immediately.,Good Multipurpose Product.,Good product best in 5k segment .."
"B07GLS2563","Cello Quick Boil Popular Electric Kettle 1 Litre 1200 Watts | Stainless Steel body | Boiler for Water, Silver","Home&Kitchen|Kitchen&HomeAppliances|SmallKitchenAppliances|Kettles&HotWaterDispensers|Kettle&ToasterSets",1196,1899,0.37,4.2,3858,"Ok ok,Good one. Worth puechase,Average,Nice Product,Good product,Working perfectly, cord is small,Good,Has Thin plastic lid, which is not easy to clean"
"B09P182Z2H","AGARO Glory Cool Mist Ultrasonic Humidifier, 4.5Litres, For Large Area, Room, Home, Office, Adjustable Mist Output, Ceramic Ball Filter, Ultra Quiet, 360° Rotatable Nozzle, Auto Shut Off, Grey","Home&Kitchen|Heating,Cooling&AirQuality|Humidifiers",3305,5799,0.43,4.3,168,"Anyone can use it except your elderly folks. Does not come with instructions.,It’s good prodyct,Overall good,Works and gets out of your way,Water leakage after a 2 week of useage,Good reviews,Good product, delivering what was expected,mist is like a cloud"
"B0B59K1C8F","Wolpin 1 Lint Roller with 60 Sheets Remove Clothes Lint Dog Hair Dust (19 x 13 cm) Orange","Home&Kitchen|Kitchen&HomeAppliances|Vacuum,Cleaning&Ironing|Irons,Steamers&Accessories|LintShavers",176,799,0.78,3.6,101,"Not so Worth it,It is only for one use so as per me it's so costly,Not useful for pet hair,Good but one roll is available,Useful product,Vey helpful Product for my black clothes,Excellent product,Bad product. Product is of no use."
"B06Y36JKC3","Abode Kitchen Essential Measuring Cup & Spoon for Spices | for Cooking and Baking Cake | Multipurpose Tablespoon Cups with Ring Holder | (Black)","Home&Kitchen|Kitchen&HomeAppliances|Coffee,Tea&Espresso|CoffeeMakerAccessories|MeasuringSpoons",150,300,0.5,4.1,4074,"Value for money.,Good product,Good Purchase,It’s Nice,Material made of plastic,Broke in first use,Good quality,Low cost"
"B075S9FVRY","Sujata Supermix, Mixer Grinder, 900 Watts, 3 Jars (White)","Home&Kitchen|Kitchen&HomeAppliances|SmallKitchenAppliances|MixerGrinders",5472,7200,0.24,4.5,1408,"Nani's choice is still valid,Good,Value for money,Amazing,It looks great and Awesome.,Best product,Awesome <U+0001F44C>,Good working"
"B08SJVD8QD","CARDEX Digital Kitchen Weighing Machine Multipurpose Electronic Weight Scale With Back Lite LCD Display for Measuring Food, Cake, Vegetable, Fruit (KITCHEN SCALE)","Home&Kitchen|Kitchen&HomeAppliances|SmallKitchenAppliances|DigitalKitchenScales",377,389,0.03,4.2,3739,"Good,It’s okay,Cheap quality product, not worth,Good and worth for money,Worth buy,Very nice from the seller as well as from Amazon.,superb,That's a good kitchen scalar machine must buy."
"B09MFR93KS","Bajaj Rex DLX 750 W 4 Jars Mixer Grinder, White and Blue","Home&Kitchen|Kitchen&HomeAppliances|SmallKitchenAppliances|MixerGrinders",3059,5999,0.49,4,777,"Good product,Best product,not that much good,Best product,A good mixer grinder,Looks good,It’s a good product…not bad at all,Go to it"
"B07Y5FDPKV","KENT 16051 Hand Blender 300 W | 5 Variable Speed Control | Multiple Beaters & Dough Hooks | Turbo Function","Home&Kitchen|Kitchen&HomeAppliances|SmallKitchenAppliances|HandBlenders",1752,2400,0.27,4.2,14160,"Rusty Steel beater,Product delivered in good condition but a little late than expected delivery date ..,Good product,It's good if used properly.,Nice....,Worth it Buy,gud one,KENT 16051 Hand Blender 300 W"
"B0756KCV5K","Prestige PIC 15.0+ 1900-Watt Induction Cooktop (Black)","Home&Kitchen|Kitchen&HomeAppliances|SmallKitchenAppliances|InductionCooktop",3177,5295,0.4,4.2,6919,"Bad servisec,a bit costly,Favourite,Thankyou amazon for brand product which I received in good condition,Good product,Good,Prestage induction,Till now going good"
"B09HS1NDRQ","PrettyKrafts Laundry Square Shape Basket Bag/Foldable/Multipurpose/Carry Handles/Slanting Lid for Home, Cloth Storage,(Single) Jute Grey","Home&Kitchen|HomeStorage&Organization|LaundryOrganization|LaundryBaskets",392,799,0.51,3.8,287,"Nice and easy to use ,holds good no of clothes.,Average product according to the price..little expensive,Great for laundry storage,Good product.,Not much of a great product.,Very poor quality,Appears as a decent product,Value for money"
"B018SJJ0GE","Libra Roti Maker Electric Automatic | chapati Maker Electric Automatic | roti Maker Machine with 900 Watts for Making Roti/Chapati/Parathas - Stainless Steel","Home&Kitchen|Kitchen&HomeAppliances|SmallKitchenAppliances|RotiMakers",2009,2999,0.33,4.4,388,"Good.,Good product,Worth to have roti maker,Value for money,It is easy to use... time saving,Good value for money,Good,When you have Libra Chapati Maker, gathering guests is no more tension."
"B09FPP3R1D","Glen 3 in 1 Electric Multi Cooker - Steam, Cook & Egg Boiler with 350 W (SA 3035MC) - 350 Watts","Home&Kitchen|Kitchen&HomeAppliances|SmallKitchenAppliances|EggBoilers",1622,2495,0.35,4.1,827,"Nice product very easy clean,Don't buy it,nice,Multipurpose | little hard to clean,Absolutely perfect product,Must have product at home,Not good for any other use than boiler,Defective Model received - No refund, Only replace"
"B01F7B2JCI","Dynore Stainless Steel Set of 4 Measuring Cup and 4 Measuring Spoon","Home&Kitchen|Kitchen&HomeAppliances|Coffee,Tea&Espresso|CoffeeMakerAccessories|MeasuringSpoons",184,450,0.59,4.2,4971,"Good enough,Nice Choice,Best price and best quality. Just go for it.,Value for money,Steel is good.,Good,Worthy product,Good"
"B09NNZ1GF7","Lint Remover For Clothes With 1 Year Warranty Fabric Shaver Lint Shaver for Woolen Clothes Blanket Jackets Stainless Steel Blades,Bedding, Clothes and Furniture Best Remover for Fabrics Portable Lint Shavers (White Orange)","Home&Kitchen|Kitchen&HomeAppliances|Vacuum,Cleaning&Ironing|Irons,Steamers&Accessories|LintShavers",450,999,0.55,4.3,229,"Lint remover,So nice but takes longer then expected,Perfect,Works as promised,Very useful product,easy to use,Amazing product,Value for money"
"B01CS4A5V4","Monitor AC Stand/Heavy Duty Air Conditioner Outdoor Unit Mounting Bracket","Home&Kitchen|Heating,Cooling&AirQuality|Parts&Accessories|FanParts&Accessories",693,1690,0.59,4.1,3524,"Nice,Good but screws are poor quality,Strong brackets,As required,Promt delivery,tlob ralugnA,Good,Quality of material is good but painting quality need to be improved in future product"
"B0BL11S5QK","iBELL Induction Cooktop, 2000W with Auto Shut Off and Overheat Protection, BIS Certified, Black","Home&Kitchen|Kitchen&HomeAppliances|SmallKitchenAppliances|InductionCooktop",1595,3890,0.59,4.2,156,"It is nice ..and user-friendly,Really great product,Nice and easy to use,Good for light usage,Overall a valuable product in this range.,Good,Nice product,Nice product"
"B09BL2KHQW","KENT POWP-Sediment Filter 10'' Thread WCAP","Home&Kitchen|Kitchen&HomeAppliances|WaterPurifiers&Accessories|WaterPurifierAccessories",231,260,0.11,4.1,490,"Good product,Delivery at door step,Price is greater than printed price.,Original spare part,Original product,Sediment filter,Good,Authentic product"
"B081RLM75M","LACOPINE Mini Pocket Size Lint Roller (White)","Home&Kitchen|Kitchen&HomeAppliances|Vacuum,Cleaning&Ironing|Irons,Steamers&Accessories|LintShavers",371,599,0.38,3.9,82,"Great Product!!,Good product,Adhesion,Amazing product, value for money,Works just the way it is advertised,Good One !,Easy to use,Poor quality"
"B07SYYVP69","iBELL SEK170BM Premium Electric Kettle, 1.7 Litre, Stainless Steel with Coating,1500W Auto Cut-Off, Silver with Black","Home&Kitchen|Kitchen&HomeAppliances|SmallKitchenAppliances|Kettles&HotWaterDispensers|ElectricKettles",800,1950,0.59,3.9,710,"Good product,The product is amazing,Super product <U+0001F44D>,Tuta dhakkn,Good product at reasonable price,Time saving,Best product,Product look goods and easy to handle."
"B0BDZWMGZ1","Activa Easy Mix Nutri Mixer Grinder 500 Watt | Long Lasting Shock Proof ABS Body | Heavy Duty Motor With Nano - Grinding Technology","Home&Kitchen|Kitchen&HomeAppliances|SmallKitchenAppliances|MixerGrinders",1196,2990,0.6,3.8,133,"Good<U+0001F44D>,A nice product in budget price <U+0001F44C>,Not good,A good product .,Good Product,Good,Jar was leaking even after replacing the product,Good"
"B078JT7LTD","Sujata Dynamix, Mixer Grinder, 900 Watts, 3 Jars (White)","Home&Kitchen|Kitchen&HomeAppliances|SmallKitchenAppliances|MixerGrinders",6135,8073,0.24,4.6,2751,"Good product,Quality is great but chuteney jar is not working well,Good,Superb,Very good item,Super purchase,Superb <U+0001F44D>,Sujata hi lena."
"B09WF4Q7B3","Wipro Vesta 1380W Cordless Steam Iron Quick heat up with 20gm/ min Steam Burst, Scratch resistant Ceramic soleplate ,Vertical and Horizontal Ironing, Steam burst of upto .8g/ shot","Home&Kitchen|Kitchen&HomeAppliances|Vacuum,Cleaning&Ironing|Irons,Steamers&Accessories|Irons|SteamIrons",1793,2599,0.31,3.6,771,"I got a used item,Nice,The product is good but water dripping outside of the iron box,Ok product and easy to use,Suitable only for light use.,nice,Just OK. Less heating,Socket is loose."
"B00KIDSU8S","Havells Ventil Air DX 200mm Exhaust Fan (White)","Home&Kitchen|Heating,Cooling&AirQuality|Fans|ExhaustFans",2006,2360,0.15,4.2,7801,"Nice,Perfect. Reliable. Standard size. Good suction for 10*10 bathroom,Good but got costly at 1600,Good exhaust for bathroom,Good product,Request to Return/Exchange,Easy to use,No bad"
"B08WWKM5HQ","Crompton Highspeed Markle Prime 1200 mm (48 inch) Anti-Dust Ceiling Fan with Energy Efficient 55W Motor (Burgundy)","Home&Kitchen|Heating,Cooling&AirQuality|Fans|CeilingFans",2581,4780,0.46,3.9,898,"Good quality and build,Noice to high,<U+0001F44C><U+0001F44C>,Looking good,No anti dast,It is an excellent/quiet/efficient fan and the burgundy color is very good!,When it slow running It's noise out,Elegant and good quality product"
"B015GX9Y0W","Lifelong LLWM105 750-Watt Belgian Waffle Maker for Home| Makes 2 Square Shape Waffles| Non-stick Plates| Easy to Use with Indicator Lights (1 Year Warranty, Black)","Home&Kitchen|Kitchen&HomeAppliances|SmallKitchenAppliances|WaffleMakers&Irons",1200,2400,0.5,3.9,1202,"First time product user,Too short to use,Good product,Easy to use,Cost effective,Nice!!,Not great,Perfect Waffles #Waffled<U+0001F44D><U+0001F3FB>"
"B089BDBDGM","Kuber Industries Waterproof Round Laundry Bag/Hamper|Polka Dots Print Print with Handles|Foldable Bin & 45 Liter Capicity|Size 37 x 37 x 49, Pack of 1(Black & White)- CTKTC044992","Home&Kitchen|HomeStorage&Organization|LaundryOrganization|LaundryBaskets",219,249,0.12,4,1108,"Worth Buying,Utility product,Good one,Average,Super,It’s ok,Good quality and worth the money,Not so durable and sturdy"
"B0BPBG712X","Portable, Handy Compact Plug-in Portable Digital Electric Heater Fan Wall-Outlet Handy Air Warmer Blower Adjustable Timer Digital Display Heater for Home/Office/Camper (Black, 400 Watts)","Home&Kitchen|Heating,Cooling&AirQuality|RoomHeaters|FanHeaters",803,1199,0.33,4.4,17,"Nice product,Best product for use in winter season,Amazing product,This devie is portable that majes its design fantastic and easy to use!,Handy heater,Awesome product,Fantastic one,Portable and easy to use."
"B07NPBG1B4","AmazonBasics High Speed 55 Watt Oscillating Pedestal Fan, 400mm Sweep Length, White (Without Remote)","Home&Kitchen|Heating,Cooling&AirQuality|Fans|PedestalFans",1980,3300,0.4,4.1,5873,"Good quality fan,Good one...,Fraud,No remote control,Value for money,Easy to assemble,no remote control but I think worth for money(bcz low budget pedestal fan,Good,Nice fan"
"B01MRARGBW","Eco Crystal J 5 inch Cartridge (Pack of 2)","Home&Kitchen|Kitchen&HomeAppliances|WaterPurifiers&Accessories|WaterPurifierAccessories",200,400,0.5,4.1,1379,"Good,Value of money,Good Product,Good,Product Provider is super responsive, as received my order within 2 days,Good product. Very useful. Highly recommended.,Honesty and transperancy of the seller was perfect,Poor"
"B07VZYMQNZ","Borosil Rio 1.5 L Electric Kettle, Stainless Steel Inner Body, Boil Water For Tea, Coffee, Soup, Silver","Home&Kitchen|Kitchen&HomeAppliances|SmallKitchenAppliances|Kettles&HotWaterDispensers|ElectricKettles",1181,1440,0.18,4.2,1527,"Excellent product,Great Quality,Good,V good product,Overall a good product,Money waste,Good kettle, but NOT for boiling milk,Gud"
"B01L7C4IU2","Havells Ambrose 1200mm Ceiling Fan (Pearl White Wood)","Home&Kitchen|Heating,Cooling&AirQuality|Fans|CeilingFans",2192,3045,0.28,4.2,2686,"Very good product..quality is good,A good product with superb buid quality,Not happy,Good,Good,Noisy but good,Remote control spoils the fan operation,Good performance"
"B09H7JDJCW","PHILIPS Drip Coffee Maker HD7432/20, 0.6 L, Ideal for 2-7 cups, Black, Medium","Home&Kitchen|Kitchen&HomeAppliances|Coffee,Tea&Espresso|DripCoffeeMachines",2984,3595,0.17,4,178,"Spring alignment issue or overall alignment,Love it…,Only for black coffee not with mil,Great coffee maker.,Good product,Great coffee maker,Best brews coffee,Nice coffee maker"
"B07F6GXNPB","Eureka Forbes Euroclean Paper Vacuum Cleaner Dust Bags for Excel, Ace, 300, Jet Models - Set of 10","Home&Kitchen|Kitchen&HomeAppliances|Vacuum,Cleaning&Ironing|Vacuums&FloorCare|VacuumAccessories|VacuumBags|HandheldBags",255,500,0.49,4.3,2664,"Bigger size,Superb.,Vacuum Bag,Price is reasonable and not available locally,Works perfect,Genuine Eureka Forbes,nice,Very good"
"B0B97D658R","Larrito wooden Cool Mist Humidifiers Essential Oil Diffuser Aroma Air Humidifier with Colorful Change for Car, Office, Babies, humidifiers for home, air humidifier for room (WOODEN HUMIDIFIRE-A)","Home&Kitchen|Heating,Cooling&AirQuality|Humidifiers",495,799,0.38,3.6,212,"I would not really recommend it,Good,Over all good, not suitable for living room,NOT USEFUL,Great product! Works perfectly fine,Smells good,Ok,Worth it"
"B09NFSHCWN","Hilton Quartz Heater 400/800-Watt ISI 2 Rods Multi Mode Heater Long Lasting Quick Heating Extremely Warm (Grey)","Home&Kitchen|Heating,Cooling&AirQuality|RoomHeaters|ElectricHeaters",1158,1899,0.39,3.5,24,"Good,Good Design,NICE PRODUCT,Not sturdy,Good product,Best one out there!,Best in the market,Poor quality"
"B076VQS87V","Syska SDI-07 1000 W Stellar with Golden American Heritage Soleplate Dry Iron (Blue)","Home&Kitchen|Kitchen&HomeAppliances|Vacuum,Cleaning&Ironing|Irons,Steamers&Accessories|Irons|DryIrons",455,799,0.43,4.3,1868,"All fine but the cord is too short,Good quality,Great quality go and buy...,Stand nahi hota hai gir jata hai,Good iron at this price,Awesome,There was one scratch on the surface which was hide under the sticker,Superb quality"
"B09LMMFW3S","IKEA Milk Frother for Your Milk, Coffee,(Cold and hot Drinks), Black","Home&Kitchen|Kitchen&HomeAppliances|Coffee,Tea&Espresso|MilkFrothers",227,399,0.43,3.6,451,"Rechargable batteries do not fit correctly,Okay product,Great purchase.,Average,Fantastic,Just buy it...,Product is good for this price,Happy That I didn't have to go to Hyderabad for IKEA."
"B0BBLHTRM9","IONIX Tap filter Multilayer | Activated Carbon Faucet Water Filters Universal Interface Home Kitchen Faucet Tap Water Clean Purifier Filter Cartridge Five Layer Water Filter-Pack of 1","Home&Kitchen|Kitchen&HomeAppliances|WaterPurifiers&Accessories|WaterPurifierAccessories",196,699,0.72,2.9,159,"Stop working after few days,Ok. Changing every 4 months toomuch,Tap filter,Quality,Doesn't purify water,Very good product,REALLY GOOD!,Bad"
"B0BJYSCWFQ","Kitchengenix's Mini Waffle Maker 4 Inch- 350 Watts: Stainless Steel Non-Stick Electric Iron Machine for Individual Belgian Waffles, Pan Cakes, Paninis or Other Snacks (Red)","Home&Kitchen|Kitchen&HomeAppliances|SmallKitchenAppliances|WaffleMakers&Irons",900,1999,0.55,4.2,39,"Easy To Carry,Nice product,Handy and easy to use,Best,Very easy to make waffle. Best product from Amazon,easy to make,Disappointed,Very gud n very easy make waffers I love it this produt"
"B0187F2IOK","Bajaj HM-01 Powerful 250W Hand Mixer, Black","Home&Kitchen|Kitchen&HomeAppliances|SmallKitchenAppliances|HandMixers",1495,2199,0.32,4.4,6531,"If you’re a home baker, just go for it without doubt,Excellent<U+0001F44D>,Nice product,Useful,Bhari,Too good,Good for cake,Useful"
"B0B8CB7MHW","KNOWZA Electric Handheld Milk Wand Mixer Frother for Latte Coffee Hot Milk, Milk Frother for Coffee, Egg Beater, Hand Blender, Coffee Beater (BLACK COFFEE BEATER)","Home&Kitchen|Kitchen&HomeAppliances|SmallKitchenAppliances|HandBlenders",430,999,0.57,4.1,222,"Good product,Very nice product,The product Is good according to its rate,The product is nice in its working. The only issue is handling product.,Just 30 Seconds and frothy coffee ready.,Nice product,Ok product,The product is by far good"
"B07K19NYZ8","Usha Hc 812 T Thermo Fan Room Heater","Home&Kitchen|Heating,Cooling&AirQuality|RoomHeaters|FanHeaters",2336,3290,0.29,3.8,195,"Excellent,Bad Bad product. Please don't buy.,Usefully good Product,Value for money,hot air flow range not so much,Heat up immediately not working properly,Good quality,Good Product"
"B08ZXZ362Z","akiara - Makes life easy Mini Sewing Machine for Home Tailoring use | Mini Silai Machine with Sewing Kit Set Sewing Box with Thread Scissors, Needle All in One Sewing Accessories (White & Purple)","Home&Kitchen|Kitchen&HomeAppliances|SewingMachines&Accessories|Sewing&EmbroideryMachines",1549,3098,0.5,3.5,2283,"Okay,Use full only kid's clothes,Good for beginners or minor repairs,Accessories,Not good for beginners,Good product,Good for small work at home,Good product"
"B00GHL8VP2","USHA 1212 PTC with Adjustable Thermostat Fan Heater (Black/Brown, 1500-Watts).","Home&Kitchen|Heating,Cooling&AirQuality|RoomHeaters|ElectricHeaters",3493,4990,0.3,4.1,1127,"I like this product,Simple easy to use, but not much power to quickly heat-up a room,JALI GETS HEATED BUT A GOOD PRODUCT FROM USHA.,Productnis good and recommeded,Good Product. Worth its price. Thanks,A bit costly otherwise better than the competition,Useful for very small room only and consumes lot of energy,Doesn't heat Even small room"
"B0B9JZW1SQ","4 in 1 Handheld Electric Vegetable Cutter Set,Wireless Food Processor Electric Food Chopper for Garlic Chili Pepper Onion Ginger Celery Meat with Brush","Home&Kitchen|Kitchen&HomeAppliances|SmallKitchenAppliances|MiniFoodProcessors&Choppers",492,1200,0.59,3.2,113,"Cutter speed and power is very low,Nt happy wit d prdct,Not as expected,Not even worth a star,Very poor product,Not good"
"B00TI8E7BI","Philips HD9306/06 1.5-Litre Electric Kettle (Multicolor)","Home&Kitchen|Kitchen&HomeAppliances|SmallKitchenAppliances|Kettles&HotWaterDispensers|ElectricKettles",2695,2695,0,4.4,2518,"3,Sturdy and Works Flawlessly,Excellent <U+0001F44D>,Really Good Product,Cord is very small,Plug size is bigger now, comes with 15A! Please change the plug size to 5Amps,Broken material given,Good product"
"B07J9KXQCC","Libra Room Heater for Home, Room Heaters Home for Winter, Electric Heater with 2000 Watts Power as per IS Specification for Small to Medium Rooms - FH12 (Grey)","Home&Kitchen|Heating,Cooling&AirQuality|RoomHeaters|ElectricHeaters",943,2299,0.59,3.6,550,"Product functioning ok but price is quite high,Compact and effective,Nice product,AdiLakshmi,Best product,LIBRA 2000 Watt Portable Room Heater with adjustable thermostat,receive faulty product,Very good heater."
"B0B3JSWG81","NGI Store 2 Pieces Pet Hair Removers for Your Laundry Catcher Lint Remover for Washing Machine Lint Remover Reusable Portable Silica Gel Clothes Washer Dryer Floating Ball","Home&Kitchen|Kitchen&HomeAppliances|Vacuum,Cleaning&Ironing|Irons,Steamers&Accessories|LintShavers",200,999,0.8,3.1,2,"Useless"
"B08L7J3T31","Noir Aqua - 5pcs PP Spun Filter + 1 Spanner | for All Types of RO Water purifiers (5 Piece, White, 10 Inch, 5 Micron) - RO Spun Filter Cartridge Sponge Replacement Water Filter Candle","Home&Kitchen|Kitchen&HomeAppliances|WaterPurifiers&Accessories|WaterPurifierAccessories",377,919,0.59,4,1090,"Received the product without spanner,Excellent product,Satisfactory,Good product,great product,performance yet to be checked?,Value for money,Good product"
"B01M6453MB","Prestige Delight PRWO Electric Rice Cooker (1 L, White)","Home&Kitchen|Kitchen&HomeAppliances|SmallKitchenAppliances|Rice&PastaCookers",2284,3045,0.25,4.1,4118,"ok,everything was good couldn't return bcoz I needed it in emergency,Don't buy this 1 litre Prestige rice cooker. Already replaced but still got damaged product,Ideal for a small family of two.,Nice but small,Read the leaflets before you start cooking. Learn to use optimum quantity of water.,Quality excellent,Very Good product"
"B009P2LIL4","Bajaj Majesty RX10 2000 Watts Heat Convector Room Heater (White, ISI Approved)","Home&Kitchen|Heating,Cooling&AirQuality|RoomHeaters|HeatConvectors",2218,3080,0.28,3.6,468,"very good,Work but front melt after 2 month,Good one,It is durable,Review.,DEFECTIVE PRODUCT,Nice product,Nice product"
"B00J5DYCCA","Havells Ventil Air DSP 230mm Exhaust Fan (Pista Green)","Home&Kitchen|Heating,Cooling&AirQuality|Fans|ExhaustFans",1399,1890,0.26,4,8031,"Fan Speed is slow,Good quality,Good product,good,Old is gold.,Good product,Nice product,Super <U+0001F495>"
"B01486F4G6","Borosil Jumbo 1000-Watt Grill Sandwich Maker (Black)","Home&Kitchen|Kitchen&HomeAppliances|SmallKitchenAppliances|SandwichMakers",2878,3690,0.22,4.3,6987,"Works perfect,Ok good product,Nice Product. Recommend it. But cleaning its exterior is cumbersome.,Excellent product<U+270C>,A good product for household use,<U+092E><U+0941><U+091D><U+0947> <U+092C><U+093F><U+0932><U+094D><U+0915><U+0941><U+0932> <U+092D><U+0940> <U+092E><U+091C><U+093E> <U+0928><U+0939><U+0940><U+0902> <U+0906><U+092F><U+093E> <U+0914><U+0930> <U+0935><U+093E><U+092A><U+0938> <U+0915><U+0930> <U+0926><U+093F><U+092F><U+093E><U+0964>,Best product,Good"
